Workbook

Sheet Récap
A1: SubjectID | B1: Notes | C1: Profil | D1: Catégorie | E1: EQ | F1: RED | G1: Comp_Count | H1: Sess_Count | I1: Comp_FP_Ratio | J1: Frac_Long | K1: Mean_Test
A2: =EQ!A2 -> 0685c8001a43b03e0a155e1afa0c7bec2f4e82d24f7ce4843b25a441c45dd335 | B2: {=XLOOKUP(A2, Notes!A:A, Notes!B:B, "")} -> 70.2 | C2: =IFERROR(IMAGE(VLOOKUP(A2,DriveImages!A:C,3,FALSE),4,240,520),"") | D2: =IF($A2="","",IF(AND(N($G2)<=Params!$D$2,N($H2)<=Params!$E$2),"Peu actif",IF(AND(N($I2)>=Params!$F$4,N($E2)<=Params!$B$2,N($F2)<=Params!$C$2),"Efficace",IF(AND(N($F2)>=Params!$C$4,OR(N($I2)<=Params!$F$3,N($E2)>=Params!$B$4)),"Bloqué",IF(AND(OR(N($G2)>=Params!$D$4,N($H2)>=Params!$E$4),N($I2)<=Params!$F$3),"Persévérant",IF(AND(N($J2)>=Params!$G$4,OR(N($G2)<=Params!$D$3,N($H2)<=Params!$E$3)),"Sporadique","Intermédiaire")))))) -> Peu actif | E2: {=XLOOKUP(A2, EQ!A:A, EQ!B:B, "")} -> 0 | F2: {=XLOOKUP(A2, RED!A:A, RED!B:B, "")} -> 0 | G2: =XLOOKUP(A2, INDIRECT("'"&G$1&"'!A:A"), INDIRECT("'"&G$1&"'!B:B"), "") -> 4 | H2: =XLOOKUP($A2, INDIRECT("'"&H$1&"'!A:A"), INDIRECT("'"&H$1&"'!B:B"), "") -> 1 | I2: =XLOOKUP($A2, INDIRECT("'"&I$1&"'!A:A"), INDIRECT("'"&I$1&"'!B:B"), "") -> 1 | J2: =XLOOKUP($A2, INDIRECT("'"&J$1&"'!A:A"), INDIRECT("'"&J$1&"'!B:B"), "") -> 0 | K2: =XLOOKUP($A2, INDIRECT("'"&K$1&"'!A:A"), INDIRECT("'"&K$1&"'!B:B"), "") -> 0.9565215
A3: =EQ!A40 -> 69ea8e8a316c3f982db0286a71ca33c251b858994e27bb848e628967df9d15f9 | B3: {=XLOOKUP(A3, Notes!A:A, Notes!B:B, "")} -> 73.15 | C3: =IFERROR(IMAGE(VLOOKUP(A3,DriveImages!A:C,3,FALSE),4,240,520),"") | D3: =IF($A3="","",IF(AND(N($G3)<=Params!$D$2,N($H3)<=Params!$E$2),"Peu actif",IF(AND(N($I3)>=Params!$F$4,N($E3)<=Params!$B$2,N($F3)<=Params!$C$2),"Efficace",IF(AND(N($F3)>=Params!$C$4,OR(N($I3)<=Params!$F$3,N($E3)>=Params!$B$4)),"Bloqué",IF(AND(OR(N($G3)>=Params!$D$4,N($H3)>=Params!$E$4),N($I3)<=Params!$F$3),"Persévérant",IF(AND(N($J3)>=Params!$G$4,OR(N($G3)<=Params!$D$3,N($H3)<=Params!$E$3)),"Sporadique","Intermédiaire")))))) -> Efficace | E3: {=XLOOKUP(A3, EQ!A:A, EQ!B:B, "")} -> 0 | F3: {=XLOOKUP(A3, RED!A:A, RED!B:B, "")} -> 0 | G3: =XLOOKUP(A3, INDIRECT("'"&G$1&"'!A:A"), INDIRECT("'"&G$1&"'!B:B"), "") -> 4 | H3: =XLOOKUP($A3, INDIRECT("'"&H$1&"'!A:A"), INDIRECT("'"&H$1&"'!B:B"), "") -> 3 | I3: =XLOOKUP($A3, INDIRECT("'"&I$1&"'!A:A"), INDIRECT("'"&I$1&"'!B:B"), "") -> 1 | J3: =XLOOKUP($A3, INDIRECT("'"&J$1&"'!A:A"), INDIRECT("'"&J$1&"'!B:B"), "") -> 0.66666667 | K3: =XLOOKUP($A3, INDIRECT("'"&K$1&"'!A:A"), INDIRECT("'"&K$1&"'!B:B"), "") -> 0.9285715
A4: =EQ!A4 -> 091dc109aa58c7a670f4b61bc23df548fec73c05c7582dfb7c51f3a925d3618f | B4: {=XLOOKUP(A4, Notes!A:A, Notes!B:B, "")} -> 68.44 | C4: =IFERROR(IMAGE(VLOOKUP(A4,DriveImages!A:C,3,FALSE),4,240,520),"") | D4: =IF($A4="","",IF(AND(N($G4)<=Params!$D$2,N($H4)<=Params!$E$2),"Peu actif",IF(AND(N($I4)>=Params!$F$4,N($E4)<=Params!$B$2,N($F4)<=Params!$C$2),"Efficace",IF(AND(N($F4)>=Params!$C$4,OR(N($I4)<=Params!$F$3,N($E4)>=Params!$B$4)),"Bloqué",IF(AND(OR(N($G4)>=Params!$D$4,N($H4)>=Params!$E$4),N($I4)<=Params!$F$3),"Persévérant",IF(AND(N($J4)>=Params!$G$4,OR(N($G4)<=Params!$D$3,N($H4)<=Params!$E$3)),"Sporadique","Intermédiaire")))))) -> Efficace | E4: {=XLOOKUP(A4, EQ!A:A, EQ!B:B, "")} -> 0.045454545 | F4: {=XLOOKUP(A4, RED!A:A, RED!B:B, "")} -> 0.02272727 | G4: =XLOOKUP(A4, INDIRECT("'"&G$1&"'!A:A"), INDIRECT("'"&G$1&"'!B:B"), "") -> 29 | H4: =XLOOKUP($A4, INDIRECT("'"&H$1&"'!A:A"), INDIRECT("'"&H$1&"'!B:B"), "") -> 4 | I4: =XLOOKUP($A4, INDIRECT("'"&I$1&"'!A:A"), INDIRECT("'"&I$1&"'!B:B"), "") -> 0.89655172 | J4: =XLOOKUP($A4, INDIRECT("'"&J$1&"'!A:A"), INDIRECT("'"&J$1&"'!B:B"), "") -> 0.10714286 | K4: =XLOOKUP($A4, INDIRECT("'"&K$1&"'!A:A"), INDIRECT("'"&K$1&"'!B:B"), "") -> 0.87335797
A5: =EQ!A15 -> 275839578ec60b5084d5e18fccb01310e9f1b78293cad00bec043945e0f3e629 | B5: {=XLOOKUP(A5, Notes!A:A, Notes!B:B, "")} -> 70.3 | C5: =IFERROR(IMAGE(VLOOKUP(A5,DriveImages!A:C,3,FALSE),4,240,520),"") | D5: =IF($A5="","",IF(AND(N($G5)<=Params!$D$2,N($H5)<=Params!$E$2),"Peu actif",IF(AND(N($I5)>=Params!$F$4,N($E5)<=Params!$B$2,N($F5)<=Params!$C$2),"Efficace",IF(AND(N($F5)>=Params!$C$4,OR(N($I5)<=Params!$F$3,N($E5)>=Params!$B$4)),"Bloqué",IF(AND(OR(N($G5)>=Params!$D$4,N($H5)>=Params!$E$4),N($I5)<=Params!$F$3),"Persévérant",IF(AND(N($J5)>=Params!$G$4,OR(N($G5)<=Params!$D$3,N($H5)<=Params!$E$3)),"Sporadique","Intermédiaire")))))) -> Efficace | E5: {=XLOOKUP(A5, EQ!A:A, EQ!B:B, "")} -> 0 | F5: {=XLOOKUP(A5, RED!A:A, RED!B:B, "")} -> 0 | G5: =XLOOKUP(A5, INDIRECT("'"&G$1&"'!A:A"), INDIRECT("'"&G$1&"'!B:B"), "") -> 14 | H5: =XLOOKUP($A5, INDIRECT("'"&H$1&"'!A:A"), INDIRECT("'"&H$1&"'!B:B"), "") -> 3 | I5: =XLOOKUP($A5, INDIRECT("'"&I$1&"'!A:A"), INDIRECT("'"&I$1&"'!B:B"), "") -> 0.85714286 | J5: =XLOOKUP($A5, INDIRECT("'"&J$1&"'!A:A"), INDIRECT("'"&J$1&"'!B:B"), "") -> 0.15384615 | K5: =XLOOKUP($A5, INDIRECT("'"&K$1&"'!A:A"), INDIRECT("'"&K$1&"'!B:B"), "") -> 0.83724307
A6: =EQ!A86 -> cbdbb864a7b15c5903aa09adff018a3d184f25c250b86926a5bc3fd9d9169037 | B6: {=XLOOKUP(A6, Notes!A:A, Notes!B:B, "")} -> 0 | C6: =IFERROR(IMAGE(VLOOKUP(A6,DriveImages!A:C,3,FALSE),4,240,520),"") | D6: =IF($A6="","",IF(AND(N($G6)<=Params!$D$2,N($H6)<=Params!$E$2),"Peu actif",IF(AND(N($I6)>=Params!$F$4,N($E6)<=Params!$B$2,N($F6)<=Params!$C$2),"Efficace",IF(AND(N($F6)>=Params!$C$4,OR(N($I6)<=Params!$F$3,N($E6)>=Params!$B$4)),"Bloqué",IF(AND(OR(N($G6)>=Params!$D$4,N($H6)>=Params!$E$4),N($I6)<=Params!$F$3),"Persévérant",IF(AND(N($J6)>=Params!$G$4,OR(N($G6)<=Params!$D$3,N($H6)<=Params!$E$3)),"Sporadique","Intermédiaire")))))) -> Intermédiaire | E6: {=XLOOKUP(A6, EQ!A:A, EQ!B:B, "")} -> 0.25 | F6: {=XLOOKUP(A6, RED!A:A, RED!B:B, "")} -> 0.125 | G6: =XLOOKUP(A6, INDIRECT("'"&G$1&"'!A:A"), INDIRECT("'"&G$1&"'!B:B"), "") -> 14 | H6: =XLOOKUP($A6, INDIRECT("'"&H$1&"'!A:A"), INDIRECT("'"&H$1&"'!B:B"), "") -> 1 | I6: =XLOOKUP($A6, INDIRECT("'"&I$1&"'!A:A"), INDIRECT("'"&I$1&"'!B:B"), "") -> 0.85714286 | J6: =XLOOKUP($A6, INDIRECT("'"&J$1&"'!A:A"), INDIRECT("'"&J$1&"'!B:B"), "") -> 0 | K6: =XLOOKUP($A6, INDIRECT("'"&K$1&"'!A:A"), INDIRECT("'"&K$1&"'!B:B"), "") -> 0.83392486
A7: =EQ!A65 -> 95944dae06f4e15b8e63e41064092bc51db9f568df5abcdb866112b0a58a759a | B7: {=XLOOKUP(A7, Notes!A:A, Notes!B:B, "")} -> 82.53 | C7: =IFERROR(IMAGE(VLOOKUP(A7,DriveImages!A:C,3,FALSE),4,240,520),"") | D7: =IF($A7="","",IF(AND(N($G7)<=Params!$D$2,N($H7)<=Params!$E$2),"Peu actif",IF(AND(N($I7)>=Params!$F$4,N($E7)<=Params!$B$2,N($F7)<=Params!$C$2),"Efficace",IF(AND(N($F7)>=Params!$C$4,OR(N($I7)<=Params!$F$3,N($E7)>=Params!$B$4)),"Bloqué",IF(AND(OR(N($G7)>=Params!$D$4,N($H7)>=Params!$E$4),N($I7)<=Params!$F$3),"Persévérant",IF(AND(N($J7)>=Params!$G$4,OR(N($G7)<=Params!$D$3,N($H7)<=Params!$E$3)),"Sporadique","Intermédiaire")))))) -> Efficace | E7: {=XLOOKUP(A7, EQ!A:A, EQ!B:B, "")} -> 0 | F7: {=XLOOKUP(A7, RED!A:A, RED!B:B, "")} -> 0 | G7: =XLOOKUP(A7, INDIRECT("'"&G$1&"'!A:A"), INDIRECT("'"&G$1&"'!B:B"), "") -> 6 | H7: =XLOOKUP($A7, INDIRECT("'"&H$1&"'!A:A"), INDIRECT("'"&H$1&"'!B:B"), "") -> 1 | I7: =XLOOKUP($A7, INDIRECT("'"&I$1&"'!A:A"), INDIRECT("'"&I$1&"'!B:B"), "") -> 0.83333333 | J7: =XLOOKUP($A7, INDIRECT("'"&J$1&"'!A:A"), INDIRECT("'"&J$1&"'!B:B"), "") -> 0 | K7: =XLOOKUP($A7, INDIRECT("'"&K$1&"'!A:A"), INDIRECT("'"&K$1&"'!B:B"), "") -> 0.83333333
A8: =EQ!A7 -> 0ff8e00eabc873cbfaa0832c3aa0e4a4b03e6f72593a71ecf7e5b2e4d0c82e06 | B8: {=XLOOKUP(A8, Notes!A:A, Notes!B:B, "")} -> 83.25 | C8: =IFERROR(IMAGE(VLOOKUP(A8,DriveImages!A:C,3,FALSE),4,240,520),"") | D8: =IF($A8="","",IF(AND(N($G8)<=Params!$D$2,N($H8)<=Params!$E$2),"Peu actif",IF(AND(N($I8)>=Params!$F$4,N($E8)<=Params!$B$2,N($F8)<=Params!$C$2),"Efficace",IF(AND(N($F8)>=Params!$C$4,OR(N($I8)<=Params!$F$3,N($E8)>=Params!$B$4)),"Bloqué",IF(AND(OR(N($G8)>=Params!$D$4,N($H8)>=Params!$E$4),N($I8)<=Params!$F$3),"Persévérant",IF(AND(N($J8)>=Params!$G$4,OR(N($G8)<=Params!$D$3,N($H8)<=Params!$E$3)),"Sporadique","Intermédiaire")))))) -> Efficace | E8: {=XLOOKUP(A8, EQ!A:A, EQ!B:B, "")} -> 0 | F8: {=XLOOKUP(A8, RED!A:A, RED!B:B, "")} -> 0 | G8: =XLOOKUP(A8, INDIRECT("'"&G$1&"'!A:A"), INDIRECT("'"&G$1&"'!B:B"), "") -> 15 | H8: =XLOOKUP($A8, INDIRECT("'"&H$1&"'!A:A"), INDIRECT("'"&H$1&"'!B:B"), "") -> 1 | I8: =XLOOKUP($A8, INDIRECT("'"&I$1&"'!A:A"), INDIRECT("'"&I$1&"'!B:B"), "") -> 0.86666667 | J8: =XLOOKUP($A8, INDIRECT("'"&J$1&"'!A:A"), INDIRECT("'"&J$1&"'!B:B"), "") -> 0 | K8: =XLOOKUP($A8, INDIRECT("'"&K$1&"'!A:A"), INDIRECT("'"&K$1&"'!B:B"), "") -> 0.82559527
A9: =EQ!A53 -> 7ce2ef889fd3931ddf910c65e58e6b626f658d713486152c54f9f8a0e6f37375 | B9: {=XLOOKUP(A9, Notes!A:A, Notes!B:B, "")} -> 74.78 | C9: =IFERROR(IMAGE(VLOOKUP(A9,DriveImages!A:C,3,FALSE),4,240,520),"") | D9: =IF($A9="","",IF(AND(N($G9)<=Params!$D$2,N($H9)<=Params!$E$2),"Peu actif",IF(AND(N($I9)>=Params!$F$4,N($E9)<=Params!$B$2,N($F9)<=Params!$C$2),"Efficace",IF(AND(N($F9)>=Params!$C$4,OR(N($I9)<=Params!$F$3,N($E9)>=Params!$B$4)),"Bloqué",IF(AND(OR(N($G9)>=Params!$D$4,N($H9)>=Params!$E$4),N($I9)<=Params!$F$3),"Persévérant",IF(AND(N($J9)>=Params!$G$4,OR(N($G9)<=Params!$D$3,N($H9)<=Params!$E$3)),"Sporadique","Intermédiaire")))))) -> Efficace | E9: {=XLOOKUP(A9, EQ!A:A, EQ!B:B, "")} -> 0.125 | F9: {=XLOOKUP(A9, RED!A:A, RED!B:B, "")} -> 0.0625 | G9: =XLOOKUP(A9, INDIRECT("'"&G$1&"'!A:A"), INDIRECT("'"&G$1&"'!B:B"), "") -> 22 | H9: =XLOOKUP($A9, INDIRECT("'"&H$1&"'!A:A"), INDIRECT("'"&H$1&"'!B:B"), "") -> 3 | I9: =XLOOKUP($A9, INDIRECT("'"&I$1&"'!A:A"), INDIRECT("'"&I$1&"'!B:B"), "") -> 0.86363636 | J9: =XLOOKUP($A9, INDIRECT("'"&J$1&"'!A:A"), INDIRECT("'"&J$1&"'!B:B"), "") -> 0.095238095 | K9: =XLOOKUP($A9, INDIRECT("'"&K$1&"'!A:A"), INDIRECT("'"&K$1&"'!B:B"), "") -> 0.81437473
A10: =EQ!A80 -> bee686e3fcc9f3886386d09a5bbd6f4779d852c8bb282b0b6185be70704d9207 | B10: {=XLOOKUP(A10, Notes!A:A, Notes!B:B, "")} -> 85.8 | C10: =IFERROR(IMAGE(VLOOKUP(A10,DriveImages!A:C,3,FALSE),4,240,520),"") | D10: =IF($A10="","",IF(AND(N($G10)<=Params!$D$2,N($H10)<=Params!$E$2),"Peu actif",IF(AND(N($I10)>=Params!$F$4,N($E10)<=Params!$B$2,N($F10)<=Params!$C$2),"Efficace",IF(AND(N($F10)>=Params!$C$4,OR(N($I10)<=Params!$F$3,N($E10)>=Params!$B$4)),"Bloqué",IF(AND(OR(N($G10)>=Params!$D$4,N($H10)>=Params!$E$4),N($I10)<=Params!$F$3),"Persévérant",IF(AND(N($J10)>=Params!$G$4,OR(N($G10)<=Params!$D$3,N($H10)<=Params!$E$3)),"Sporadique","Intermédiaire")))))) -> Efficace | E10: {=XLOOKUP(A10, EQ!A:A, EQ!B:B, "")} -> 0 | F10: {=XLOOKUP(A10, RED!A:A, RED!B:B, "")} -> 0 | G10: =XLOOKUP(A10, INDIRECT("'"&G$1&"'!A:A"), INDIRECT("'"&G$1&"'!B:B"), "") -> 9 | H10: =XLOOKUP($A10, INDIRECT("'"&H$1&"'!A:A"), INDIRECT("'"&H$1&"'!B:B"), "") -> 1 | I10: =XLOOKUP($A10, INDIRECT("'"&I$1&"'!A:A"), INDIRECT("'"&I$1&"'!B:B"), "") -> 0.88888889 | J10: =XLOOKUP($A10, INDIRECT("'"&J$1&"'!A:A"), INDIRECT("'"&J$1&"'!B:B"), "") -> 0 | K10: =XLOOKUP($A10, INDIRECT("'"&K$1&"'!A:A"), INDIRECT("'"&K$1&"'!B:B"), "") -> 0.80886244
A11: =EQ!A91 -> d3f0d126711eb978e948a2cbeb9c2b2b0ffa79541fe717c41575d91f5e21aa61 | B11: {=XLOOKUP(A11, Notes!A:A, Notes!B:B, "")} -> 82.96 | C11: =IFERROR(IMAGE(VLOOKUP(A11,DriveImages!A:C,3,FALSE),4,240,520),"") | D11: =IF($A11="","",IF(AND(N($G11)<=Params!$D$2,N($H11)<=Params!$E$2),"Peu actif",IF(AND(N($I11)>=Params!$F$4,N($E11)<=Params!$B$2,N($F11)<=Params!$C$2),"Efficace",IF(AND(N($F11)>=Params!$C$4,OR(N($I11)<=Params!$F$3,N($E11)>=Params!$B$4)),"Bloqué",IF(AND(OR(N($G11)>=Params!$D$4,N($H11)>=Params!$E$4),N($I11)<=Params!$F$3),"Persévérant",IF(AND(N($J11)>=Params!$G$4,OR(N($G11)<=Params!$D$3,N($H11)<=Params!$E$3)),"Sporadique","Intermédiaire")))))) -> Efficace | E11: {=XLOOKUP(A11, EQ!A:A, EQ!B:B, "")} -> 0 | F11: {=XLOOKUP(A11, RED!A:A, RED!B:B, "")} -> 0 | G11: =XLOOKUP(A11, INDIRECT("'"&G$1&"'!A:A"), INDIRECT("'"&G$1&"'!B:B"), "") -> 18 | H11: =XLOOKUP($A11, INDIRECT("'"&H$1&"'!A:A"), INDIRECT("'"&H$1&"'!B:B"), "") -> 3 | I11: =XLOOKUP($A11, INDIRECT("'"&I$1&"'!A:A"), INDIRECT("'"&I$1&"'!B:B"), "") -> 0.88888889 | J11: =XLOOKUP($A11, INDIRECT("'"&J$1&"'!A:A"), INDIRECT("'"&J$1&"'!B:B"), "") -> 0.11764706 | K11: =XLOOKUP($A11, INDIRECT("'"&K$1&"'!A:A"), INDIRECT("'"&K$1&"'!B:B"), "") -> 0.79307572
A12: =EQ!A100 -> ea47fdcc277117bd663900f36ab09bad41ea1af083ccbc63647b5838e1056ebc | B12: {=XLOOKUP(A12, Notes!A:A, Notes!B:B, "")} -> 83.25 | C12: =IFERROR(IMAGE(VLOOKUP(A12,DriveImages!A:C,3,FALSE),4,240,520),"") | D12: =IF($A12="","",IF(AND(N($G12)<=Params!$D$2,N($H12)<=Params!$E$2),"Peu actif",IF(AND(N($I12)>=Params!$F$4,N($E12)<=Params!$B$2,N($F12)<=Params!$C$2),"Efficace",IF(AND(N($F12)>=Params!$C$4,OR(N($I12)<=Params!$F$3,N($E12)>=Params!$B$4)),"Bloqué",IF(AND(OR(N($G12)>=Params!$D$4,N($H12)>=Params!$E$4),N($I12)<=Params!$F$3),"Persévérant",IF(AND(N($J12)>=Params!$G$4,OR(N($G12)<=Params!$D$3,N($H12)<=Params!$E$3)),"Sporadique","Intermédiaire")))))) -> Efficace | E12: {=XLOOKUP(A12, EQ!A:A, EQ!B:B, "")} -> 0 | F12: {=XLOOKUP(A12, RED!A:A, RED!B:B, "")} -> 0 | G12: =XLOOKUP(A12, INDIRECT("'"&G$1&"'!A:A"), INDIRECT("'"&G$1&"'!B:B"), "") -> 19 | H12: =XLOOKUP($A12, INDIRECT("'"&H$1&"'!A:A"), INDIRECT("'"&H$1&"'!B:B"), "") -> 1 | I12: =XLOOKUP($A12, INDIRECT("'"&I$1&"'!A:A"), INDIRECT("'"&I$1&"'!B:B"), "") -> 0.84210526 | J12: =XLOOKUP($A12, INDIRECT("'"&J$1&"'!A:A"), INDIRECT("'"&J$1&"'!B:B"), "") -> 0 | K12: =XLOOKUP($A12, INDIRECT("'"&K$1&"'!A:A"), INDIRECT("'"&K$1&"'!B:B"), "") -> 0.77161658
A13: =EQ!A23 -> 3d85bc081b5cbae4e23792cd67c1c0fd9af811e86418a20d777c3fbe812ba910 | B13: {=XLOOKUP(A13, Notes!A:A, Notes!B:B, "")} -> 50.06 | C13: =IFERROR(IMAGE(VLOOKUP(A13,DriveImages!A:C,3,FALSE),4,240,520),"") | D13: =IF($A13="","",IF(AND(N($G13)<=Params!$D$2,N($H13)<=Params!$E$2),"Peu actif",IF(AND(N($I13)>=Params!$F$4,N($E13)<=Params!$B$2,N($F13)<=Params!$C$2),"Efficace",IF(AND(N($F13)>=Params!$C$4,OR(N($I13)<=Params!$F$3,N($E13)>=Params!$B$4)),"Bloqué",IF(AND(OR(N($G13)>=Params!$D$4,N($H13)>=Params!$E$4),N($I13)<=Params!$F$3),"Persévérant",IF(AND(N($J13)>=Params!$G$4,OR(N($G13)<=Params!$D$3,N($H13)<=Params!$E$3)),"Sporadique","Intermédiaire")))))) -> Efficace | E13: {=XLOOKUP(A13, EQ!A:A, EQ!B:B, "")} -> 0 | F13: {=XLOOKUP(A13, RED!A:A, RED!B:B, "")} -> 0 | G13: =XLOOKUP(A13, INDIRECT("'"&G$1&"'!A:A"), INDIRECT("'"&G$1&"'!B:B"), "") -> 5 | H13: =XLOOKUP($A13, INDIRECT("'"&H$1&"'!A:A"), INDIRECT("'"&H$1&"'!B:B"), "") -> 2 | I13: =XLOOKUP($A13, INDIRECT("'"&I$1&"'!A:A"), INDIRECT("'"&I$1&"'!B:B"), "") -> 1 | J13: =XLOOKUP($A13, INDIRECT("'"&J$1&"'!A:A"), INDIRECT("'"&J$1&"'!B:B"), "") -> 0.25 | K13: =XLOOKUP($A13, INDIRECT("'"&K$1&"'!A:A"), INDIRECT("'"&K$1&"'!B:B"), "") -> 0.7545456
A14: =EQ!A5 -> 0973288c77f97c9245c444f90526bc6137bc40b48200197fd5bb6134f618f165 | B14: {=XLOOKUP(A14, Notes!A:A, Notes!B:B, "")} -> 49.89 | C14: =IFERROR(IMAGE(VLOOKUP(A14,DriveImages!A:C,3,FALSE),4,240,520),"") | D14: =IF($A14="","",IF(AND(N($G14)<=Params!$D$2,N($H14)<=Params!$E$2),"Peu actif",IF(AND(N($I14)>=Params!$F$4,N($E14)<=Params!$B$2,N($F14)<=Params!$C$2),"Efficace",IF(AND(N($F14)>=Params!$C$4,OR(N($I14)<=Params!$F$3,N($E14)>=Params!$B$4)),"Bloqué",IF(AND(OR(N($G14)>=Params!$D$4,N($H14)>=Params!$E$4),N($I14)<=Params!$F$3),"Persévérant",IF(AND(N($J14)>=Params!$G$4,OR(N($G14)<=Params!$D$3,N($H14)<=Params!$E$3)),"Sporadique","Intermédiaire")))))) -> Efficace | E14: {=XLOOKUP(A14, EQ!A:A, EQ!B:B, "")} -> 0.125 | F14: {=XLOOKUP(A14, RED!A:A, RED!B:B, "")} -> 0.0625 | G14: =XLOOKUP(A14, INDIRECT("'"&G$1&"'!A:A"), INDIRECT("'"&G$1&"'!B:B"), "") -> 16 | H14: =XLOOKUP($A14, INDIRECT("'"&H$1&"'!A:A"), INDIRECT("'"&H$1&"'!B:B"), "") -> 1 | I14: =XLOOKUP($A14, INDIRECT("'"&I$1&"'!A:A"), INDIRECT("'"&I$1&"'!B:B"), "") -> 0.8125 | J14: =XLOOKUP($A14, INDIRECT("'"&J$1&"'!A:A"), INDIRECT("'"&J$1&"'!B:B"), "") -> 0 | K14: =XLOOKUP($A14, INDIRECT("'"&K$1&"'!A:A"), INDIRECT("'"&K$1&"'!B:B"), "") -> 0.74572175
A15: =EQ!A8 -> 109c6e9ad83923fec425f5948621a620bad8efb25d507dbead8bcfa627bc55e6 | B15: {=XLOOKUP(A15, Notes!A:A, Notes!B:B, "")} -> 93.25 | C15: =IFERROR(IMAGE(VLOOKUP(A15,DriveImages!A:C,3,FALSE),4,240,520),"") | D15: =IF($A15="","",IF(AND(N($G15)<=Params!$D$2,N($H15)<=Params!$E$2),"Peu actif",IF(AND(N($I15)>=Params!$F$4,N($E15)<=Params!$B$2,N($F15)<=Params!$C$2),"Efficace",IF(AND(N($F15)>=Params!$C$4,OR(N($I15)<=Params!$F$3,N($E15)>=Params!$B$4)),"Bloqué",IF(AND(OR(N($G15)>=Params!$D$4,N($H15)>=Params!$E$4),N($I15)<=Params!$F$3),"Persévérant",IF(AND(N($J15)>=Params!$G$4,OR(N($G15)<=Params!$D$3,N($H15)<=Params!$E$3)),"Sporadique","Intermédiaire")))))) -> Efficace | E15: {=XLOOKUP(A15, EQ!A:A, EQ!B:B, "")} -> 0 | F15: {=XLOOKUP(A15, RED!A:A, RED!B:B, "")} -> 0 | G15: =XLOOKUP(A15, INDIRECT("'"&G$1&"'!A:A"), INDIRECT("'"&G$1&"'!B:B"), "") -> 18 | H15: =XLOOKUP($A15, INDIRECT("'"&H$1&"'!A:A"), INDIRECT("'"&H$1&"'!B:B"), "") -> 1 | I15: =XLOOKUP($A15, INDIRECT("'"&I$1&"'!A:A"), INDIRECT("'"&I$1&"'!B:B"), "") -> 0.77777778 | J15: =XLOOKUP($A15, INDIRECT("'"&J$1&"'!A:A"), INDIRECT("'"&J$1&"'!B:B"), "") -> 0 | K15: =XLOOKUP($A15, INDIRECT("'"&K$1&"'!A:A"), INDIRECT("'"&K$1&"'!B:B"), "") -> 0.73544978
A16: =EQ!A38 -> 5e8589d4cd67c4b88f84e378d72875ccd07de5c9e20cc666bbf217de9d3567b4 | B16: {=XLOOKUP(A16, Notes!A:A, Notes!B:B, "")} -> 89.45 | C16: =IFERROR(IMAGE(VLOOKUP(A16,DriveImages!A:C,3,FALSE),4,240,520),"") | D16: =IF($A16="","",IF(AND(N($G16)<=Params!$D$2,N($H16)<=Params!$E$2),"Peu actif",IF(AND(N($I16)>=Params!$F$4,N($E16)<=Params!$B$2,N($F16)<=Params!$C$2),"Efficace",IF(AND(N($F16)>=Params!$C$4,OR(N($I16)<=Params!$F$3,N($E16)>=Params!$B$4)),"Bloqué",IF(AND(OR(N($G16)>=Params!$D$4,N($H16)>=Params!$E$4),N($I16)<=Params!$F$3),"Persévérant",IF(AND(N($J16)>=Params!$G$4,OR(N($G16)<=Params!$D$3,N($H16)<=Params!$E$3)),"Sporadique","Intermédiaire")))))) -> Efficace | E16: {=XLOOKUP(A16, EQ!A:A, EQ!B:B, "")} -> 0 | F16: {=XLOOKUP(A16, RED!A:A, RED!B:B, "")} -> 0 | G16: =XLOOKUP(A16, INDIRECT("'"&G$1&"'!A:A"), INDIRECT("'"&G$1&"'!B:B"), "") -> 23 | H16: =XLOOKUP($A16, INDIRECT("'"&H$1&"'!A:A"), INDIRECT("'"&H$1&"'!B:B"), "") -> 3 | I16: =XLOOKUP($A16, INDIRECT("'"&I$1&"'!A:A"), INDIRECT("'"&I$1&"'!B:B"), "") -> 0.86956522 | J16: =XLOOKUP($A16, INDIRECT("'"&J$1&"'!A:A"), INDIRECT("'"&J$1&"'!B:B"), "") -> 0.090909091 | K16: =XLOOKUP($A16, INDIRECT("'"&K$1&"'!A:A"), INDIRECT("'"&K$1&"'!B:B"), "") -> 0.6788357
A17: =EQ!A18 -> 322817f4854f2f71b85db9d2e7c04e4a44c91ea866c689f277a658abc7d22b12 | B17: {=XLOOKUP(A17, Notes!A:A, Notes!B:B, "")} -> 35.44 | C17: =IFERROR(IMAGE(VLOOKUP(A17,DriveImages!A:C,3,FALSE),4,240,520),"") | D17: =IF($A17="","",IF(AND(N($G17)<=Params!$D$2,N($H17)<=Params!$E$2),"Peu actif",IF(AND(N($I17)>=Params!$F$4,N($E17)<=Params!$B$2,N($F17)<=Params!$C$2),"Efficace",IF(AND(N($F17)>=Params!$C$4,OR(N($I17)<=Params!$F$3,N($E17)>=Params!$B$4)),"Bloqué",IF(AND(OR(N($G17)>=Params!$D$4,N($H17)>=Params!$E$4),N($I17)<=Params!$F$3),"Persévérant",IF(AND(N($J17)>=Params!$G$4,OR(N($G17)<=Params!$D$3,N($H17)<=Params!$E$3)),"Sporadique","Intermédiaire")))))) -> Efficace | E17: {=XLOOKUP(A17, EQ!A:A, EQ!B:B, "")} -> 0 | F17: {=XLOOKUP(A17, RED!A:A, RED!B:B, "")} -> 0 | G17: =XLOOKUP($A17, INDIRECT("'"&G$1&"'!A:A"), INDIRECT("'"&G$1&"'!B:B"), "") -> 17 | H17: =XLOOKUP($A17, INDIRECT("'"&H$1&"'!A:A"), INDIRECT("'"&H$1&"'!B:B"), "") -> 3 | I17: =XLOOKUP($A17, INDIRECT("'"&I$1&"'!A:A"), INDIRECT("'"&I$1&"'!B:B"), "") -> 0.94117647 | J17: =XLOOKUP($A17, INDIRECT("'"&J$1&"'!A:A"), INDIRECT("'"&J$1&"'!B:B"), "") -> 0.125 | K17: =XLOOKUP($A17, INDIRECT("'"&K$1&"'!A:A"), INDIRECT("'"&K$1&"'!B:B"), "") -> 0.67851659
A18: =EQ!A12 -> 22d436278c2d2678362e2b3102b5bfa9227eecad30f599801b730e0cc7acd1c6 | B18: {=XLOOKUP(A18, Notes!A:A, Notes!B:B, "")} -> 67.1 | C18: =IFERROR(IMAGE(VLOOKUP(A18,DriveImages!A:C,3,FALSE),4,240,520),"") | D18: =IF($A18="","",IF(AND(N($G18)<=Params!$D$2,N($H18)<=Params!$E$2),"Peu actif",IF(AND(N($I18)>=Params!$F$4,N($E18)<=Params!$B$2,N($F18)<=Params!$C$2),"Efficace",IF(AND(N($F18)>=Params!$C$4,OR(N($I18)<=Params!$F$3,N($E18)>=Params!$B$4)),"Bloqué",IF(AND(OR(N($G18)>=Params!$D$4,N($H18)>=Params!$E$4),N($I18)<=Params!$F$3),"Persévérant",IF(AND(N($J18)>=Params!$G$4,OR(N($G18)<=Params!$D$3,N($H18)<=Params!$E$3)),"Sporadique","Intermédiaire")))))) -> Intermédiaire | E18: {=XLOOKUP(A18, EQ!A:A, EQ!B:B, "")} -> 0.14285714 | F18: {=XLOOKUP(A18, RED!A:A, RED!B:B, "")} -> 0.07142857 | G18: =XLOOKUP(A18, INDIRECT("'"&G$1&"'!A:A"), INDIRECT("'"&G$1&"'!B:B"), "") -> 13 | H18: =XLOOKUP($A18, INDIRECT("'"&H$1&"'!A:A"), INDIRECT("'"&H$1&"'!B:B"), "") -> 5 | I18: =XLOOKUP($A18, INDIRECT("'"&I$1&"'!A:A"), INDIRECT("'"&I$1&"'!B:B"), "") -> 0.76923077 | J18: =XLOOKUP($A18, INDIRECT("'"&J$1&"'!A:A"), INDIRECT("'"&J$1&"'!B:B"), "") -> 0.33333333 | K18: =XLOOKUP($A18, INDIRECT("'"&K$1&"'!A:A"), INDIRECT("'"&K$1&"'!B:B"), "") -> 0.67445054
A19: =EQ!A16 -> 2a9dda5adde456cb4c1ec3735fde1d4591c3b0780ef3d82b8c7fed613382e82f | B19: {=XLOOKUP(A19, Notes!A:A, Notes!B:B, "")} -> 77.44 | C19: =IFERROR(IMAGE(VLOOKUP(A19,DriveImages!A:C,3,FALSE),4,240,520),"") | D19: =IF($A19="","",IF(AND(N($G19)<=Params!$D$2,N($H19)<=Params!$E$2),"Peu actif",IF(AND(N($I19)>=Params!$F$4,N($E19)<=Params!$B$2,N($F19)<=Params!$C$2),"Efficace",IF(AND(N($F19)>=Params!$C$4,OR(N($I19)<=Params!$F$3,N($E19)>=Params!$B$4)),"Bloqué",IF(AND(OR(N($G19)>=Params!$D$4,N($H19)>=Params!$E$4),N($I19)<=Params!$F$3),"Persévérant",IF(AND(N($J19)>=Params!$G$4,OR(N($G19)<=Params!$D$3,N($H19)<=Params!$E$3)),"Sporadique","Intermédiaire")))))) -> Intermédiaire | E19: {=XLOOKUP(A19, EQ!A:A, EQ!B:B, "")} -> 0.375 | F19: {=XLOOKUP(A19, RED!A:A, RED!B:B, "")} -> 0.28125 | G19: =XLOOKUP(A19, INDIRECT("'"&G$1&"'!A:A"), INDIRECT("'"&G$1&"'!B:B"), "") -> 17 | H19: =XLOOKUP($A19, INDIRECT("'"&H$1&"'!A:A"), INDIRECT("'"&H$1&"'!B:B"), "") -> 1 | I19: =XLOOKUP($A19, INDIRECT("'"&I$1&"'!A:A"), INDIRECT("'"&I$1&"'!B:B"), "") -> 0.70588235 | J19: =XLOOKUP($A19, INDIRECT("'"&J$1&"'!A:A"), INDIRECT("'"&J$1&"'!B:B"), "") -> 0 | K19: =XLOOKUP($A19, INDIRECT("'"&K$1&"'!A:A"), INDIRECT("'"&K$1&"'!B:B"), "") -> 0.66666671
A20: =EQ!A103 -> f1adcb66d665ecba393da1490aca01e322bebd658ae2ef41aadee9ec7106def2 | B20: {=XLOOKUP(A20, Notes!A:A, Notes!B:B, "")} -> 93.16 | C20: =IFERROR(IMAGE(VLOOKUP(A20,DriveImages!A:C,3,FALSE),4,240,520),"") | D20: =IF($A20="","",IF(AND(N($G20)<=Params!$D$2,N($H20)<=Params!$E$2),"Peu actif",IF(AND(N($I20)>=Params!$F$4,N($E20)<=Params!$B$2,N($F20)<=Params!$C$2),"Efficace",IF(AND(N($F20)>=Params!$C$4,OR(N($I20)<=Params!$F$3,N($E20)>=Params!$B$4)),"Bloqué",IF(AND(OR(N($G20)>=Params!$D$4,N($H20)>=Params!$E$4),N($I20)<=Params!$F$3),"Persévérant",IF(AND(N($J20)>=Params!$G$4,OR(N($G20)<=Params!$D$3,N($H20)<=Params!$E$3)),"Sporadique","Intermédiaire")))))) -> Efficace | E20: {=XLOOKUP(A20, EQ!A:A, EQ!B:B, "")} -> 0 | F20: {=XLOOKUP(A20, RED!A:A, RED!B:B, "")} -> 0 | G20: =XLOOKUP(A20, INDIRECT("'"&G$1&"'!A:A"), INDIRECT("'"&G$1&"'!B:B"), "") -> 4 | H20: =XLOOKUP($A20, INDIRECT("'"&H$1&"'!A:A"), INDIRECT("'"&H$1&"'!B:B"), "") -> 2 | I20: =XLOOKUP($A20, INDIRECT("'"&I$1&"'!A:A"), INDIRECT("'"&I$1&"'!B:B"), "") -> 0.75 | J20: =XLOOKUP($A20, INDIRECT("'"&J$1&"'!A:A"), INDIRECT("'"&J$1&"'!B:B"), "") -> 0.33333333 | K20: =XLOOKUP($A20, INDIRECT("'"&K$1&"'!A:A"), INDIRECT("'"&K$1&"'!B:B"), "") -> 0.659091
A21: =EQ!A64 -> 950ed53de307960251af3e387e595945da87494d2d2edf58b103f58f4ccfef78 | B21: {=XLOOKUP(A21, Notes!A:A, Notes!B:B, "")} -> 43.28 | C21: =IFERROR(IMAGE(VLOOKUP(A21,DriveImages!A:C,3,FALSE),4,240,520),"") | D21: =IF($A21="","",IF(AND(N($G21)<=Params!$D$2,N($H21)<=Params!$E$2),"Peu actif",IF(AND(N($I21)>=Params!$F$4,N($E21)<=Params!$B$2,N($F21)<=Params!$C$2),"Efficace",IF(AND(N($F21)>=Params!$C$4,OR(N($I21)<=Params!$F$3,N($E21)>=Params!$B$4)),"Bloqué",IF(AND(OR(N($G21)>=Params!$D$4,N($H21)>=Params!$E$4),N($I21)<=Params!$F$3),"Persévérant",IF(AND(N($J21)>=Params!$G$4,OR(N($G21)<=Params!$D$3,N($H21)<=Params!$E$3)),"Sporadique","Intermédiaire")))))) -> Efficace | E21: {=XLOOKUP(A21, EQ!A:A, EQ!B:B, "")} -> 0 | F21: {=XLOOKUP(A21, RED!A:A, RED!B:B, "")} -> 0 | G21: =XLOOKUP(A21, INDIRECT("'"&G$1&"'!A:A"), INDIRECT("'"&G$1&"'!B:B"), "") -> 7 | H21: =XLOOKUP($A21, INDIRECT("'"&H$1&"'!A:A"), INDIRECT("'"&H$1&"'!B:B"), "") -> 3 | I21: =XLOOKUP($A21, INDIRECT("'"&I$1&"'!A:A"), INDIRECT("'"&I$1&"'!B:B"), "") -> 0.85714286 | J21: =XLOOKUP($A21, INDIRECT("'"&J$1&"'!A:A"), INDIRECT("'"&J$1&"'!B:B"), "") -> 0.33333333 | K21: =XLOOKUP($A21, INDIRECT("'"&K$1&"'!A:A"), INDIRECT("'"&K$1&"'!B:B"), "") -> 0.65306129
A22: =EQ!A76 -> b2c90b16a2864cf16993f00192cdb13ee656ac6cd53f745acd473a25224cd05d | B22: {=XLOOKUP(A22, Notes!A:A, Notes!B:B, "")} -> 58.25 | C22: =IFERROR(IMAGE(VLOOKUP(A22,DriveImages!A:C,3,FALSE),4,240,520),"") | D22: =IF($A22="","",IF(AND(N($G22)<=Params!$D$2,N($H22)<=Params!$E$2),"Peu actif",IF(AND(N($I22)>=Params!$F$4,N($E22)<=Params!$B$2,N($F22)<=Params!$C$2),"Efficace",IF(AND(N($F22)>=Params!$C$4,OR(N($I22)<=Params!$F$3,N($E22)>=Params!$B$4)),"Bloqué",IF(AND(OR(N($G22)>=Params!$D$4,N($H22)>=Params!$E$4),N($I22)<=Params!$F$3),"Persévérant",IF(AND(N($J22)>=Params!$G$4,OR(N($G22)<=Params!$D$3,N($H22)<=Params!$E$3)),"Sporadique","Intermédiaire")))))) -> Efficace | E22: {=XLOOKUP(A22, EQ!A:A, EQ!B:B, "")} -> 0.076923077 | F22: {=XLOOKUP(A22, RED!A:A, RED!B:B, "")} -> 0.03846154 | G22: =XLOOKUP(A22, INDIRECT("'"&G$1&"'!A:A"), INDIRECT("'"&G$1&"'!B:B"), "") -> 21 | H22: =XLOOKUP($A22, INDIRECT("'"&H$1&"'!A:A"), INDIRECT("'"&H$1&"'!B:B"), "") -> 6 | I22: =XLOOKUP($A22, INDIRECT("'"&I$1&"'!A:A"), INDIRECT("'"&I$1&"'!B:B"), "") -> 0.76190476 | J22: =XLOOKUP($A22, INDIRECT("'"&J$1&"'!A:A"), INDIRECT("'"&J$1&"'!B:B"), "") -> 0.25 | K22: =XLOOKUP($A22, INDIRECT("'"&K$1&"'!A:A"), INDIRECT("'"&K$1&"'!B:B"), "") -> 0.64557824
A23: =EQ!A72 -> ad1624c5c3a02a3a3b3dcb044b912998b64ca2e7cd54abe79476f86a41a3234b | B23: {=XLOOKUP(A23, Notes!A:A, Notes!B:B, "")} -> 55.71 | C23: =IFERROR(IMAGE(VLOOKUP(A23,DriveImages!A:C,3,FALSE),4,240,520),"") | D23: =IF($A23="","",IF(AND(N($G23)<=Params!$D$2,N($H23)<=Params!$E$2),"Peu actif",IF(AND(N($I23)>=Params!$F$4,N($E23)<=Params!$B$2,N($F23)<=Params!$C$2),"Efficace",IF(AND(N($F23)>=Params!$C$4,OR(N($I23)<=Params!$F$3,N($E23)>=Params!$B$4)),"Bloqué",IF(AND(OR(N($G23)>=Params!$D$4,N($H23)>=Params!$E$4),N($I23)<=Params!$F$3),"Persévérant",IF(AND(N($J23)>=Params!$G$4,OR(N($G23)<=Params!$D$3,N($H23)<=Params!$E$3)),"Sporadique","Intermédiaire")))))) -> Efficace | E23: {=XLOOKUP(A23, EQ!A:A, EQ!B:B, "")} -> 0 | F23: {=XLOOKUP(A23, RED!A:A, RED!B:B, "")} -> 0 | G23: =XLOOKUP(A23, INDIRECT("'"&G$1&"'!A:A"), INDIRECT("'"&G$1&"'!B:B"), "") -> 7 | H23: =XLOOKUP($A23, INDIRECT("'"&H$1&"'!A:A"), INDIRECT("'"&H$1&"'!B:B"), "") -> 3 | I23: =XLOOKUP($A23, INDIRECT("'"&I$1&"'!A:A"), INDIRECT("'"&I$1&"'!B:B"), "") -> 0.85714286 | J23: =XLOOKUP($A23, INDIRECT("'"&J$1&"'!A:A"), INDIRECT("'"&J$1&"'!B:B"), "") -> 0.33333333 | K23: =XLOOKUP($A23, INDIRECT("'"&K$1&"'!A:A"), INDIRECT("'"&K$1&"'!B:B"), "") -> 0.63428571
A24: =EQ!A43 -> 6b6e8c7036722d03a34126403e7106d3512a2d4b72bcd8bde651614e8ad42d7b | B24: {=XLOOKUP(A24, Notes!A:A, Notes!B:B, "")} -> 56.75 | C24: =IFERROR(IMAGE(VLOOKUP(A24,DriveImages!A:C,3,FALSE),4,240,520),"") | D24: =IF($A24="","",IF(AND(N($G24)<=Params!$D$2,N($H24)<=Params!$E$2),"Peu actif",IF(AND(N($I24)>=Params!$F$4,N($E24)<=Params!$B$2,N($F24)<=Params!$C$2),"Efficace",IF(AND(N($F24)>=Params!$C$4,OR(N($I24)<=Params!$F$3,N($E24)>=Params!$B$4)),"Bloqué",IF(AND(OR(N($G24)>=Params!$D$4,N($H24)>=Params!$E$4),N($I24)<=Params!$F$3),"Persévérant",IF(AND(N($J24)>=Params!$G$4,OR(N($G24)<=Params!$D$3,N($H24)<=Params!$E$3)),"Sporadique","Intermédiaire")))))) -> Sporadique | E24: {=XLOOKUP(A24, EQ!A:A, EQ!B:B, "")} -> 0.25 | F24: {=XLOOKUP(A24, RED!A:A, RED!B:B, "")} -> 0.125 | G24: =XLOOKUP(A24, INDIRECT("'"&G$1&"'!A:A"), INDIRECT("'"&G$1&"'!B:B"), "") -> 6 | H24: =XLOOKUP($A24, INDIRECT("'"&H$1&"'!A:A"), INDIRECT("'"&H$1&"'!B:B"), "") -> 2 | I24: =XLOOKUP($A24, INDIRECT("'"&I$1&"'!A:A"), INDIRECT("'"&I$1&"'!B:B"), "") -> 0.66666667 | J24: =XLOOKUP($A24, INDIRECT("'"&J$1&"'!A:A"), INDIRECT("'"&J$1&"'!B:B"), "") -> 0.2 | K24: =XLOOKUP($A24, INDIRECT("'"&K$1&"'!A:A"), INDIRECT("'"&K$1&"'!B:B"), "") -> 0.63095233
A25: =EQ!A98 -> e3d00c0bcfea6e4a68c5c4842d0bedac5e761cfa5be62ec60aae839f44a7f555 | B25: {=XLOOKUP(A25, Notes!A:A, Notes!B:B, "")} -> 62.59 | C25: =IFERROR(IMAGE(VLOOKUP(A25,DriveImages!A:C,3,FALSE),4,240,520),"") | D25: =IF($A25="","",IF(AND(N($G25)<=Params!$D$2,N($H25)<=Params!$E$2),"Peu actif",IF(AND(N($I25)>=Params!$F$4,N($E25)<=Params!$B$2,N($F25)<=Params!$C$2),"Efficace",IF(AND(N($F25)>=Params!$C$4,OR(N($I25)<=Params!$F$3,N($E25)>=Params!$B$4)),"Bloqué",IF(AND(OR(N($G25)>=Params!$D$4,N($H25)>=Params!$E$4),N($I25)<=Params!$F$3),"Persévérant",IF(AND(N($J25)>=Params!$G$4,OR(N($G25)<=Params!$D$3,N($H25)<=Params!$E$3)),"Sporadique","Intermédiaire")))))) -> Efficace | E25: {=XLOOKUP(A25, EQ!A:A, EQ!B:B, "")} -> 0 | F25: {=XLOOKUP(A25, RED!A:A, RED!B:B, "")} -> 0 | G25: =XLOOKUP(A25, INDIRECT("'"&G$1&"'!A:A"), INDIRECT("'"&G$1&"'!B:B"), "") -> 12 | H25: =XLOOKUP($A25, INDIRECT("'"&H$1&"'!A:A"), INDIRECT("'"&H$1&"'!B:B"), "") -> 3 | I25: =XLOOKUP($A25, INDIRECT("'"&I$1&"'!A:A"), INDIRECT("'"&I$1&"'!B:B"), "") -> 0.91666667 | J25: =XLOOKUP($A25, INDIRECT("'"&J$1&"'!A:A"), INDIRECT("'"&J$1&"'!B:B"), "") -> 0.18181818 | K25: =XLOOKUP($A25, INDIRECT("'"&K$1&"'!A:A"), INDIRECT("'"&K$1&"'!B:B"), "") -> 0.628788
A26: =EQ!A104 -> f421319a6d338f4c75d9ce493c2ab35aa31da5115a045fb9149446903d5f1141 | B26: {=XLOOKUP(A26, Notes!A:A, Notes!B:B, "")} -> 72.98 | C26: =IFERROR(IMAGE(VLOOKUP(A26,DriveImages!A:C,3,FALSE),4,240,520),"") | D26: =IF($A26="","",IF(AND(N($G26)<=Params!$D$2,N($H26)<=Params!$E$2),"Peu actif",IF(AND(N($I26)>=Params!$F$4,N($E26)<=Params!$B$2,N($F26)<=Params!$C$2),"Efficace",IF(AND(N($F26)>=Params!$C$4,OR(N($I26)<=Params!$F$3,N($E26)>=Params!$B$4)),"Bloqué",IF(AND(OR(N($G26)>=Params!$D$4,N($H26)>=Params!$E$4),N($I26)<=Params!$F$3),"Persévérant",IF(AND(N($J26)>=Params!$G$4,OR(N($G26)<=Params!$D$3,N($H26)<=Params!$E$3)),"Sporadique","Intermédiaire")))))) -> Intermédiaire | E26: {=XLOOKUP(A26, EQ!A:A, EQ!B:B, "")} -> 0.4 | F26: {=XLOOKUP(A26, RED!A:A, RED!B:B, "")} -> 0.26666667 | G26: =XLOOKUP(A26, INDIRECT("'"&G$1&"'!A:A"), INDIRECT("'"&G$1&"'!B:B"), "") -> 14 | H26: =XLOOKUP($A26, INDIRECT("'"&H$1&"'!A:A"), INDIRECT("'"&H$1&"'!B:B"), "") -> 2 | I26: =XLOOKUP($A26, INDIRECT("'"&I$1&"'!A:A"), INDIRECT("'"&I$1&"'!B:B"), "") -> 0.64285714 | J26: =XLOOKUP($A26, INDIRECT("'"&J$1&"'!A:A"), INDIRECT("'"&J$1&"'!B:B"), "") -> 0.076923077 | K26: =XLOOKUP($A26, INDIRECT("'"&K$1&"'!A:A"), INDIRECT("'"&K$1&"'!B:B"), "") -> 0.622449
A27: =EQ!A21 -> 349cf265b30475874348c4e1b4520dc39d2668fe73f446cde11ed834aef06f6d | B27: {=XLOOKUP(A27, Notes!A:A, Notes!B:B, "")} -> 69.17 | C27: =IFERROR(IMAGE(VLOOKUP(A27,DriveImages!A:C,3,FALSE),4,240,520),"") | D27: =IF($A27="","",IF(AND(N($G27)<=Params!$D$2,N($H27)<=Params!$E$2),"Peu actif",IF(AND(N($I27)>=Params!$F$4,N($E27)<=Params!$B$2,N($F27)<=Params!$C$2),"Efficace",IF(AND(N($F27)>=Params!$C$4,OR(N($I27)<=Params!$F$3,N($E27)>=Params!$B$4)),"Bloqué",IF(AND(OR(N($G27)>=Params!$D$4,N($H27)>=Params!$E$4),N($I27)<=Params!$F$3),"Persévérant",IF(AND(N($J27)>=Params!$G$4,OR(N($G27)<=Params!$D$3,N($H27)<=Params!$E$3)),"Sporadique","Intermédiaire")))))) -> Intermédiaire | E27: {=XLOOKUP(A27, EQ!A:A, EQ!B:B, "")} -> 0.2 | F27: {=XLOOKUP(A27, RED!A:A, RED!B:B, "")} -> 0.1 | G27: =XLOOKUP(A27, INDIRECT("'"&G$1&"'!A:A"), INDIRECT("'"&G$1&"'!B:B"), "") -> 9 | H27: =XLOOKUP($A27, INDIRECT("'"&H$1&"'!A:A"), INDIRECT("'"&H$1&"'!B:B"), "") -> 2 | I27: =XLOOKUP($A27, INDIRECT("'"&I$1&"'!A:A"), INDIRECT("'"&I$1&"'!B:B"), "") -> 0.66666667 | J27: =XLOOKUP($A27, INDIRECT("'"&J$1&"'!A:A"), INDIRECT("'"&J$1&"'!B:B"), "") -> 0.125 | K27: =XLOOKUP($A27, INDIRECT("'"&K$1&"'!A:A"), INDIRECT("'"&K$1&"'!B:B"), "") -> 0.59788367
A28: =EQ!A25 -> 40c1d250c97702986524dae1c4014dbac4abddab4fbfd395737f4e2fe64a247d | B28: {=XLOOKUP(A28, Notes!A:A, Notes!B:B, "")} -> 88.53 | C28: =IFERROR(IMAGE(VLOOKUP(A28,DriveImages!A:C,3,FALSE),4,240,520),"") | D28: =IF($A28="","",IF(AND(N($G28)<=Params!$D$2,N($H28)<=Params!$E$2),"Peu actif",IF(AND(N($I28)>=Params!$F$4,N($E28)<=Params!$B$2,N($F28)<=Params!$C$2),"Efficace",IF(AND(N($F28)>=Params!$C$4,OR(N($I28)<=Params!$F$3,N($E28)>=Params!$B$4)),"Bloqué",IF(AND(OR(N($G28)>=Params!$D$4,N($H28)>=Params!$E$4),N($I28)<=Params!$F$3),"Persévérant",IF(AND(N($J28)>=Params!$G$4,OR(N($G28)<=Params!$D$3,N($H28)<=Params!$E$3)),"Sporadique","Intermédiaire")))))) -> Intermédiaire | E28: {=XLOOKUP(A28, EQ!A:A, EQ!B:B, "")} -> 0.2 | F28: {=XLOOKUP(A28, RED!A:A, RED!B:B, "")} -> 0.1375 | G28: =XLOOKUP(A28, INDIRECT("'"&G$1&"'!A:A"), INDIRECT("'"&G$1&"'!B:B"), "") -> 30 | H28: =XLOOKUP($A28, INDIRECT("'"&H$1&"'!A:A"), INDIRECT("'"&H$1&"'!B:B"), "") -> 2 | I28: =XLOOKUP($A28, INDIRECT("'"&I$1&"'!A:A"), INDIRECT("'"&I$1&"'!B:B"), "") -> 0.63333333 | J28: =XLOOKUP($A28, INDIRECT("'"&J$1&"'!A:A"), INDIRECT("'"&J$1&"'!B:B"), "") -> 0.034482759 | K28: =XLOOKUP($A28, INDIRECT("'"&K$1&"'!A:A"), INDIRECT("'"&K$1&"'!B:B"), "") -> 0.561137
A29: =EQ!A102 -> effa5fafd71a87510e477792561dc4c6a0d7a624d93f5ee78db77ac7c2a41d63 | B29: {=XLOOKUP(A29, Notes!A:A, Notes!B:B, "")} -> 63.66 | C29: =IFERROR(IMAGE(VLOOKUP(A29,DriveImages!A:C,3,FALSE),4,240,520),"") | D29: =IF($A29="","",IF(AND(N($G29)<=Params!$D$2,N($H29)<=Params!$E$2),"Peu actif",IF(AND(N($I29)>=Params!$F$4,N($E29)<=Params!$B$2,N($F29)<=Params!$C$2),"Efficace",IF(AND(N($F29)>=Params!$C$4,OR(N($I29)<=Params!$F$3,N($E29)>=Params!$B$4)),"Bloqué",IF(AND(OR(N($G29)>=Params!$D$4,N($H29)>=Params!$E$4),N($I29)<=Params!$F$3),"Persévérant",IF(AND(N($J29)>=Params!$G$4,OR(N($G29)<=Params!$D$3,N($H29)<=Params!$E$3)),"Sporadique","Intermédiaire")))))) -> Intermédiaire | E29: {=XLOOKUP(A29, EQ!A:A, EQ!B:B, "")} -> 0.21428571 | F29: {=XLOOKUP(A29, RED!A:A, RED!B:B, "")} -> 0.16190476 | G29: =XLOOKUP(A29, INDIRECT("'"&G$1&"'!A:A"), INDIRECT("'"&G$1&"'!B:B"), "") -> 33 | H29: =XLOOKUP($A29, INDIRECT("'"&H$1&"'!A:A"), INDIRECT("'"&H$1&"'!B:B"), "") -> 2 | I29: =XLOOKUP($A29, INDIRECT("'"&I$1&"'!A:A"), INDIRECT("'"&I$1&"'!B:B"), "") -> 0.6969697 | J29: =XLOOKUP($A29, INDIRECT("'"&J$1&"'!A:A"), INDIRECT("'"&J$1&"'!B:B"), "") -> 0.03125 | K29: =XLOOKUP($A29, INDIRECT("'"&K$1&"'!A:A"), INDIRECT("'"&K$1&"'!B:B"), "") -> 0.55661003
A30: =EQ!A59 -> 8c496c831c776415f7491e6de8457bb88c62eefeff270c8e0dbec39b78b9413d | B30: {=XLOOKUP(A30, Notes!A:A, Notes!B:B, "")} -> 72.99 | C30: =IFERROR(IMAGE(VLOOKUP(A30,DriveImages!A:C,3,FALSE),4,240,520),"") | D30: =IF($A30="","",IF(AND(N($G30)<=Params!$D$2,N($H30)<=Params!$E$2),"Peu actif",IF(AND(N($I30)>=Params!$F$4,N($E30)<=Params!$B$2,N($F30)<=Params!$C$2),"Efficace",IF(AND(N($F30)>=Params!$C$4,OR(N($I30)<=Params!$F$3,N($E30)>=Params!$B$4)),"Bloqué",IF(AND(OR(N($G30)>=Params!$D$4,N($H30)>=Params!$E$4),N($I30)<=Params!$F$3),"Persévérant",IF(AND(N($J30)>=Params!$G$4,OR(N($G30)<=Params!$D$3,N($H30)<=Params!$E$3)),"Sporadique","Intermédiaire")))))) -> Sporadique | E30: {=XLOOKUP(A30, EQ!A:A, EQ!B:B, "")} -> 0 | F30: {=XLOOKUP(A30, RED!A:A, RED!B:B, "")} -> 0 | G30: =XLOOKUP(A30, INDIRECT("'"&G$1&"'!A:A"), INDIRECT("'"&G$1&"'!B:B"), "") -> 10 | H30: =XLOOKUP($A30, INDIRECT("'"&H$1&"'!A:A"), INDIRECT("'"&H$1&"'!B:B"), "") -> 3 | I30: =XLOOKUP($A30, INDIRECT("'"&I$1&"'!A:A"), INDIRECT("'"&I$1&"'!B:B"), "") -> 0.6 | J30: =XLOOKUP($A30, INDIRECT("'"&J$1&"'!A:A"), INDIRECT("'"&J$1&"'!B:B"), "") -> 0.22222222 | K30: =XLOOKUP($A30, INDIRECT("'"&K$1&"'!A:A"), INDIRECT("'"&K$1&"'!B:B"), "") -> 0.5466667
A31: =EQ!A41 -> 6a91389bf293538f8bfd1747ffc38730176f9e72e8ed7004fabc8cd25e69df6b | B31: {=XLOOKUP(A31, Notes!A:A, Notes!B:B, "")} -> 42.53 | C31: =IFERROR(IMAGE(VLOOKUP(A31,DriveImages!A:C,3,FALSE),4,240,520),"") | D31: =IF($A31="","",IF(AND(N($G31)<=Params!$D$2,N($H31)<=Params!$E$2),"Peu actif",IF(AND(N($I31)>=Params!$F$4,N($E31)<=Params!$B$2,N($F31)<=Params!$C$2),"Efficace",IF(AND(N($F31)>=Params!$C$4,OR(N($I31)<=Params!$F$3,N($E31)>=Params!$B$4)),"Bloqué",IF(AND(OR(N($G31)>=Params!$D$4,N($H31)>=Params!$E$4),N($I31)<=Params!$F$3),"Persévérant",IF(AND(N($J31)>=Params!$G$4,OR(N($G31)<=Params!$D$3,N($H31)<=Params!$E$3)),"Sporadique","Intermédiaire")))))) -> Efficace | E31: {=XLOOKUP(A31, EQ!A:A, EQ!B:B, "")} -> 0 | F31: {=XLOOKUP(A31, RED!A:A, RED!B:B, "")} -> 0 | G31: =XLOOKUP(A31, INDIRECT("'"&G$1&"'!A:A"), INDIRECT("'"&G$1&"'!B:B"), "") -> 12 | H31: =XLOOKUP($A31, INDIRECT("'"&H$1&"'!A:A"), INDIRECT("'"&H$1&"'!B:B"), "") -> 2 | I31: =XLOOKUP($A31, INDIRECT("'"&I$1&"'!A:A"), INDIRECT("'"&I$1&"'!B:B"), "") -> 1 | J31: =XLOOKUP($A31, INDIRECT("'"&J$1&"'!A:A"), INDIRECT("'"&J$1&"'!B:B"), "") -> 0.090909091 | K31: =XLOOKUP($A31, INDIRECT("'"&K$1&"'!A:A"), INDIRECT("'"&K$1&"'!B:B"), "") -> 0.5345455
A32: =EQ!A50 -> 76b0bf253c0d17b6f275cc641729eda42ebed851893da32c132515023ab1e4e1 | B32: {=XLOOKUP(A32, Notes!A:A, Notes!B:B, "")} -> 62.06 | C32: =IFERROR(IMAGE(VLOOKUP(A32,DriveImages!A:C,3,FALSE),4,240,520),"") | D32: =IF($A32="","",IF(AND(N($G32)<=Params!$D$2,N($H32)<=Params!$E$2),"Peu actif",IF(AND(N($I32)>=Params!$F$4,N($E32)<=Params!$B$2,N($F32)<=Params!$C$2),"Efficace",IF(AND(N($F32)>=Params!$C$4,OR(N($I32)<=Params!$F$3,N($E32)>=Params!$B$4)),"Bloqué",IF(AND(OR(N($G32)>=Params!$D$4,N($H32)>=Params!$E$4),N($I32)<=Params!$F$3),"Persévérant",IF(AND(N($J32)>=Params!$G$4,OR(N($G32)<=Params!$D$3,N($H32)<=Params!$E$3)),"Sporadique","Intermédiaire")))))) -> Intermédiaire | E32: {=XLOOKUP(A32, EQ!A:A, EQ!B:B, "")} -> 0.33333333 | F32: {=XLOOKUP(A32, RED!A:A, RED!B:B, "")} -> 0.22222222 | G32: =XLOOKUP(A32, INDIRECT("'"&G$1&"'!A:A"), INDIRECT("'"&G$1&"'!B:B"), "") -> 11 | H32: =XLOOKUP($A32, INDIRECT("'"&H$1&"'!A:A"), INDIRECT("'"&H$1&"'!B:B"), "") -> 2 | I32: =XLOOKUP($A32, INDIRECT("'"&I$1&"'!A:A"), INDIRECT("'"&I$1&"'!B:B"), "") -> 0.54545455 | J32: =XLOOKUP($A32, INDIRECT("'"&J$1&"'!A:A"), INDIRECT("'"&J$1&"'!B:B"), "") -> 0.1 | K32: =XLOOKUP($A32, INDIRECT("'"&K$1&"'!A:A"), INDIRECT("'"&K$1&"'!B:B"), "") -> 0.53409091
A33: =EQ!A63 -> 93a7aef5296e288f3a39f8c1c0dcb8935c9657f5c87378408e5d1910444e7c70 | B33: {=XLOOKUP(A33, Notes!A:A, Notes!B:B, "")} -> 61.57 | C33: =IFERROR(IMAGE(VLOOKUP(A33,DriveImages!A:C,3,FALSE),4,240,520),"") | D33: =IF($A33="","",IF(AND(N($G33)<=Params!$D$2,N($H33)<=Params!$E$2),"Peu actif",IF(AND(N($I33)>=Params!$F$4,N($E33)<=Params!$B$2,N($F33)<=Params!$C$2),"Efficace",IF(AND(N($F33)>=Params!$C$4,OR(N($I33)<=Params!$F$3,N($E33)>=Params!$B$4)),"Bloqué",IF(AND(OR(N($G33)>=Params!$D$4,N($H33)>=Params!$E$4),N($I33)<=Params!$F$3),"Persévérant",IF(AND(N($J33)>=Params!$G$4,OR(N($G33)<=Params!$D$3,N($H33)<=Params!$E$3)),"Sporadique","Intermédiaire")))))) -> Intermédiaire | E33: {=XLOOKUP(A33, EQ!A:A, EQ!B:B, "")} -> 0.58333333 | F33: {=XLOOKUP(A33, RED!A:A, RED!B:B, "")} -> 0.51041667 | G33: =XLOOKUP(A33, INDIRECT("'"&G$1&"'!A:A"), INDIRECT("'"&G$1&"'!B:B"), "") -> 20 | H33: =XLOOKUP($A33, INDIRECT("'"&H$1&"'!A:A"), INDIRECT("'"&H$1&"'!B:B"), "") -> 4 | I33: =XLOOKUP($A33, INDIRECT("'"&I$1&"'!A:A"), INDIRECT("'"&I$1&"'!B:B"), "") -> 0.55 | J33: =XLOOKUP($A33, INDIRECT("'"&J$1&"'!A:A"), INDIRECT("'"&J$1&"'!B:B"), "") -> 0.15789474 | K33: =XLOOKUP($A33, INDIRECT("'"&K$1&"'!A:A"), INDIRECT("'"&K$1&"'!B:B"), "") -> 0.53333335
A34: =EQ!A11 -> 155464e7a35faffd6b3b4f2e6b757098204e8a24221641b58ee8156acfd2e1fc | B34: {=XLOOKUP(A34, Notes!A:A, Notes!B:B, "")} -> 77.78 | C34: =IFERROR(IMAGE(VLOOKUP(A34,DriveImages!A:C,3,FALSE),4,240,520),"") | D34: =IF($A34="","",IF(AND(N($G34)<=Params!$D$2,N($H34)<=Params!$E$2),"Peu actif",IF(AND(N($I34)>=Params!$F$4,N($E34)<=Params!$B$2,N($F34)<=Params!$C$2),"Efficace",IF(AND(N($F34)>=Params!$C$4,OR(N($I34)<=Params!$F$3,N($E34)>=Params!$B$4)),"Bloqué",IF(AND(OR(N($G34)>=Params!$D$4,N($H34)>=Params!$E$4),N($I34)<=Params!$F$3),"Persévérant",IF(AND(N($J34)>=Params!$G$4,OR(N($G34)<=Params!$D$3,N($H34)<=Params!$E$3)),"Sporadique","Intermédiaire")))))) -> Intermédiaire | E34: {=XLOOKUP(A34, EQ!A:A, EQ!B:B, "")} -> 0.25 | F34: {=XLOOKUP(A34, RED!A:A, RED!B:B, "")} -> 0.16666667 | G34: =XLOOKUP(A34, INDIRECT("'"&G$1&"'!A:A"), INDIRECT("'"&G$1&"'!B:B"), "") -> 10 | H34: =XLOOKUP($A34, INDIRECT("'"&H$1&"'!A:A"), INDIRECT("'"&H$1&"'!B:B"), "") -> 1 | I34: =XLOOKUP($A34, INDIRECT("'"&I$1&"'!A:A"), INDIRECT("'"&I$1&"'!B:B"), "") -> 0.6 | J34: =XLOOKUP($A34, INDIRECT("'"&J$1&"'!A:A"), INDIRECT("'"&J$1&"'!B:B"), "") -> 0 | K34: =XLOOKUP($A34, INDIRECT("'"&K$1&"'!A:A"), INDIRECT("'"&K$1&"'!B:B"), "") -> 0.5251552
A35: =EQ!A97 -> de14d69ecb05cea275dcf6a7cb707626315f3e81931958d7d7b15131368cf4d6 | B35: {=XLOOKUP(A35, Notes!A:A, Notes!B:B, "")} -> 57.33 | C35: =IFERROR(IMAGE(VLOOKUP(A35,DriveImages!A:C,3,FALSE),4,240,520),"") | D35: =IF($A35="","",IF(AND(N($G35)<=Params!$D$2,N($H35)<=Params!$E$2),"Peu actif",IF(AND(N($I35)>=Params!$F$4,N($E35)<=Params!$B$2,N($F35)<=Params!$C$2),"Efficace",IF(AND(N($F35)>=Params!$C$4,OR(N($I35)<=Params!$F$3,N($E35)>=Params!$B$4)),"Bloqué",IF(AND(OR(N($G35)>=Params!$D$4,N($H35)>=Params!$E$4),N($I35)<=Params!$F$3),"Persévérant",IF(AND(N($J35)>=Params!$G$4,OR(N($G35)<=Params!$D$3,N($H35)<=Params!$E$3)),"Sporadique","Intermédiaire")))))) -> Sporadique | E35: {=XLOOKUP(A35, EQ!A:A, EQ!B:B, "")} -> 0 | F35: {=XLOOKUP(A35, RED!A:A, RED!B:B, "")} -> 0 | G35: =XLOOKUP(A35, INDIRECT("'"&G$1&"'!A:A"), INDIRECT("'"&G$1&"'!B:B"), "") -> 9 | H35: =XLOOKUP($A35, INDIRECT("'"&H$1&"'!A:A"), INDIRECT("'"&H$1&"'!B:B"), "") -> 3 | I35: =XLOOKUP($A35, INDIRECT("'"&I$1&"'!A:A"), INDIRECT("'"&I$1&"'!B:B"), "") -> 0.55555556 | J35: =XLOOKUP($A35, INDIRECT("'"&J$1&"'!A:A"), INDIRECT("'"&J$1&"'!B:B"), "") -> 0.25 | K35: =XLOOKUP($A35, INDIRECT("'"&K$1&"'!A:A"), INDIRECT("'"&K$1&"'!B:B"), "") -> 0.50448578
A36: =EQ!A61 -> 9181e670a018653889d5263448f199379588274b90c51348445093423b56396b | B36: {=XLOOKUP(A36, Notes!A:A, Notes!B:B, "")} -> 62.16 | C36: =IFERROR(IMAGE(VLOOKUP(A36,DriveImages!A:C,3,FALSE),4,240,520),"") | D36: =IF($A36="","",IF(AND(N($G36)<=Params!$D$2,N($H36)<=Params!$E$2),"Peu actif",IF(AND(N($I36)>=Params!$F$4,N($E36)<=Params!$B$2,N($F36)<=Params!$C$2),"Efficace",IF(AND(N($F36)>=Params!$C$4,OR(N($I36)<=Params!$F$3,N($E36)>=Params!$B$4)),"Bloqué",IF(AND(OR(N($G36)>=Params!$D$4,N($H36)>=Params!$E$4),N($I36)<=Params!$F$3),"Persévérant",IF(AND(N($J36)>=Params!$G$4,OR(N($G36)<=Params!$D$3,N($H36)<=Params!$E$3)),"Sporadique","Intermédiaire")))))) -> Intermédiaire | E36: {=XLOOKUP(A36, EQ!A:A, EQ!B:B, "")} -> 0.20833333 | F36: {=XLOOKUP(A36, RED!A:A, RED!B:B, "")} -> 0.13541667 | G36: =XLOOKUP(A36, INDIRECT("'"&G$1&"'!A:A"), INDIRECT("'"&G$1&"'!B:B"), "") -> 31 | H36: =XLOOKUP($A36, INDIRECT("'"&H$1&"'!A:A"), INDIRECT("'"&H$1&"'!B:B"), "") -> 1 | I36: =XLOOKUP($A36, INDIRECT("'"&I$1&"'!A:A"), INDIRECT("'"&I$1&"'!B:B"), "") -> 0.61290323 | J36: =XLOOKUP($A36, INDIRECT("'"&J$1&"'!A:A"), INDIRECT("'"&J$1&"'!B:B"), "") -> 0 | K36: =XLOOKUP($A36, INDIRECT("'"&K$1&"'!A:A"), INDIRECT("'"&K$1&"'!B:B"), "") -> 0.50194326
A37: =EQ!A88 -> cef23c3f251969f778435219b38afa60f2e41b3927e82fa6d43de8c59f93f883 | B37: {=XLOOKUP(A37, Notes!A:A, Notes!B:B, "")} -> 71.09 | C37: =IFERROR(IMAGE(VLOOKUP(A37,DriveImages!A:C,3,FALSE),4,240,520),"") | D37: =IF($A37="","",IF(AND(N($G37)<=Params!$D$2,N($H37)<=Params!$E$2),"Peu actif",IF(AND(N($I37)>=Params!$F$4,N($E37)<=Params!$B$2,N($F37)<=Params!$C$2),"Efficace",IF(AND(N($F37)>=Params!$C$4,OR(N($I37)<=Params!$F$3,N($E37)>=Params!$B$4)),"Bloqué",IF(AND(OR(N($G37)>=Params!$D$4,N($H37)>=Params!$E$4),N($I37)<=Params!$F$3),"Persévérant",IF(AND(N($J37)>=Params!$G$4,OR(N($G37)<=Params!$D$3,N($H37)<=Params!$E$3)),"Sporadique","Intermédiaire")))))) -> Intermédiaire | E37: {=XLOOKUP(A37, EQ!A:A, EQ!B:B, "")} -> 0.30434783 | F37: {=XLOOKUP(A37, RED!A:A, RED!B:B, "")} -> 0.2173913 | G37: =XLOOKUP(A37, INDIRECT("'"&G$1&"'!A:A"), INDIRECT("'"&G$1&"'!B:B"), "") -> 36 | H37: =XLOOKUP($A37, INDIRECT("'"&H$1&"'!A:A"), INDIRECT("'"&H$1&"'!B:B"), "") -> 2 | I37: =XLOOKUP($A37, INDIRECT("'"&I$1&"'!A:A"), INDIRECT("'"&I$1&"'!B:B"), "") -> 0.61111111 | J37: =XLOOKUP($A37, INDIRECT("'"&J$1&"'!A:A"), INDIRECT("'"&J$1&"'!B:B"), "") -> 0.028571429 | K37: =XLOOKUP($A37, INDIRECT("'"&K$1&"'!A:A"), INDIRECT("'"&K$1&"'!B:B"), "") -> 0.49802858
A38: =EQ!A57 -> 88faa9b4e525ea83f6efab60ae88469da5222f0b0f52c16c3af4e4763baa1daf | B38: {=XLOOKUP(A38, Notes!A:A, Notes!B:B, "")} -> 59.75 | C38: =IFERROR(IMAGE(VLOOKUP(A38,DriveImages!A:C,3,FALSE),4,240,520),"") | D38: =IF($A38="","",IF(AND(N($G38)<=Params!$D$2,N($H38)<=Params!$E$2),"Peu actif",IF(AND(N($I38)>=Params!$F$4,N($E38)<=Params!$B$2,N($F38)<=Params!$C$2),"Efficace",IF(AND(N($F38)>=Params!$C$4,OR(N($I38)<=Params!$F$3,N($E38)>=Params!$B$4)),"Bloqué",IF(AND(OR(N($G38)>=Params!$D$4,N($H38)>=Params!$E$4),N($I38)<=Params!$F$3),"Persévérant",IF(AND(N($J38)>=Params!$G$4,OR(N($G38)<=Params!$D$3,N($H38)<=Params!$E$3)),"Sporadique","Intermédiaire")))))) -> Intermédiaire | E38: {=XLOOKUP(A38, EQ!A:A, EQ!B:B, "")} -> 0.16666667 | F38: {=XLOOKUP(A38, RED!A:A, RED!B:B, "")} -> 0.11111111 | G38: =XLOOKUP(A38, INDIRECT("'"&G$1&"'!A:A"), INDIRECT("'"&G$1&"'!B:B"), "") -> 14 | H38: =XLOOKUP($A38, INDIRECT("'"&H$1&"'!A:A"), INDIRECT("'"&H$1&"'!B:B"), "") -> 1 | I38: =XLOOKUP($A38, INDIRECT("'"&I$1&"'!A:A"), INDIRECT("'"&I$1&"'!B:B"), "") -> 0.64285714 | J38: =XLOOKUP($A38, INDIRECT("'"&J$1&"'!A:A"), INDIRECT("'"&J$1&"'!B:B"), "") -> 0 | K38: =XLOOKUP($A38, INDIRECT("'"&K$1&"'!A:A"), INDIRECT("'"&K$1&"'!B:B"), "") -> 0.48701307
A39: =EQ!A109 -> fcc829e7dd1db87335c46064982f06853c8a5c39399202b284952458b04f0d5d | B39: {=XLOOKUP(A39, Notes!A:A, Notes!B:B, "")} -> 53.91 | C39: =IFERROR(IMAGE(VLOOKUP(A39,DriveImages!A:C,3,FALSE),4,240,520),"") | D39: =IF($A39="","",IF(AND(N($G39)<=Params!$D$2,N($H39)<=Params!$E$2),"Peu actif",IF(AND(N($I39)>=Params!$F$4,N($E39)<=Params!$B$2,N($F39)<=Params!$C$2),"Efficace",IF(AND(N($F39)>=Params!$C$4,OR(N($I39)<=Params!$F$3,N($E39)>=Params!$B$4)),"Bloqué",IF(AND(OR(N($G39)>=Params!$D$4,N($H39)>=Params!$E$4),N($I39)<=Params!$F$3),"Persévérant",IF(AND(N($J39)>=Params!$G$4,OR(N($G39)<=Params!$D$3,N($H39)<=Params!$E$3)),"Sporadique","Intermédiaire")))))) -> Intermédiaire | E39: {=XLOOKUP(A39, EQ!A:A, EQ!B:B, "")} -> 0.27272727 | F39: {=XLOOKUP(A39, RED!A:A, RED!B:B, "")} -> 0.16666667 | G39: =XLOOKUP(A39, INDIRECT("'"&G$1&"'!A:A"), INDIRECT("'"&G$1&"'!B:B"), "") -> 13 | H39: =XLOOKUP($A39, INDIRECT("'"&H$1&"'!A:A"), INDIRECT("'"&H$1&"'!B:B"), "") -> 3 | I39: =XLOOKUP($A39, INDIRECT("'"&I$1&"'!A:A"), INDIRECT("'"&I$1&"'!B:B"), "") -> 0.61538462 | J39: =XLOOKUP($A39, INDIRECT("'"&J$1&"'!A:A"), INDIRECT("'"&J$1&"'!B:B"), "") -> 0.16666667 | K39: =XLOOKUP($A39, INDIRECT("'"&K$1&"'!A:A"), INDIRECT("'"&K$1&"'!B:B"), "") -> 0.46703292
A40: =EQ!A82 -> c38594bec27d288cfe5bd031cde0cff4c46de188336f74ff3f79854c88c65b00 | B40: {=XLOOKUP(A40, Notes!A:A, Notes!B:B, "")} -> 63.31 | C40: =IFERROR(IMAGE(VLOOKUP(A40,DriveImages!A:C,3,FALSE),4,240,520),"") | D40: =IF($A40="","",IF(AND(N($G40)<=Params!$D$2,N($H40)<=Params!$E$2),"Peu actif",IF(AND(N($I40)>=Params!$F$4,N($E40)<=Params!$B$2,N($F40)<=Params!$C$2),"Efficace",IF(AND(N($F40)>=Params!$C$4,OR(N($I40)<=Params!$F$3,N($E40)>=Params!$B$4)),"Bloqué",IF(AND(OR(N($G40)>=Params!$D$4,N($H40)>=Params!$E$4),N($I40)<=Params!$F$3),"Persévérant",IF(AND(N($J40)>=Params!$G$4,OR(N($G40)<=Params!$D$3,N($H40)<=Params!$E$3)),"Sporadique","Intermédiaire")))))) -> Sporadique | E40: {=XLOOKUP(A40, EQ!A:A, EQ!B:B, "")} -> 0.14285714 | F40: {=XLOOKUP(A40, RED!A:A, RED!B:B, "")} -> 0.07142857 | G40: =XLOOKUP(A40, INDIRECT("'"&G$1&"'!A:A"), INDIRECT("'"&G$1&"'!B:B"), "") -> 10 | H40: =XLOOKUP($A40, INDIRECT("'"&H$1&"'!A:A"), INDIRECT("'"&H$1&"'!B:B"), "") -> 3 | I40: =XLOOKUP($A40, INDIRECT("'"&I$1&"'!A:A"), INDIRECT("'"&I$1&"'!B:B"), "") -> 0.6 | J40: =XLOOKUP($A40, INDIRECT("'"&J$1&"'!A:A"), INDIRECT("'"&J$1&"'!B:B"), "") -> 0.22222222 | K40: =XLOOKUP($A40, INDIRECT("'"&K$1&"'!A:A"), INDIRECT("'"&K$1&"'!B:B"), "") -> 0.4647273
A41: =EQ!A37 -> 5d60fc4768a0d01e3d533d2d5353bdffb58877bc2971bc7053a54071fa4c2f49 | B41: {=XLOOKUP(A41, Notes!A:A, Notes!B:B, "")} -> 75.96 | C41: =IFERROR(IMAGE(VLOOKUP(A41,DriveImages!A:C,3,FALSE),4,240,520),"") | D41: =IF($A41="","",IF(AND(N($G41)<=Params!$D$2,N($H41)<=Params!$E$2),"Peu actif",IF(AND(N($I41)>=Params!$F$4,N($E41)<=Params!$B$2,N($F41)<=Params!$C$2),"Efficace",IF(AND(N($F41)>=Params!$C$4,OR(N($I41)<=Params!$F$3,N($E41)>=Params!$B$4)),"Bloqué",IF(AND(OR(N($G41)>=Params!$D$4,N($H41)>=Params!$E$4),N($I41)<=Params!$F$3),"Persévérant",IF(AND(N($J41)>=Params!$G$4,OR(N($G41)<=Params!$D$3,N($H41)<=Params!$E$3)),"Sporadique","Intermédiaire")))))) -> Intermédiaire | E41: {=XLOOKUP(A41, EQ!A:A, EQ!B:B, "")} -> 0.27777778 | F41: {=XLOOKUP(A41, RED!A:A, RED!B:B, "")} -> 0.18055556 | G41: =XLOOKUP(A41, INDIRECT("'"&G$1&"'!A:A"), INDIRECT("'"&G$1&"'!B:B"), "") -> 25 | H41: =XLOOKUP($A41, INDIRECT("'"&H$1&"'!A:A"), INDIRECT("'"&H$1&"'!B:B"), "") -> 3 | I41: =XLOOKUP($A41, INDIRECT("'"&I$1&"'!A:A"), INDIRECT("'"&I$1&"'!B:B"), "") -> 0.52 | J41: =XLOOKUP($A41, INDIRECT("'"&J$1&"'!A:A"), INDIRECT("'"&J$1&"'!B:B"), "") -> 0.083333333 | K41: =XLOOKUP($A41, INDIRECT("'"&K$1&"'!A:A"), INDIRECT("'"&K$1&"'!B:B"), "") -> 0.4624638
A42: =EQ!A49 -> 753b3dfbf00b265816877af61db67c39ee3fae2b4e0a7b8f387b5163ff85b1bc | B42: {=XLOOKUP(A42, Notes!A:A, Notes!B:B, "")} -> 53.44 | C42: =IFERROR(IMAGE(VLOOKUP(A42,DriveImages!A:C,3,FALSE),4,240,520),"") | D42: =IF($A42="","",IF(AND(N($G42)<=Params!$D$2,N($H42)<=Params!$E$2),"Peu actif",IF(AND(N($I42)>=Params!$F$4,N($E42)<=Params!$B$2,N($F42)<=Params!$C$2),"Efficace",IF(AND(N($F42)>=Params!$C$4,OR(N($I42)<=Params!$F$3,N($E42)>=Params!$B$4)),"Bloqué",IF(AND(OR(N($G42)>=Params!$D$4,N($H42)>=Params!$E$4),N($I42)<=Params!$F$3),"Persévérant",IF(AND(N($J42)>=Params!$G$4,OR(N($G42)<=Params!$D$3,N($H42)<=Params!$E$3)),"Sporadique","Intermédiaire")))))) -> Sporadique | E42: {=XLOOKUP(A42, EQ!A:A, EQ!B:B, "")} -> 0 | F42: {=XLOOKUP(A42, RED!A:A, RED!B:B, "")} -> 0 | G42: =XLOOKUP(A42, INDIRECT("'"&G$1&"'!A:A"), INDIRECT("'"&G$1&"'!B:B"), "") -> 9 | H42: =XLOOKUP($A42, INDIRECT("'"&H$1&"'!A:A"), INDIRECT("'"&H$1&"'!B:B"), "") -> 4 | I42: =XLOOKUP($A42, INDIRECT("'"&I$1&"'!A:A"), INDIRECT("'"&I$1&"'!B:B"), "") -> 0.66666667 | J42: =XLOOKUP($A42, INDIRECT("'"&J$1&"'!A:A"), INDIRECT("'"&J$1&"'!B:B"), "") -> 0.375 | K42: =XLOOKUP($A42, INDIRECT("'"&K$1&"'!A:A"), INDIRECT("'"&K$1&"'!B:B"), "") -> 0.459596
A43: =EQ!A85 -> ca1b7797566e850c3e583a2fbda610a51d5504ca9b0d611a0a3e2770c912d52d | B43: {=XLOOKUP(A43, Notes!A:A, Notes!B:B, "")} -> 48 | C43: =IFERROR(IMAGE(VLOOKUP(A43,DriveImages!A:C,3,FALSE),4,240,520),"") | D43: =IF($A43="","",IF(AND(N($G43)<=Params!$D$2,N($H43)<=Params!$E$2),"Peu actif",IF(AND(N($I43)>=Params!$F$4,N($E43)<=Params!$B$2,N($F43)<=Params!$C$2),"Efficace",IF(AND(N($F43)>=Params!$C$4,OR(N($I43)<=Params!$F$3,N($E43)>=Params!$B$4)),"Bloqué",IF(AND(OR(N($G43)>=Params!$D$4,N($H43)>=Params!$E$4),N($I43)<=Params!$F$3),"Persévérant",IF(AND(N($J43)>=Params!$G$4,OR(N($G43)<=Params!$D$3,N($H43)<=Params!$E$3)),"Sporadique","Intermédiaire")))))) -> Intermédiaire | E43: {=XLOOKUP(A43, EQ!A:A, EQ!B:B, "")} -> 0.41666667 | F43: {=XLOOKUP(A43, RED!A:A, RED!B:B, "")} -> 0.29861111 | G43: =XLOOKUP(A43, INDIRECT("'"&G$1&"'!A:A"), INDIRECT("'"&G$1&"'!B:B"), "") -> 18 | H43: =XLOOKUP($A43, INDIRECT("'"&H$1&"'!A:A"), INDIRECT("'"&H$1&"'!B:B"), "") -> 2 | I43: =XLOOKUP($A43, INDIRECT("'"&I$1&"'!A:A"), INDIRECT("'"&I$1&"'!B:B"), "") -> 0.55555556 | J43: =XLOOKUP($A43, INDIRECT("'"&J$1&"'!A:A"), INDIRECT("'"&J$1&"'!B:B"), "") -> 0.058823529 | K43: =XLOOKUP($A43, INDIRECT("'"&K$1&"'!A:A"), INDIRECT("'"&K$1&"'!B:B"), "") -> 0.45405983
A44: =EQ!A75 -> b2739ffce4a91e9880373035f1a135a3772577ebe8a9e985482de17ccedccefd | B44: {=XLOOKUP(A44, Notes!A:A, Notes!B:B, "")} -> 76.53 | C44: =IFERROR(IMAGE(VLOOKUP(A44,DriveImages!A:C,3,FALSE),4,240,520),"") | D44: =IF($A44="","",IF(AND(N($G44)<=Params!$D$2,N($H44)<=Params!$E$2),"Peu actif",IF(AND(N($I44)>=Params!$F$4,N($E44)<=Params!$B$2,N($F44)<=Params!$C$2),"Efficace",IF(AND(N($F44)>=Params!$C$4,OR(N($I44)<=Params!$F$3,N($E44)>=Params!$B$4)),"Bloqué",IF(AND(OR(N($G44)>=Params!$D$4,N($H44)>=Params!$E$4),N($I44)<=Params!$F$3),"Persévérant",IF(AND(N($J44)>=Params!$G$4,OR(N($G44)<=Params!$D$3,N($H44)<=Params!$E$3)),"Sporadique","Intermédiaire")))))) -> Persévérant | E44: {=XLOOKUP(A44, EQ!A:A, EQ!B:B, "")} -> 0.42857143 | F44: {=XLOOKUP(A44, RED!A:A, RED!B:B, "")} -> 0.21428571 | G44: =XLOOKUP(A44, INDIRECT("'"&G$1&"'!A:A"), INDIRECT("'"&G$1&"'!B:B"), "") -> 12 | H44: =XLOOKUP($A44, INDIRECT("'"&H$1&"'!A:A"), INDIRECT("'"&H$1&"'!B:B"), "") -> 4 | I44: =XLOOKUP($A44, INDIRECT("'"&I$1&"'!A:A"), INDIRECT("'"&I$1&"'!B:B"), "") -> 0.5 | J44: =XLOOKUP($A44, INDIRECT("'"&J$1&"'!A:A"), INDIRECT("'"&J$1&"'!B:B"), "") -> 0.27272727 | K44: =XLOOKUP($A44, INDIRECT("'"&K$1&"'!A:A"), INDIRECT("'"&K$1&"'!B:B"), "") -> 0.44543642
A45: =EQ!A58 -> 89b998636f98304acf1f5a475b5fad130ac8020d521969a48412173d2ac0971f | B45: {=XLOOKUP(A45, Notes!A:A, Notes!B:B, "")} -> 41.78 | C45: =IFERROR(IMAGE(VLOOKUP(A45,DriveImages!A:C,3,FALSE),4,240,520),"") | D45: =IF($A45="","",IF(AND(N($G45)<=Params!$D$2,N($H45)<=Params!$E$2),"Peu actif",IF(AND(N($I45)>=Params!$F$4,N($E45)<=Params!$B$2,N($F45)<=Params!$C$2),"Efficace",IF(AND(N($F45)>=Params!$C$4,OR(N($I45)<=Params!$F$3,N($E45)>=Params!$B$4)),"Bloqué",IF(AND(OR(N($G45)>=Params!$D$4,N($H45)>=Params!$E$4),N($I45)<=Params!$F$3),"Persévérant",IF(AND(N($J45)>=Params!$G$4,OR(N($G45)<=Params!$D$3,N($H45)<=Params!$E$3)),"Sporadique","Intermédiaire")))))) -> Peu actif | E45: {=XLOOKUP(A45, EQ!A:A, EQ!B:B, "")} -> 0.5 | F45: {=XLOOKUP(A45, RED!A:A, RED!B:B, "")} -> 0.25 | G45: =XLOOKUP(A45, INDIRECT("'"&G$1&"'!A:A"), INDIRECT("'"&G$1&"'!B:B"), "") -> 4 | H45: =XLOOKUP($A45, INDIRECT("'"&H$1&"'!A:A"), INDIRECT("'"&H$1&"'!B:B"), "") -> 1 | I45: =XLOOKUP($A45, INDIRECT("'"&I$1&"'!A:A"), INDIRECT("'"&I$1&"'!B:B"), "") -> 0.5 | J45: =XLOOKUP($A45, INDIRECT("'"&J$1&"'!A:A"), INDIRECT("'"&J$1&"'!B:B"), "") -> 0 | K45: =XLOOKUP($A45, INDIRECT("'"&K$1&"'!A:A"), INDIRECT("'"&K$1&"'!B:B"), "") -> 0.44318175
A46: =EQ!A78 -> bd41cbdc04707f80b319802470a1871b99d36766f9d020cc0f9a569a4d1bb54b | B46: {=XLOOKUP(A46, Notes!A:A, Notes!B:B, "")} -> 68.44 | C46: =IFERROR(IMAGE(VLOOKUP(A46,DriveImages!A:C,3,FALSE),4,240,520),"") | D46: =IF($A46="","",IF(AND(N($G46)<=Params!$D$2,N($H46)<=Params!$E$2),"Peu actif",IF(AND(N($I46)>=Params!$F$4,N($E46)<=Params!$B$2,N($F46)<=Params!$C$2),"Efficace",IF(AND(N($F46)>=Params!$C$4,OR(N($I46)<=Params!$F$3,N($E46)>=Params!$B$4)),"Bloqué",IF(AND(OR(N($G46)>=Params!$D$4,N($H46)>=Params!$E$4),N($I46)<=Params!$F$3),"Persévérant",IF(AND(N($J46)>=Params!$G$4,OR(N($G46)<=Params!$D$3,N($H46)<=Params!$E$3)),"Sporadique","Intermédiaire")))))) -> Peu actif | E46: {=XLOOKUP(A46, EQ!A:A, EQ!B:B, "")} -> 0.33333333 | F46: {=XLOOKUP(A46, RED!A:A, RED!B:B, "")} -> 0.16666667 | G46: =XLOOKUP(A46, INDIRECT("'"&G$1&"'!A:A"), INDIRECT("'"&G$1&"'!B:B"), "") -> 4 | H46: =XLOOKUP($A46, INDIRECT("'"&H$1&"'!A:A"), INDIRECT("'"&H$1&"'!B:B"), "") -> 1 | I46: =XLOOKUP($A46, INDIRECT("'"&I$1&"'!A:A"), INDIRECT("'"&I$1&"'!B:B"), "") -> 0.5 | J46: =XLOOKUP($A46, INDIRECT("'"&J$1&"'!A:A"), INDIRECT("'"&J$1&"'!B:B"), "") -> 0 | K46: =XLOOKUP($A46, INDIRECT("'"&K$1&"'!A:A"), INDIRECT("'"&K$1&"'!B:B"), "") -> 0.44230775
A47: =EQ!A87 -> cec0a384f41fb2446aff0043657c7e32479dd58e701084dde0bcc28f161aa2b1 | B47: {=XLOOKUP(A47, Notes!A:A, Notes!B:B, "")} -> 0 | C47: =IFERROR(IMAGE(VLOOKUP(A47,DriveImages!A:C,3,FALSE),4,240,520),"") | D47: =IF($A47="","",IF(AND(N($G47)<=Params!$D$2,N($H47)<=Params!$E$2),"Peu actif",IF(AND(N($I47)>=Params!$F$4,N($E47)<=Params!$B$2,N($F47)<=Params!$C$2),"Efficace",IF(AND(N($F47)>=Params!$C$4,OR(N($I47)<=Params!$F$3,N($E47)>=Params!$B$4)),"Bloqué",IF(AND(OR(N($G47)>=Params!$D$4,N($H47)>=Params!$E$4),N($I47)<=Params!$F$3),"Persévérant",IF(AND(N($J47)>=Params!$G$4,OR(N($G47)<=Params!$D$3,N($H47)<=Params!$E$3)),"Sporadique","Intermédiaire")))))) -> Intermédiaire | E47: {=XLOOKUP(A47, EQ!A:A, EQ!B:B, "")} -> 0.27272727 | F47: {=XLOOKUP(A47, RED!A:A, RED!B:B, "")} -> 0.16666667 | G47: =XLOOKUP(A47, INDIRECT("'"&G$1&"'!A:A"), INDIRECT("'"&G$1&"'!B:B"), "") -> 16 | H47: =XLOOKUP($A47, INDIRECT("'"&H$1&"'!A:A"), INDIRECT("'"&H$1&"'!B:B"), "") -> 4 | I47: =XLOOKUP($A47, INDIRECT("'"&I$1&"'!A:A"), INDIRECT("'"&I$1&"'!B:B"), "") -> 0.625 | J47: =XLOOKUP($A47, INDIRECT("'"&J$1&"'!A:A"), INDIRECT("'"&J$1&"'!B:B"), "") -> 0.2 | K47: =XLOOKUP($A47, INDIRECT("'"&K$1&"'!A:A"), INDIRECT("'"&K$1&"'!B:B"), "") -> 0.43540981
A48: =EQ!A30 -> 48002b47ecdcaeb4828400130c7d77959319f9ae612dfbd03a91f7422c093ac7 | B48: {=XLOOKUP(A48, Notes!A:A, Notes!B:B, "")} -> 66.71 | C48: =IFERROR(IMAGE(VLOOKUP(A48,DriveImages!A:C,3,FALSE),4,240,520),"") | D48: =IF($A48="","",IF(AND(N($G48)<=Params!$D$2,N($H48)<=Params!$E$2),"Peu actif",IF(AND(N($I48)>=Params!$F$4,N($E48)<=Params!$B$2,N($F48)<=Params!$C$2),"Efficace",IF(AND(N($F48)>=Params!$C$4,OR(N($I48)<=Params!$F$3,N($E48)>=Params!$B$4)),"Bloqué",IF(AND(OR(N($G48)>=Params!$D$4,N($H48)>=Params!$E$4),N($I48)<=Params!$F$3),"Persévérant",IF(AND(N($J48)>=Params!$G$4,OR(N($G48)<=Params!$D$3,N($H48)<=Params!$E$3)),"Sporadique","Intermédiaire")))))) -> Sporadique | E48: {=XLOOKUP(A48, EQ!A:A, EQ!B:B, "")} -> 0.25 | F48: {=XLOOKUP(A48, RED!A:A, RED!B:B, "")} -> 0.125 | G48: =XLOOKUP(A48, INDIRECT("'"&G$1&"'!A:A"), INDIRECT("'"&G$1&"'!B:B"), "") -> 7 | H48: =XLOOKUP($A48, INDIRECT("'"&H$1&"'!A:A"), INDIRECT("'"&H$1&"'!B:B"), "") -> 3 | I48: =XLOOKUP($A48, INDIRECT("'"&I$1&"'!A:A"), INDIRECT("'"&I$1&"'!B:B"), "") -> 0.57142857 | J48: =XLOOKUP($A48, INDIRECT("'"&J$1&"'!A:A"), INDIRECT("'"&J$1&"'!B:B"), "") -> 0.33333333 | K48: =XLOOKUP($A48, INDIRECT("'"&K$1&"'!A:A"), INDIRECT("'"&K$1&"'!B:B"), "") -> 0.43428571
A49: =EQ!A93 -> d87811d4a1e9ba86c382fda19de6f7d1ad04b42f8c0dceeb81cd7cafc1008ed8 | B49: {=XLOOKUP(A49, Notes!A:A, Notes!B:B, "")} -> 73.16 | C49: =IFERROR(IMAGE(VLOOKUP(A49,DriveImages!A:C,3,FALSE),4,240,520),"") | D49: =IF($A49="","",IF(AND(N($G49)<=Params!$D$2,N($H49)<=Params!$E$2),"Peu actif",IF(AND(N($I49)>=Params!$F$4,N($E49)<=Params!$B$2,N($F49)<=Params!$C$2),"Efficace",IF(AND(N($F49)>=Params!$C$4,OR(N($I49)<=Params!$F$3,N($E49)>=Params!$B$4)),"Bloqué",IF(AND(OR(N($G49)>=Params!$D$4,N($H49)>=Params!$E$4),N($I49)<=Params!$F$3),"Persévérant",IF(AND(N($J49)>=Params!$G$4,OR(N($G49)<=Params!$D$3,N($H49)<=Params!$E$3)),"Sporadique","Intermédiaire")))))) -> Intermédiaire | E49: {=XLOOKUP(A49, EQ!A:A, EQ!B:B, "")} -> 0.31818182 | F49: {=XLOOKUP(A49, RED!A:A, RED!B:B, "")} -> 0.25649351 | G49: =XLOOKUP(A49, INDIRECT("'"&G$1&"'!A:A"), INDIRECT("'"&G$1&"'!B:B"), "") -> 24 | H49: =XLOOKUP($A49, INDIRECT("'"&H$1&"'!A:A"), INDIRECT("'"&H$1&"'!B:B"), "") -> 3 | I49: =XLOOKUP($A49, INDIRECT("'"&I$1&"'!A:A"), INDIRECT("'"&I$1&"'!B:B"), "") -> 0.58333333 | J49: =XLOOKUP($A49, INDIRECT("'"&J$1&"'!A:A"), INDIRECT("'"&J$1&"'!B:B"), "") -> 0.086956522 | K49: =XLOOKUP($A49, INDIRECT("'"&K$1&"'!A:A"), INDIRECT("'"&K$1&"'!B:B"), "") -> 0.43318183
A50: =EQ!A68 -> a1437f4d7c5982c950cc3bb1cfab162aa1470eb7263b45d865b404015088558b | B50: {=XLOOKUP(A50, Notes!A:A, Notes!B:B, "")} -> 61.91 | C50: =IFERROR(IMAGE(VLOOKUP(A50,DriveImages!A:C,3,FALSE),4,240,520),"") | D50: =IF($A50="","",IF(AND(N($G50)<=Params!$D$2,N($H50)<=Params!$E$2),"Peu actif", IF(AND(N($I50)>=Params!$F$4,N($E50)<=Params!$B$2,N($F50)<=Params!$C$2),"Efficace", IF(AND(N($F50)>=Params!$C$4,OR(N($I50)<=Params!$F$3,N($E50)>=Params!$B$4)),"Bloqué", IF(AND(OR(N($G50)>=Params!$D$4,N($H50)>=Params!$E$4),N($I50)<=Params!$F$3),"Persévérant", IF(AND(N($J50)>=Params!$G$4,OR(N($G50)<=Params!$D$3,N($H50)<=Params!$E$3)),"Sporadique", "Intermédiaire")))))) -> Efficace | E50: {=XLOOKUP(A50, EQ!A:A, EQ!B:B, "")} -> 0 | F50: {=XLOOKUP(A50, RED!A:A, RED!B:B, "")} -> 0 | G50: =XLOOKUP(A50, INDIRECT("'"&G$1&"'!A:A"), INDIRECT("'"&G$1&"'!B:B"), "") -> 4 | H50: =XLOOKUP($A50, INDIRECT("'"&H$1&"'!A:A"), INDIRECT("'"&H$1&"'!B:B"), "") -> 2 | I50: =XLOOKUP($A50, INDIRECT("'"&I$1&"'!A:A"), INDIRECT("'"&I$1&"'!B:B"), "") -> 0.75 | J50: =XLOOKUP($A50, INDIRECT("'"&J$1&"'!A:A"), INDIRECT("'"&J$1&"'!B:B"), "") -> 0.33333333 | K50: =XLOOKUP($A50, INDIRECT("'"&K$1&"'!A:A"), INDIRECT("'"&K$1&"'!B:B"), "") -> 0.43181825
A51: =EQ!A6 -> 098d08de95d38eeec0842ad11e1e98d03c5afff456588f8ec0e9b2842aae39a3 | B51: {=XLOOKUP(A51, Notes!A:A, Notes!B:B, "")} -> 86.16 | C51: =IFERROR(IMAGE(VLOOKUP(A51,DriveImages!A:C,3,FALSE),4,240,520),"") | D51: =IF($A51="","",IF(AND(N($G51)<=Params!$D$2,N($H51)<=Params!$E$2),"Peu actif",IF(AND(N($I51)>=Params!$F$4,N($E51)<=Params!$B$2,N($F51)<=Params!$C$2),"Efficace",IF(AND(N($F51)>=Params!$C$4,OR(N($I51)<=Params!$F$3,N($E51)>=Params!$B$4)),"Bloqué",IF(AND(OR(N($G51)>=Params!$D$4,N($H51)>=Params!$E$4),N($I51)<=Params!$F$3),"Persévérant",IF(AND(N($J51)>=Params!$G$4,OR(N($G51)<=Params!$D$3,N($H51)<=Params!$E$3)),"Sporadique","Intermédiaire")))))) -> Efficace | E51: {=XLOOKUP(A51, EQ!A:A, EQ!B:B, "")} -> 0 | F51: {=XLOOKUP(A51, RED!A:A, RED!B:B, "")} -> 0 | G51: =XLOOKUP(A51, INDIRECT("'"&G$1&"'!A:A"), INDIRECT("'"&G$1&"'!B:B"), "") -> 4 | H51: =XLOOKUP($A51, INDIRECT("'"&H$1&"'!A:A"), INDIRECT("'"&H$1&"'!B:B"), "") -> 2 | I51: =XLOOKUP($A51, INDIRECT("'"&I$1&"'!A:A"), INDIRECT("'"&I$1&"'!B:B"), "") -> 0.75 | J51: =XLOOKUP($A51, INDIRECT("'"&J$1&"'!A:A"), INDIRECT("'"&J$1&"'!B:B"), "") -> 0.33333333 | K51: =XLOOKUP($A51, INDIRECT("'"&K$1&"'!A:A"), INDIRECT("'"&K$1&"'!B:B"), "") -> 0.43
A52: =EQ!A28 -> 453482ae02a485dd6eda2426eae4181835e1451a36229f550d4efb9d8a7a9470 | B52: {=XLOOKUP(A52, Notes!A:A, Notes!B:B, "")} -> 40.5 | C52: =IFERROR(IMAGE(VLOOKUP(A52,DriveImages!A:C,3,FALSE),4,240,520),"") | D52: =IF($A52="","",IF(AND(N($G52)<=Params!$D$2,N($H52)<=Params!$E$2),"Peu actif",IF(AND(N($I52)>=Params!$F$4,N($E52)<=Params!$B$2,N($F52)<=Params!$C$2),"Efficace",IF(AND(N($F52)>=Params!$C$4,OR(N($I52)<=Params!$F$3,N($E52)>=Params!$B$4)),"Bloqué",IF(AND(OR(N($G52)>=Params!$D$4,N($H52)>=Params!$E$4),N($I52)<=Params!$F$3),"Persévérant",IF(AND(N($J52)>=Params!$G$4,OR(N($G52)<=Params!$D$3,N($H52)<=Params!$E$3)),"Sporadique","Intermédiaire")))))) -> Intermédiaire | E52: {=XLOOKUP(A52, EQ!A:A, EQ!B:B, "")} -> 0.2 | F52: {=XLOOKUP(A52, RED!A:A, RED!B:B, "")} -> 0.1 | G52: =XLOOKUP(A52, INDIRECT("'"&G$1&"'!A:A"), INDIRECT("'"&G$1&"'!B:B"), "") -> 6 | H52: =XLOOKUP($A52, INDIRECT("'"&H$1&"'!A:A"), INDIRECT("'"&H$1&"'!B:B"), "") -> 1 | I52: =XLOOKUP($A52, INDIRECT("'"&I$1&"'!A:A"), INDIRECT("'"&I$1&"'!B:B"), "") -> 0.66666667 | J52: =XLOOKUP($A52, INDIRECT("'"&J$1&"'!A:A"), INDIRECT("'"&J$1&"'!B:B"), "") -> 0 | K52: =XLOOKUP($A52, INDIRECT("'"&K$1&"'!A:A"), INDIRECT("'"&K$1&"'!B:B"), "") -> 0.42
A53: =EQ!A34 -> 53b87d41de61b0eb5ef6562222f1f3bcd5b5ce1da053e57f47b6ed23d7aa8502 | B53: {=XLOOKUP(A53, Notes!A:A, Notes!B:B, "")} -> 47.66 | C53: =IFERROR(IMAGE(VLOOKUP(A53,DriveImages!A:C,3,FALSE),4,240,520),"") | D53: =IF($A53="","",IF(AND(N($G53)<=Params!$D$2,N($H53)<=Params!$E$2),"Peu actif",IF(AND(N($I53)>=Params!$F$4,N($E53)<=Params!$B$2,N($F53)<=Params!$C$2),"Efficace",IF(AND(N($F53)>=Params!$C$4,OR(N($I53)<=Params!$F$3,N($E53)>=Params!$B$4)),"Bloqué",IF(AND(OR(N($G53)>=Params!$D$4,N($H53)>=Params!$E$4),N($I53)<=Params!$F$3),"Persévérant",IF(AND(N($J53)>=Params!$G$4,OR(N($G53)<=Params!$D$3,N($H53)<=Params!$E$3)),"Sporadique","Intermédiaire")))))) -> Persévérant | E53: {=XLOOKUP(A53, EQ!A:A, EQ!B:B, "")} -> 0.58 | F53: {=XLOOKUP(A53, RED!A:A, RED!B:B, "")} -> 0.51855263 | G53: =XLOOKUP(A53, INDIRECT("'"&G$1&"'!A:A"), INDIRECT("'"&G$1&"'!B:B"), "") -> 60 | H53: =XLOOKUP($A53, INDIRECT("'"&H$1&"'!A:A"), INDIRECT("'"&H$1&"'!B:B"), "") -> 2 | I53: =XLOOKUP($A53, INDIRECT("'"&I$1&"'!A:A"), INDIRECT("'"&I$1&"'!B:B"), "") -> 0.43333333 | J53: =XLOOKUP($A53, INDIRECT("'"&J$1&"'!A:A"), INDIRECT("'"&J$1&"'!B:B"), "") -> 0.016949153 | K53: =XLOOKUP($A53, INDIRECT("'"&K$1&"'!A:A"), INDIRECT("'"&K$1&"'!B:B"), "") -> 0.41845237
A54: =EQ!A27 -> 438f91a3a02080977006d5b4ee2c29f6e0d0b58e848dc92712f3982a1449f481 | B54: {=XLOOKUP(A54, Notes!A:A, Notes!B:B, "")} -> 60.42 | C54: =IFERROR(IMAGE(VLOOKUP(A54,DriveImages!A:C,3,FALSE),4,240,520),"") | D54: =IF($A54="","",IF(AND(N($G54)<=Params!$D$2,N($H54)<=Params!$E$2),"Peu actif",IF(AND(N($I54)>=Params!$F$4,N($E54)<=Params!$B$2,N($F54)<=Params!$C$2),"Efficace",IF(AND(N($F54)>=Params!$C$4,OR(N($I54)<=Params!$F$3,N($E54)>=Params!$B$4)),"Bloqué",IF(AND(OR(N($G54)>=Params!$D$4,N($H54)>=Params!$E$4),N($I54)<=Params!$F$3),"Persévérant",IF(AND(N($J54)>=Params!$G$4,OR(N($G54)<=Params!$D$3,N($H54)<=Params!$E$3)),"Sporadique","Intermédiaire")))))) -> Intermédiaire | E54: {=XLOOKUP(A54, EQ!A:A, EQ!B:B, "")} -> 0 | F54: {=XLOOKUP(A54, RED!A:A, RED!B:B, "")} -> 0 | G54: =XLOOKUP(A54, INDIRECT("'"&G$1&"'!A:A"), INDIRECT("'"&G$1&"'!B:B"), "") -> 6 | H54: =XLOOKUP($A54, INDIRECT("'"&H$1&"'!A:A"), INDIRECT("'"&H$1&"'!B:B"), "") -> 1 | I54: =XLOOKUP($A54, INDIRECT("'"&I$1&"'!A:A"), INDIRECT("'"&I$1&"'!B:B"), "") -> 0.66666667 | J54: =XLOOKUP($A54, INDIRECT("'"&J$1&"'!A:A"), INDIRECT("'"&J$1&"'!B:B"), "") -> 0 | K54: =XLOOKUP($A54, INDIRECT("'"&K$1&"'!A:A"), INDIRECT("'"&K$1&"'!B:B"), "") -> 0.41666667
A55: =EQ!A13 -> 23d73ca299f02110f10fe0b18902fd2ea5ad124d3a061f110083353b3899c369 | B55: {=XLOOKUP(A55, Notes!A:A, Notes!B:B, "")} -> 89.25 | C55: =IFERROR(IMAGE(VLOOKUP(A55,DriveImages!A:C,3,FALSE),4,240,520),"") | D55: =IF($A55="","",IF(AND(N($G55)<=Params!$D$2,N($H55)<=Params!$E$2),"Peu actif",IF(AND(N($I55)>=Params!$F$4,N($E55)<=Params!$B$2,N($F55)<=Params!$C$2),"Efficace",IF(AND(N($F55)>=Params!$C$4,OR(N($I55)<=Params!$F$3,N($E55)>=Params!$B$4)),"Bloqué",IF(AND(OR(N($G55)>=Params!$D$4,N($H55)>=Params!$E$4),N($I55)<=Params!$F$3),"Persévérant",IF(AND(N($J55)>=Params!$G$4,OR(N($G55)<=Params!$D$3,N($H55)<=Params!$E$3)),"Sporadique","Intermédiaire")))))) -> Intermédiaire | E55: {=XLOOKUP(A55, EQ!A:A, EQ!B:B, "")} -> 0.28571429 | F55: {=XLOOKUP(A55, RED!A:A, RED!B:B, "")} -> 0.16666667 | G55: =XLOOKUP(A55, INDIRECT("'"&G$1&"'!A:A"), INDIRECT("'"&G$1&"'!B:B"), "") -> 18 | H55: =XLOOKUP($A55, INDIRECT("'"&H$1&"'!A:A"), INDIRECT("'"&H$1&"'!B:B"), "") -> 3 | I55: =XLOOKUP($A55, INDIRECT("'"&I$1&"'!A:A"), INDIRECT("'"&I$1&"'!B:B"), "") -> 0.55555556 | J55: =XLOOKUP($A55, INDIRECT("'"&J$1&"'!A:A"), INDIRECT("'"&J$1&"'!B:B"), "") -> 0.11764706 | K55: =XLOOKUP($A55, INDIRECT("'"&K$1&"'!A:A"), INDIRECT("'"&K$1&"'!B:B"), "") -> 0.41388889
A56: =EQ!A42 -> 6b689d246c11ea35bf66a151aa4d7d83d1e1b11f9f3a3876c5d609048ea310f8 | B56: {=XLOOKUP(A56, Notes!A:A, Notes!B:B, "")} -> 39.42 | C56: =IFERROR(IMAGE(VLOOKUP(A56,DriveImages!A:C,3,FALSE),4,240,520),"") | D56: =IF($A56="","",IF(AND(N($G56)<=Params!$D$2,N($H56)<=Params!$E$2),"Peu actif",IF(AND(N($I56)>=Params!$F$4,N($E56)<=Params!$B$2,N($F56)<=Params!$C$2),"Efficace",IF(AND(N($F56)>=Params!$C$4,OR(N($I56)<=Params!$F$3,N($E56)>=Params!$B$4)),"Bloqué",IF(AND(OR(N($G56)>=Params!$D$4,N($H56)>=Params!$E$4),N($I56)<=Params!$F$3),"Persévérant",IF(AND(N($J56)>=Params!$G$4,OR(N($G56)<=Params!$D$3,N($H56)<=Params!$E$3)),"Sporadique","Intermédiaire")))))) -> Intermédiaire | E56: {=XLOOKUP(A56, EQ!A:A, EQ!B:B, "")} -> 0.25 | F56: {=XLOOKUP(A56, RED!A:A, RED!B:B, "")} -> 0.125 | G56: =XLOOKUP(A56, INDIRECT("'"&G$1&"'!A:A"), INDIRECT("'"&G$1&"'!B:B"), "") -> 11 | H56: =XLOOKUP($A56, INDIRECT("'"&H$1&"'!A:A"), INDIRECT("'"&H$1&"'!B:B"), "") -> 2 | I56: =XLOOKUP($A56, INDIRECT("'"&I$1&"'!A:A"), INDIRECT("'"&I$1&"'!B:B"), "") -> 0.54545455 | J56: =XLOOKUP($A56, INDIRECT("'"&J$1&"'!A:A"), INDIRECT("'"&J$1&"'!B:B"), "") -> 0.1 | K56: =XLOOKUP($A56, INDIRECT("'"&K$1&"'!A:A"), INDIRECT("'"&K$1&"'!B:B"), "") -> 0.40909091
A57: =EQ!A36 -> 5c075290e921279538ad0cbf9786e8855bd2c7f97a066c94d059d313cb34273b | B57: {=XLOOKUP(A57, Notes!A:A, Notes!B:B, "")} -> 61.23 | C57: =IFERROR(IMAGE(VLOOKUP(A57,DriveImages!A:C,3,FALSE),4,240,520),"") | D57: =IF($A57="","",IF(AND(N($G57)<=Params!$D$2,N($H57)<=Params!$E$2),"Peu actif",IF(AND(N($I57)>=Params!$F$4,N($E57)<=Params!$B$2,N($F57)<=Params!$C$2),"Efficace",IF(AND(N($F57)>=Params!$C$4,OR(N($I57)<=Params!$F$3,N($E57)>=Params!$B$4)),"Bloqué",IF(AND(OR(N($G57)>=Params!$D$4,N($H57)>=Params!$E$4),N($I57)<=Params!$F$3),"Persévérant",IF(AND(N($J57)>=Params!$G$4,OR(N($G57)<=Params!$D$3,N($H57)<=Params!$E$3)),"Sporadique","Intermédiaire")))))) -> Intermédiaire | E57: {=XLOOKUP(A57, EQ!A:A, EQ!B:B, "")} -> 0.1875 | F57: {=XLOOKUP(A57, RED!A:A, RED!B:B, "")} -> 0.140625 | G57: =XLOOKUP(A57, INDIRECT("'"&G$1&"'!A:A"), INDIRECT("'"&G$1&"'!B:B"), "") -> 23 | H57: =XLOOKUP($A57, INDIRECT("'"&H$1&"'!A:A"), INDIRECT("'"&H$1&"'!B:B"), "") -> 4 | I57: =XLOOKUP($A57, INDIRECT("'"&I$1&"'!A:A"), INDIRECT("'"&I$1&"'!B:B"), "") -> 0.56521739 | J57: =XLOOKUP($A57, INDIRECT("'"&J$1&"'!A:A"), INDIRECT("'"&J$1&"'!B:B"), "") -> 0.13636364 | K57: =XLOOKUP($A57, INDIRECT("'"&K$1&"'!A:A"), INDIRECT("'"&K$1&"'!B:B"), "") -> 0.40518396
A58: =EQ!A94 -> d9381190f981d16a88149206249465bb181ce58d6359562dea944f4d477363e3 | B58: {=XLOOKUP(A58, Notes!A:A, Notes!B:B, "")} -> 52.9 | C58: =IFERROR(IMAGE(VLOOKUP(A58,DriveImages!A:C,3,FALSE),4,240,520),"") | D58: =IF($A58="","",IF(AND(N($G58)<=Params!$D$2,N($H58)<=Params!$E$2),"Peu actif",IF(AND(N($I58)>=Params!$F$4,N($E58)<=Params!$B$2,N($F58)<=Params!$C$2),"Efficace",IF(AND(N($F58)>=Params!$C$4,OR(N($I58)<=Params!$F$3,N($E58)>=Params!$B$4)),"Bloqué",IF(AND(OR(N($G58)>=Params!$D$4,N($H58)>=Params!$E$4),N($I58)<=Params!$F$3),"Persévérant",IF(AND(N($J58)>=Params!$G$4,OR(N($G58)<=Params!$D$3,N($H58)<=Params!$E$3)),"Sporadique","Intermédiaire")))))) -> Intermédiaire | E58: {=XLOOKUP(A58, EQ!A:A, EQ!B:B, "")} -> 0.25 | F58: {=XLOOKUP(A58, RED!A:A, RED!B:B, "")} -> 0.125 | G58: =XLOOKUP(A58, INDIRECT("'"&G$1&"'!A:A"), INDIRECT("'"&G$1&"'!B:B"), "") -> 12 | H58: =XLOOKUP($A58, INDIRECT("'"&H$1&"'!A:A"), INDIRECT("'"&H$1&"'!B:B"), "") -> 1 | I58: =XLOOKUP($A58, INDIRECT("'"&I$1&"'!A:A"), INDIRECT("'"&I$1&"'!B:B"), "") -> 0.41666667 | J58: =XLOOKUP($A58, INDIRECT("'"&J$1&"'!A:A"), INDIRECT("'"&J$1&"'!B:B"), "") -> 0 | K58: =XLOOKUP($A58, INDIRECT("'"&K$1&"'!A:A"), INDIRECT("'"&K$1&"'!B:B"), "") -> 0.40333333
A59: =EQ!A89 -> cf13a4b65841c7dceb8412708517c5be0cdedb328ac511655c4a95ee813d548b | B59: {=XLOOKUP(A59, Notes!A:A, Notes!B:B, "")} -> 38.25 | C59: =IFERROR(IMAGE(VLOOKUP(A59,DriveImages!A:C,3,FALSE),4,240,520),"") | D59: =IF($A59="","",IF(AND(N($G59)<=Params!$D$2,N($H59)<=Params!$E$2),"Peu actif",IF(AND(N($I59)>=Params!$F$4,N($E59)<=Params!$B$2,N($F59)<=Params!$C$2),"Efficace",IF(AND(N($F59)>=Params!$C$4,OR(N($I59)<=Params!$F$3,N($E59)>=Params!$B$4)),"Bloqué",IF(AND(OR(N($G59)>=Params!$D$4,N($H59)>=Params!$E$4),N($I59)<=Params!$F$3),"Persévérant",IF(AND(N($J59)>=Params!$G$4,OR(N($G59)<=Params!$D$3,N($H59)<=Params!$E$3)),"Sporadique","Intermédiaire")))))) -> Peu actif | E59: {=XLOOKUP(A59, EQ!A:A, EQ!B:B, "")} -> 0.5 | F59: {=XLOOKUP(A59, RED!A:A, RED!B:B, "")} -> 0.33333333 | G59: =XLOOKUP(A59, INDIRECT("'"&G$1&"'!A:A"), INDIRECT("'"&G$1&"'!B:B"), "") -> 5 | H59: =XLOOKUP($A59, INDIRECT("'"&H$1&"'!A:A"), INDIRECT("'"&H$1&"'!B:B"), "") -> 1 | I59: =XLOOKUP($A59, INDIRECT("'"&I$1&"'!A:A"), INDIRECT("'"&I$1&"'!B:B"), "") -> 0.4 | J59: =XLOOKUP($A59, INDIRECT("'"&J$1&"'!A:A"), INDIRECT("'"&J$1&"'!B:B"), "") -> 0 | K59: =XLOOKUP($A59, INDIRECT("'"&K$1&"'!A:A"), INDIRECT("'"&K$1&"'!B:B"), "") -> 0.4
A60: =EQ!A22 -> 351cff49ce968bd6bb542470c3004131a5042932b5f2cb0e7ea8492770b77485 | B60: {=XLOOKUP(A60, Notes!A:A, Notes!B:B, "")} -> 48 | C60: =IFERROR(IMAGE(VLOOKUP(A60,DriveImages!A:C,3,FALSE),4,240,520),"") | D60: =IF($A60="","",IF(AND(N($G60)<=Params!$D$2,N($H60)<=Params!$E$2),"Peu actif",IF(AND(N($I60)>=Params!$F$4,N($E60)<=Params!$B$2,N($F60)<=Params!$C$2),"Efficace",IF(AND(N($F60)>=Params!$C$4,OR(N($I60)<=Params!$F$3,N($E60)>=Params!$B$4)),"Bloqué",IF(AND(OR(N($G60)>=Params!$D$4,N($H60)>=Params!$E$4),N($I60)<=Params!$F$3),"Persévérant",IF(AND(N($J60)>=Params!$G$4,OR(N($G60)<=Params!$D$3,N($H60)<=Params!$E$3)),"Sporadique","Intermédiaire")))))) -> Sporadique | E60: {=XLOOKUP(A60, EQ!A:A, EQ!B:B, "")} -> 0.33333333 | F60: {=XLOOKUP(A60, RED!A:A, RED!B:B, "")} -> 0.16666667 | G60: =XLOOKUP(A60, INDIRECT("'"&G$1&"'!A:A"), INDIRECT("'"&G$1&"'!B:B"), "") -> 5 | H60: =XLOOKUP($A60, INDIRECT("'"&H$1&"'!A:A"), INDIRECT("'"&H$1&"'!B:B"), "") -> 2 | I60: =XLOOKUP($A60, INDIRECT("'"&I$1&"'!A:A"), INDIRECT("'"&I$1&"'!B:B"), "") -> 0.4 | J60: =XLOOKUP($A60, INDIRECT("'"&J$1&"'!A:A"), INDIRECT("'"&J$1&"'!B:B"), "") -> 0.25 | K60: =XLOOKUP($A60, INDIRECT("'"&K$1&"'!A:A"), INDIRECT("'"&K$1&"'!B:B"), "") -> 0.4
A61: =EQ!A44 -> 6d7f68c6bb26c8342bf3a3e21bb30c4a24aa6ccd9d3319af32684e6641052dcd | B61: {=XLOOKUP(A61, Notes!A:A, Notes!B:B, "")} -> 66.03 | C61: =IFERROR(IMAGE(VLOOKUP(A61,DriveImages!A:C,3,FALSE),4,240,520),"") | D61: =IF($A61="","",IF(AND(N($G61)<=Params!$D$2,N($H61)<=Params!$E$2),"Peu actif",IF(AND(N($I61)>=Params!$F$4,N($E61)<=Params!$B$2,N($F61)<=Params!$C$2),"Efficace",IF(AND(N($F61)>=Params!$C$4,OR(N($I61)<=Params!$F$3,N($E61)>=Params!$B$4)),"Bloqué",IF(AND(OR(N($G61)>=Params!$D$4,N($H61)>=Params!$E$4),N($I61)<=Params!$F$3),"Persévérant",IF(AND(N($J61)>=Params!$G$4,OR(N($G61)<=Params!$D$3,N($H61)<=Params!$E$3)),"Sporadique","Intermédiaire")))))) -> Intermédiaire | E61: {=XLOOKUP(A61, EQ!A:A, EQ!B:B, "")} -> 0.33333333 | F61: {=XLOOKUP(A61, RED!A:A, RED!B:B, "")} -> 0.16666667 | G61: =XLOOKUP(A61, INDIRECT("'"&G$1&"'!A:A"), INDIRECT("'"&G$1&"'!B:B"), "") -> 7 | H61: =XLOOKUP($A61, INDIRECT("'"&H$1&"'!A:A"), INDIRECT("'"&H$1&"'!B:B"), "") -> 1 | I61: =XLOOKUP($A61, INDIRECT("'"&I$1&"'!A:A"), INDIRECT("'"&I$1&"'!B:B"), "") -> 0.42857143 | J61: =XLOOKUP($A61, INDIRECT("'"&J$1&"'!A:A"), INDIRECT("'"&J$1&"'!B:B"), "") -> 0 | K61: =XLOOKUP($A61, INDIRECT("'"&K$1&"'!A:A"), INDIRECT("'"&K$1&"'!B:B"), "") -> 0.39795914
A62: =EQ!A26 -> 4225b96eae6636e51ed4b87746263b9e5d0e927d67326324fbf1544230fa6fb8 | B62: {=XLOOKUP(A62, Notes!A:A, Notes!B:B, "")} -> 36.71 | C62: =IFERROR(IMAGE(VLOOKUP(A62,DriveImages!A:C,3,FALSE),4,240,520),"") | D62: =IF($A62="","",IF(AND(N($G62)<=Params!$D$2,N($H62)<=Params!$E$2),"Peu actif",IF(AND(N($I62)>=Params!$F$4,N($E62)<=Params!$B$2,N($F62)<=Params!$C$2),"Efficace",IF(AND(N($F62)>=Params!$C$4,OR(N($I62)<=Params!$F$3,N($E62)>=Params!$B$4)),"Bloqué",IF(AND(OR(N($G62)>=Params!$D$4,N($H62)>=Params!$E$4),N($I62)<=Params!$F$3),"Persévérant",IF(AND(N($J62)>=Params!$G$4,OR(N($G62)<=Params!$D$3,N($H62)<=Params!$E$3)),"Sporadique","Intermédiaire")))))) -> Intermédiaire | E62: {=XLOOKUP(A62, EQ!A:A, EQ!B:B, "")} -> 0.2 | F62: {=XLOOKUP(A62, RED!A:A, RED!B:B, "")} -> 0.1 | G62: =XLOOKUP(A62, INDIRECT("'"&G$1&"'!A:A"), INDIRECT("'"&G$1&"'!B:B"), "") -> 6 | H62: =XLOOKUP($A62, INDIRECT("'"&H$1&"'!A:A"), INDIRECT("'"&H$1&"'!B:B"), "") -> 1 | I62: =XLOOKUP($A62, INDIRECT("'"&I$1&"'!A:A"), INDIRECT("'"&I$1&"'!B:B"), "") -> 0.66666667 | J62: =XLOOKUP($A62, INDIRECT("'"&J$1&"'!A:A"), INDIRECT("'"&J$1&"'!B:B"), "") -> 0 | K62: =XLOOKUP($A62, INDIRECT("'"&K$1&"'!A:A"), INDIRECT("'"&K$1&"'!B:B"), "") -> 0.38636383
A63: =EQ!A14 -> 23e416c6f9deb987ac8f8f136e8551133ba63c734122e2f82eaeec72b03bad9e | B63: {=XLOOKUP(A63, Notes!A:A, Notes!B:B, "")} -> 65.54 | C63: =IFERROR(IMAGE(VLOOKUP(A63,DriveImages!A:C,3,FALSE),4,240,520),"") | D63: =IF($A63="","",IF(AND(N($G63)<=Params!$D$2,N($H63)<=Params!$E$2),"Peu actif",IF(AND(N($I63)>=Params!$F$4,N($E63)<=Params!$B$2,N($F63)<=Params!$C$2),"Efficace",IF(AND(N($F63)>=Params!$C$4,OR(N($I63)<=Params!$F$3,N($E63)>=Params!$B$4)),"Bloqué",IF(AND(OR(N($G63)>=Params!$D$4,N($H63)>=Params!$E$4),N($I63)<=Params!$F$3),"Persévérant",IF(AND(N($J63)>=Params!$G$4,OR(N($G63)<=Params!$D$3,N($H63)<=Params!$E$3)),"Sporadique","Intermédiaire")))))) -> Persévérant | E63: {=XLOOKUP(A63, EQ!A:A, EQ!B:B, "")} -> 0.54166667 | F63: {=XLOOKUP(A63, RED!A:A, RED!B:B, "")} -> 0.46180556 | G63: =XLOOKUP(A63, INDIRECT("'"&G$1&"'!A:A"), INDIRECT("'"&G$1&"'!B:B"), "") -> 32 | H63: =XLOOKUP($A63, INDIRECT("'"&H$1&"'!A:A"), INDIRECT("'"&H$1&"'!B:B"), "") -> 2 | I63: =XLOOKUP($A63, INDIRECT("'"&I$1&"'!A:A"), INDIRECT("'"&I$1&"'!B:B"), "") -> 0.375 | J63: =XLOOKUP($A63, INDIRECT("'"&J$1&"'!A:A"), INDIRECT("'"&J$1&"'!B:B"), "") -> 0.032258065 | K63: =XLOOKUP($A63, INDIRECT("'"&K$1&"'!A:A"), INDIRECT("'"&K$1&"'!B:B"), "") -> 0.35602675
A64: =EQ!A92 -> d46637522853433efdf1806e2e5336c312d5ba0ff0a32b80468e96b8abf11c04 | B64: {=XLOOKUP(A64, Notes!A:A, Notes!B:B, "")} -> 23.25 | C64: =IFERROR(IMAGE(VLOOKUP(A64,DriveImages!A:C,3,FALSE),4,240,520),"") | D64: =IF($A64="","",IF(AND(N($G64)<=Params!$D$2,N($H64)<=Params!$E$2),"Peu actif",IF(AND(N($I64)>=Params!$F$4,N($E64)<=Params!$B$2,N($F64)<=Params!$C$2),"Efficace",IF(AND(N($F64)>=Params!$C$4,OR(N($I64)<=Params!$F$3,N($E64)>=Params!$B$4)),"Bloqué",IF(AND(OR(N($G64)>=Params!$D$4,N($H64)>=Params!$E$4),N($I64)<=Params!$F$3),"Persévérant",IF(AND(N($J64)>=Params!$G$4,OR(N($G64)<=Params!$D$3,N($H64)<=Params!$E$3)),"Sporadique","Intermédiaire")))))) -> Bloqué | E64: {=XLOOKUP(A64, EQ!A:A, EQ!B:B, "")} -> 0.64705882 | F64: {=XLOOKUP(A64, RED!A:A, RED!B:B, "")} -> 0.59313725 | G64: =XLOOKUP(A64, INDIRECT("'"&G$1&"'!A:A"), INDIRECT("'"&G$1&"'!B:B"), "") -> 22 | H64: =XLOOKUP($A64, INDIRECT("'"&H$1&"'!A:A"), INDIRECT("'"&H$1&"'!B:B"), "") -> 4 | I64: =XLOOKUP($A64, INDIRECT("'"&I$1&"'!A:A"), INDIRECT("'"&I$1&"'!B:B"), "") -> 0.40909091 | J64: =XLOOKUP($A64, INDIRECT("'"&J$1&"'!A:A"), INDIRECT("'"&J$1&"'!B:B"), "") -> 0.14285714 | K64: =XLOOKUP($A64, INDIRECT("'"&K$1&"'!A:A"), INDIRECT("'"&K$1&"'!B:B"), "") -> 0.344389
A65: =EQ!A74 -> aff3f9448ca917cc6f9b0fa8f92a2dadcee4f890337259421ce866e71ff22c49 | B65: {=XLOOKUP(A65, Notes!A:A, Notes!B:B, "")} -> 76.45 | C65: =IFERROR(IMAGE(VLOOKUP(A65,DriveImages!A:C,3,FALSE),4,240,520),"") | D65: =IF($A65="","",IF(AND(N($G65)<=Params!$D$2,N($H65)<=Params!$E$2),"Peu actif",IF(AND(N($I65)>=Params!$F$4,N($E65)<=Params!$B$2,N($F65)<=Params!$C$2),"Efficace",IF(AND(N($F65)>=Params!$C$4,OR(N($I65)<=Params!$F$3,N($E65)>=Params!$B$4)),"Bloqué",IF(AND(OR(N($G65)>=Params!$D$4,N($H65)>=Params!$E$4),N($I65)<=Params!$F$3),"Persévérant",IF(AND(N($J65)>=Params!$G$4,OR(N($G65)<=Params!$D$3,N($H65)<=Params!$E$3)),"Sporadique","Intermédiaire")))))) -> Intermédiaire | E65: {=XLOOKUP(A65, EQ!A:A, EQ!B:B, "")} -> 0.625 | F65: {=XLOOKUP(A65, RED!A:A, RED!B:B, "")} -> 0.52083333 | G65: =XLOOKUP(A65, INDIRECT("'"&G$1&"'!A:A"), INDIRECT("'"&G$1&"'!B:B"), "") -> 11 | H65: =XLOOKUP($A65, INDIRECT("'"&H$1&"'!A:A"), INDIRECT("'"&H$1&"'!B:B"), "") -> 2 | I65: =XLOOKUP($A65, INDIRECT("'"&I$1&"'!A:A"), INDIRECT("'"&I$1&"'!B:B"), "") -> 0.36363636 | J65: =XLOOKUP($A65, INDIRECT("'"&J$1&"'!A:A"), INDIRECT("'"&J$1&"'!B:B"), "") -> 0.1 | K65: =XLOOKUP($A65, INDIRECT("'"&K$1&"'!A:A"), INDIRECT("'"&K$1&"'!B:B"), "") -> 0.33766236
A66: =EQ!A19 -> 33d11b837cec96010145671e6661210fd68f3004627f8929038256ca7a8d8ebf | B66: {=XLOOKUP(A66, Notes!A:A, Notes!B:B, "")} -> 84.65 | C66: =IFERROR(IMAGE(VLOOKUP(A66,DriveImages!A:C,3,FALSE),4,240,520),"") | D66: =IF($A66="","",IF(AND(N($G66)<=Params!$D$2,N($H66)<=Params!$E$2),"Peu actif",IF(AND(N($I66)>=Params!$F$4,N($E66)<=Params!$B$2,N($F66)<=Params!$C$2),"Efficace",IF(AND(N($F66)>=Params!$C$4,OR(N($I66)<=Params!$F$3,N($E66)>=Params!$B$4)),"Bloqué",IF(AND(OR(N($G66)>=Params!$D$4,N($H66)>=Params!$E$4),N($I66)<=Params!$F$3),"Persévérant",IF(AND(N($J66)>=Params!$G$4,OR(N($G66)<=Params!$D$3,N($H66)<=Params!$E$3)),"Sporadique","Intermédiaire")))))) -> Efficace | E66: {=XLOOKUP(A66, EQ!A:A, EQ!B:B, "")} -> 0 | F66: {=XLOOKUP(A66, RED!A:A, RED!B:B, "")} -> 0 | G66: =XLOOKUP(A66, INDIRECT("'"&G$1&"'!A:A"), INDIRECT("'"&G$1&"'!B:B"), "") -> 11 | H66: =XLOOKUP($A66, INDIRECT("'"&H$1&"'!A:A"), INDIRECT("'"&H$1&"'!B:B"), "") -> 2 | I66: =XLOOKUP($A66, INDIRECT("'"&I$1&"'!A:A"), INDIRECT("'"&I$1&"'!B:B"), "") -> 0.81818182 | J66: =XLOOKUP($A66, INDIRECT("'"&J$1&"'!A:A"), INDIRECT("'"&J$1&"'!B:B"), "") -> 0.1 | K66: =XLOOKUP($A66, INDIRECT("'"&K$1&"'!A:A"), INDIRECT("'"&K$1&"'!B:B"), "") -> 0.33734255
A67: =EQ!A66 -> 95e604186e18386f749a6d26e0868477c65803267b7c4d7bf606f77b8bbe1da4 | B67: {=XLOOKUP(A67, Notes!A:A, Notes!B:B, "")} -> 60.89 | C67: =IFERROR(IMAGE(VLOOKUP(A67,DriveImages!A:C,3,FALSE),4,240,520),"") | D67: =IF($A67="","",IF(AND(N($G67)<=Params!$D$2,N($H67)<=Params!$E$2),"Peu actif",IF(AND(N($I67)>=Params!$F$4,N($E67)<=Params!$B$2,N($F67)<=Params!$C$2),"Efficace",IF(AND(N($F67)>=Params!$C$4,OR(N($I67)<=Params!$F$3,N($E67)>=Params!$B$4)),"Bloqué",IF(AND(OR(N($G67)>=Params!$D$4,N($H67)>=Params!$E$4),N($I67)<=Params!$F$3),"Persévérant",IF(AND(N($J67)>=Params!$G$4,OR(N($G67)<=Params!$D$3,N($H67)<=Params!$E$3)),"Sporadique","Intermédiaire")))))) -> Persévérant | E67: {=XLOOKUP(A67, EQ!A:A, EQ!B:B, "")} -> 0.57894737 | F67: {=XLOOKUP(A67, RED!A:A, RED!B:B, "")} -> 0.49649123 | G67: =XLOOKUP(A67, INDIRECT("'"&G$1&"'!A:A"), INDIRECT("'"&G$1&"'!B:B"), "") -> 23 | H67: =XLOOKUP($A67, INDIRECT("'"&H$1&"'!A:A"), INDIRECT("'"&H$1&"'!B:B"), "") -> 3 | I67: =XLOOKUP($A67, INDIRECT("'"&I$1&"'!A:A"), INDIRECT("'"&I$1&"'!B:B"), "") -> 0.39130435 | J67: =XLOOKUP($A67, INDIRECT("'"&J$1&"'!A:A"), INDIRECT("'"&J$1&"'!B:B"), "") -> 0.090909091 | K67: =XLOOKUP($A67, INDIRECT("'"&K$1&"'!A:A"), INDIRECT("'"&K$1&"'!B:B"), "") -> 0.32095596
A68: =EQ!A71 -> aa3e744d9ea1bfef5bac5c29b695be41bbe453b6bf59bb5ff04d04fe3ddb9b7e | B68: {=XLOOKUP(A68, Notes!A:A, Notes!B:B, "")} -> 76.25 | C68: =IFERROR(IMAGE(VLOOKUP(A68,DriveImages!A:C,3,FALSE),4,240,520),"") | D68: =IF($A68="","",IF(AND(N($G68)<=Params!$D$2,N($H68)<=Params!$E$2),"Peu actif",IF(AND(N($I68)>=Params!$F$4,N($E68)<=Params!$B$2,N($F68)<=Params!$C$2),"Efficace",IF(AND(N($F68)>=Params!$C$4,OR(N($I68)<=Params!$F$3,N($E68)>=Params!$B$4)),"Bloqué",IF(AND(OR(N($G68)>=Params!$D$4,N($H68)>=Params!$E$4),N($I68)<=Params!$F$3),"Persévérant",IF(AND(N($J68)>=Params!$G$4,OR(N($G68)<=Params!$D$3,N($H68)<=Params!$E$3)),"Sporadique","Intermédiaire")))))) -> Intermédiaire | E68: {=XLOOKUP(A68, EQ!A:A, EQ!B:B, "")} -> 0.26315789 | F68: {=XLOOKUP(A68, RED!A:A, RED!B:B, "")} -> 0.19473684 | G68: =XLOOKUP(A68, INDIRECT("'"&G$1&"'!A:A"), INDIRECT("'"&G$1&"'!B:B"), "") -> 23 | H68: =XLOOKUP($A68, INDIRECT("'"&H$1&"'!A:A"), INDIRECT("'"&H$1&"'!B:B"), "") -> 4 | I68: =XLOOKUP($A68, INDIRECT("'"&I$1&"'!A:A"), INDIRECT("'"&I$1&"'!B:B"), "") -> 0.52173913 | J68: =XLOOKUP($A68, INDIRECT("'"&J$1&"'!A:A"), INDIRECT("'"&J$1&"'!B:B"), "") -> 0.13636364 | K68: =XLOOKUP($A68, INDIRECT("'"&K$1&"'!A:A"), INDIRECT("'"&K$1&"'!B:B"), "") -> 0.31991483
A69: =EQ!A39 -> 60dc13afd9db46855db7cb4b46b2429c473ae61d93c867bb13914cc0ee137a78 | B69: {=XLOOKUP(A69, Notes!A:A, Notes!B:B, "")} -> 84.25 | C69: =IFERROR(IMAGE(VLOOKUP(A69,DriveImages!A:C,3,FALSE),4,240,520),"") | D69: =IF($A69="","",IF(AND(N($G69)<=Params!$D$2,N($H69)<=Params!$E$2),"Peu actif",IF(AND(N($I69)>=Params!$F$4,N($E69)<=Params!$B$2,N($F69)<=Params!$C$2),"Efficace",IF(AND(N($F69)>=Params!$C$4,OR(N($I69)<=Params!$F$3,N($E69)>=Params!$B$4)),"Bloqué",IF(AND(OR(N($G69)>=Params!$D$4,N($H69)>=Params!$E$4),N($I69)<=Params!$F$3),"Persévérant",IF(AND(N($J69)>=Params!$G$4,OR(N($G69)<=Params!$D$3,N($H69)<=Params!$E$3)),"Sporadique","Intermédiaire")))))) -> Efficace | E69: {=XLOOKUP(A69, EQ!A:A, EQ!B:B, "")} -> 0.055555556 | F69: {=XLOOKUP(A69, RED!A:A, RED!B:B, "")} -> 0.02777778 | G69: =XLOOKUP(A69, INDIRECT("'"&G$1&"'!A:A"), INDIRECT("'"&G$1&"'!B:B"), "") -> 21 | H69: =XLOOKUP($A69, INDIRECT("'"&H$1&"'!A:A"), INDIRECT("'"&H$1&"'!B:B"), "") -> 3 | I69: =XLOOKUP($A69, INDIRECT("'"&I$1&"'!A:A"), INDIRECT("'"&I$1&"'!B:B"), "") -> 0.80952381 | J69: =XLOOKUP($A69, INDIRECT("'"&J$1&"'!A:A"), INDIRECT("'"&J$1&"'!B:B"), "") -> 0.1 | K69: =XLOOKUP($A69, INDIRECT("'"&K$1&"'!A:A"), INDIRECT("'"&K$1&"'!B:B"), "") -> 0.3177551
A70: =EQ!A108 -> fa7805c1d46ef49851de43750a665a993eef750b560159967106d3b96821759c | B70: {=XLOOKUP(A70, Notes!A:A, Notes!B:B, "")} -> 69.63 | C70: =IFERROR(IMAGE(VLOOKUP(A70,DriveImages!A:C,3,FALSE),4,240,520),"") | D70: =IF($A70="","",IF(AND(N($G70)<=Params!$D$2,N($H70)<=Params!$E$2),"Peu actif",IF(AND(N($I70)>=Params!$F$4,N($E70)<=Params!$B$2,N($F70)<=Params!$C$2),"Efficace",IF(AND(N($F70)>=Params!$C$4,OR(N($I70)<=Params!$F$3,N($E70)>=Params!$B$4)),"Bloqué",IF(AND(OR(N($G70)>=Params!$D$4,N($H70)>=Params!$E$4),N($I70)<=Params!$F$3),"Persévérant",IF(AND(N($J70)>=Params!$G$4,OR(N($G70)<=Params!$D$3,N($H70)<=Params!$E$3)),"Sporadique","Intermédiaire")))))) -> Intermédiaire | E70: {=XLOOKUP(A70, EQ!A:A, EQ!B:B, "")} -> 0.5 | F70: {=XLOOKUP(A70, RED!A:A, RED!B:B, "")} -> 0.34027778 | G70: =XLOOKUP(A70, INDIRECT("'"&G$1&"'!A:A"), INDIRECT("'"&G$1&"'!B:B"), "") -> 17 | H70: =XLOOKUP($A70, INDIRECT("'"&H$1&"'!A:A"), INDIRECT("'"&H$1&"'!B:B"), "") -> 2 | I70: =XLOOKUP($A70, INDIRECT("'"&I$1&"'!A:A"), INDIRECT("'"&I$1&"'!B:B"), "") -> 0.41176471 | J70: =XLOOKUP($A70, INDIRECT("'"&J$1&"'!A:A"), INDIRECT("'"&J$1&"'!B:B"), "") -> 0.0625 | K70: =XLOOKUP($A70, INDIRECT("'"&K$1&"'!A:A"), INDIRECT("'"&K$1&"'!B:B"), "") -> 0.31181324
A71: =EQ!A106 -> f8461dec16e4e6cc62d1cadd424373bdf634bdc01764d3df74cd9fff9658baff | B71: {=XLOOKUP(A71, Notes!A:A, Notes!B:B, "")} -> 0 | C71: =IFERROR(IMAGE(VLOOKUP(A71,DriveImages!A:C,3,FALSE),4,240,520),"") | D71: =IF($A71="","",IF(AND(N($G71)<=Params!$D$2,N($H71)<=Params!$E$2),"Peu actif",IF(AND(N($I71)>=Params!$F$4,N($E71)<=Params!$B$2,N($F71)<=Params!$C$2),"Efficace",IF(AND(N($F71)>=Params!$C$4,OR(N($I71)<=Params!$F$3,N($E71)>=Params!$B$4)),"Bloqué",IF(AND(OR(N($G71)>=Params!$D$4,N($H71)>=Params!$E$4),N($I71)<=Params!$F$3),"Persévérant",IF(AND(N($J71)>=Params!$G$4,OR(N($G71)<=Params!$D$3,N($H71)<=Params!$E$3)),"Sporadique","Intermédiaire")))))) -> Persévérant | E71: {=XLOOKUP(A71, EQ!A:A, EQ!B:B, "")} -> 0.63636364 | F71: {=XLOOKUP(A71, RED!A:A, RED!B:B, "")} -> 0.5004329 | G71: =XLOOKUP(A71, INDIRECT("'"&G$1&"'!A:A"), INDIRECT("'"&G$1&"'!B:B"), "") -> 29 | H71: =XLOOKUP($A71, INDIRECT("'"&H$1&"'!A:A"), INDIRECT("'"&H$1&"'!B:B"), "") -> 1 | I71: =XLOOKUP($A71, INDIRECT("'"&I$1&"'!A:A"), INDIRECT("'"&I$1&"'!B:B"), "") -> 0.34482759 | J71: =XLOOKUP($A71, INDIRECT("'"&J$1&"'!A:A"), INDIRECT("'"&J$1&"'!B:B"), "") -> 0 | K71: =XLOOKUP($A71, INDIRECT("'"&K$1&"'!A:A"), INDIRECT("'"&K$1&"'!B:B"), "") -> 0.2942279
A72: =EQ!A20 -> 345dad5114b3cd453211fb2463b2677b927fb8bed5528f041e0451dfd0f2dca2 | B72: {=XLOOKUP(A72, Notes!A:A, Notes!B:B, "")} -> 64.44 | C72: =IFERROR(IMAGE(VLOOKUP(A72,DriveImages!A:C,3,FALSE),4,240,520),"") | D72: =IF($A72="","",IF(AND(N($G72)<=Params!$D$2,N($H72)<=Params!$E$2),"Peu actif",IF(AND(N($I72)>=Params!$F$4,N($E72)<=Params!$B$2,N($F72)<=Params!$C$2),"Efficace",IF(AND(N($F72)>=Params!$C$4,OR(N($I72)<=Params!$F$3,N($E72)>=Params!$B$4)),"Bloqué",IF(AND(OR(N($G72)>=Params!$D$4,N($H72)>=Params!$E$4),N($I72)<=Params!$F$3),"Persévérant",IF(AND(N($J72)>=Params!$G$4,OR(N($G72)<=Params!$D$3,N($H72)<=Params!$E$3)),"Sporadique","Intermédiaire")))))) -> Intermédiaire | E72: {=XLOOKUP(A72, EQ!A:A, EQ!B:B, "")} -> 0.26086957 | F72: {=XLOOKUP(A72, RED!A:A, RED!B:B, "")} -> 0.20289855 | G72: =XLOOKUP(A72, INDIRECT("'"&G$1&"'!A:A"), INDIRECT("'"&G$1&"'!B:B"), "") -> 26 | H72: =XLOOKUP($A72, INDIRECT("'"&H$1&"'!A:A"), INDIRECT("'"&H$1&"'!B:B"), "") -> 3 | I72: =XLOOKUP($A72, INDIRECT("'"&I$1&"'!A:A"), INDIRECT("'"&I$1&"'!B:B"), "") -> 0.57692308 | J72: =XLOOKUP($A72, INDIRECT("'"&J$1&"'!A:A"), INDIRECT("'"&J$1&"'!B:B"), "") -> 0.08 | K72: =XLOOKUP($A72, INDIRECT("'"&K$1&"'!A:A"), INDIRECT("'"&K$1&"'!B:B"), "") -> 0.28227772
A73: =EQ!A84 -> c8d01afd1e4a742fb48896441f92f6f4f1c21f02b0059b58f21e1c6efb099eb2 | B73: {=XLOOKUP(A73, Notes!A:A, Notes!B:B, "")} -> 89.48 | C73: =IFERROR(IMAGE(VLOOKUP(A73,DriveImages!A:C,3,FALSE),4,240,520),"") | D73: =IF($A73="","",IF(AND(N($G73)<=Params!$D$2,N($H73)<=Params!$E$2),"Peu actif",IF(AND(N($I73)>=Params!$F$4,N($E73)<=Params!$B$2,N($F73)<=Params!$C$2),"Efficace",IF(AND(N($F73)>=Params!$C$4,OR(N($I73)<=Params!$F$3,N($E73)>=Params!$B$4)),"Bloqué",IF(AND(OR(N($G73)>=Params!$D$4,N($H73)>=Params!$E$4),N($I73)<=Params!$F$3),"Persévérant",IF(AND(N($J73)>=Params!$G$4,OR(N($G73)<=Params!$D$3,N($H73)<=Params!$E$3)),"Sporadique","Intermédiaire")))))) -> Persévérant | E73: {=XLOOKUP(A73, EQ!A:A, EQ!B:B, "")} -> 0.38461538 | F73: {=XLOOKUP(A73, RED!A:A, RED!B:B, "")} -> 0.29326923 | G73: =XLOOKUP(A73, INDIRECT("'"&G$1&"'!A:A"), INDIRECT("'"&G$1&"'!B:B"), "") -> 30 | H73: =XLOOKUP($A73, INDIRECT("'"&H$1&"'!A:A"), INDIRECT("'"&H$1&"'!B:B"), "") -> 3 | I73: =XLOOKUP($A73, INDIRECT("'"&I$1&"'!A:A"), INDIRECT("'"&I$1&"'!B:B"), "") -> 0.4 | J73: =XLOOKUP($A73, INDIRECT("'"&J$1&"'!A:A"), INDIRECT("'"&J$1&"'!B:B"), "") -> 0.068965517 | K73: =XLOOKUP($A73, INDIRECT("'"&K$1&"'!A:A"), INDIRECT("'"&K$1&"'!B:B"), "") -> 0.27229007
A74: =EQ!A31 -> 48f565383f47c6752893810686bd0c5f07fef08e34bc22a3f398d3b8c8db7c43 | B74: {=XLOOKUP(A74, Notes!A:A, Notes!B:B, "")} -> 56.91 | C74: =IFERROR(IMAGE(VLOOKUP(A74,DriveImages!A:C,3,FALSE),4,240,520),"") | D74: =IF($A74="","",IF(AND(N($G74)<=Params!$D$2,N($H74)<=Params!$E$2),"Peu actif",IF(AND(N($I74)>=Params!$F$4,N($E74)<=Params!$B$2,N($F74)<=Params!$C$2),"Efficace",IF(AND(N($F74)>=Params!$C$4,OR(N($I74)<=Params!$F$3,N($E74)>=Params!$B$4)),"Bloqué",IF(AND(OR(N($G74)>=Params!$D$4,N($H74)>=Params!$E$4),N($I74)<=Params!$F$3),"Persévérant",IF(AND(N($J74)>=Params!$G$4,OR(N($G74)<=Params!$D$3,N($H74)<=Params!$E$3)),"Sporadique","Intermédiaire")))))) -> Bloqué | E74: {=XLOOKUP(A74, EQ!A:A, EQ!B:B, "")} -> 0.69565217 | F74: {=XLOOKUP(A74, RED!A:A, RED!B:B, "")} -> 0.59075224 | G74: =XLOOKUP(A74, INDIRECT("'"&G$1&"'!A:A"), INDIRECT("'"&G$1&"'!B:B"), "") -> 29 | H74: =XLOOKUP($A74, INDIRECT("'"&H$1&"'!A:A"), INDIRECT("'"&H$1&"'!B:B"), "") -> 2 | I74: =XLOOKUP($A74, INDIRECT("'"&I$1&"'!A:A"), INDIRECT("'"&I$1&"'!B:B"), "") -> 0.31034483 | J74: =XLOOKUP($A74, INDIRECT("'"&J$1&"'!A:A"), INDIRECT("'"&J$1&"'!B:B"), "") -> 0.035714286 | K74: =XLOOKUP($A74, INDIRECT("'"&K$1&"'!A:A"), INDIRECT("'"&K$1&"'!B:B"), "") -> 0.27032021
A75: =EQ!A107 -> f8dac969c272aabb2ba0adebac1b711f0f174a8288053069be5391c65bb027c3 | B75: {=XLOOKUP(A75, Notes!A:A, Notes!B:B, "")} -> 46.94 | C75: =IFERROR(IMAGE(VLOOKUP(A75,DriveImages!A:C,3,FALSE),4,240,520),"") | D75: =IF($A75="","",IF(AND(N($G75)<=Params!$D$2,N($H75)<=Params!$E$2),"Peu actif",IF(AND(N($I75)>=Params!$F$4,N($E75)<=Params!$B$2,N($F75)<=Params!$C$2),"Efficace",IF(AND(N($F75)>=Params!$C$4,OR(N($I75)<=Params!$F$3,N($E75)>=Params!$B$4)),"Bloqué",IF(AND(OR(N($G75)>=Params!$D$4,N($H75)>=Params!$E$4),N($I75)<=Params!$F$3),"Persévérant",IF(AND(N($J75)>=Params!$G$4,OR(N($G75)<=Params!$D$3,N($H75)<=Params!$E$3)),"Sporadique","Intermédiaire")))))) -> Bloqué | E75: {=XLOOKUP(A75, EQ!A:A, EQ!B:B, "")} -> 0.66666667 | F75: {=XLOOKUP(A75, RED!A:A, RED!B:B, "")} -> 0.54497354 | G75: =XLOOKUP(A75, INDIRECT("'"&G$1&"'!A:A"), INDIRECT("'"&G$1&"'!B:B"), "") -> 23 | H75: =XLOOKUP($A75, INDIRECT("'"&H$1&"'!A:A"), INDIRECT("'"&H$1&"'!B:B"), "") -> 2 | I75: =XLOOKUP($A75, INDIRECT("'"&I$1&"'!A:A"), INDIRECT("'"&I$1&"'!B:B"), "") -> 0.30434783 | J75: =XLOOKUP($A75, INDIRECT("'"&J$1&"'!A:A"), INDIRECT("'"&J$1&"'!B:B"), "") -> 0.045454545 | K75: =XLOOKUP($A75, INDIRECT("'"&K$1&"'!A:A"), INDIRECT("'"&K$1&"'!B:B"), "") -> 0.26984878
A76: =EQ!A81 -> bfe01fd74f4a333b18002bc2d02ce800bee2e244cc59a5156ca3fcc5a0cdce00 | B76: {=XLOOKUP(A76, Notes!A:A, Notes!B:B, "")} -> 73.25 | C76: =IFERROR(IMAGE(VLOOKUP(A76,DriveImages!A:C,3,FALSE),4,240,520),"") | D76: =IF($A76="","",IF(AND(N($G76)<=Params!$D$2,N($H76)<=Params!$E$2),"Peu actif",IF(AND(N($I76)>=Params!$F$4,N($E76)<=Params!$B$2,N($F76)<=Params!$C$2),"Efficace",IF(AND(N($F76)>=Params!$C$4,OR(N($I76)<=Params!$F$3,N($E76)>=Params!$B$4)),"Bloqué",IF(AND(OR(N($G76)>=Params!$D$4,N($H76)>=Params!$E$4),N($I76)<=Params!$F$3),"Persévérant",IF(AND(N($J76)>=Params!$G$4,OR(N($G76)<=Params!$D$3,N($H76)<=Params!$E$3)),"Sporadique","Intermédiaire")))))) -> Intermédiaire | E76: {=XLOOKUP(A76, EQ!A:A, EQ!B:B, "")} -> 0.4 | F76: {=XLOOKUP(A76, RED!A:A, RED!B:B, "")} -> 0.26666667 | G76: =XLOOKUP(A76, INDIRECT("'"&G$1&"'!A:A"), INDIRECT("'"&G$1&"'!B:B"), "") -> 6 | H76: =XLOOKUP($A76, INDIRECT("'"&H$1&"'!A:A"), INDIRECT("'"&H$1&"'!B:B"), "") -> 1 | I76: =XLOOKUP($A76, INDIRECT("'"&I$1&"'!A:A"), INDIRECT("'"&I$1&"'!B:B"), "") -> 0.5 | J76: =XLOOKUP($A76, INDIRECT("'"&J$1&"'!A:A"), INDIRECT("'"&J$1&"'!B:B"), "") -> 0 | K76: =XLOOKUP($A76, INDIRECT("'"&K$1&"'!A:A"), INDIRECT("'"&K$1&"'!B:B"), "") -> 0.26
A77: =EQ!A9 -> 125ae2e6409e498cf96017e4f7168a1612ea2f181a0ea99530cfafb7b3a64807 | B77: {=XLOOKUP(A77, Notes!A:A, Notes!B:B, "")} -> 89.91 | C77: =IFERROR(IMAGE(VLOOKUP(A77,DriveImages!A:C,3,FALSE),4,240,520),"") | D77: =IF($A77="","",IF(AND(N($G77)<=Params!$D$2,N($H77)<=Params!$E$2),"Peu actif",IF(AND(N($I77)>=Params!$F$4,N($E77)<=Params!$B$2,N($F77)<=Params!$C$2),"Efficace",IF(AND(N($F77)>=Params!$C$4,OR(N($I77)<=Params!$F$3,N($E77)>=Params!$B$4)),"Bloqué",IF(AND(OR(N($G77)>=Params!$D$4,N($H77)>=Params!$E$4),N($I77)<=Params!$F$3),"Persévérant",IF(AND(N($J77)>=Params!$G$4,OR(N($G77)<=Params!$D$3,N($H77)<=Params!$E$3)),"Sporadique","Intermédiaire")))))) -> Intermédiaire | E77: {=XLOOKUP(A77, EQ!A:A, EQ!B:B, "")} -> 0.53333333 | F77: {=XLOOKUP(A77, RED!A:A, RED!B:B, "")} -> 0.42777778 | G77: =XLOOKUP(A77, INDIRECT("'"&G$1&"'!A:A"), INDIRECT("'"&G$1&"'!B:B"), "") -> 17 | H77: =XLOOKUP($A77, INDIRECT("'"&H$1&"'!A:A"), INDIRECT("'"&H$1&"'!B:B"), "") -> 2 | I77: =XLOOKUP($A77, INDIRECT("'"&I$1&"'!A:A"), INDIRECT("'"&I$1&"'!B:B"), "") -> 0.35294118 | J77: =XLOOKUP($A77, INDIRECT("'"&J$1&"'!A:A"), INDIRECT("'"&J$1&"'!B:B"), "") -> 0.0625 | K77: =XLOOKUP($A77, INDIRECT("'"&K$1&"'!A:A"), INDIRECT("'"&K$1&"'!B:B"), "") -> 0.25668447
A78: =EQ!A45 -> 6dd7cb5359f54edb9eb0becd33d19118d3e93e266ef7644cf7b9ad2b9ed1262d | B78: {=XLOOKUP(A78, Notes!A:A, Notes!B:B, "")} -> 66.53 | C78: =IFERROR(IMAGE(VLOOKUP(A78,DriveImages!A:C,3,FALSE),4,240,520),"") | D78: =IF($A78="","",IF(AND(N($G78)<=Params!$D$2,N($H78)<=Params!$E$2),"Peu actif",IF(AND(N($I78)>=Params!$F$4,N($E78)<=Params!$B$2,N($F78)<=Params!$C$2),"Efficace",IF(AND(N($F78)>=Params!$C$4,OR(N($I78)<=Params!$F$3,N($E78)>=Params!$B$4)),"Bloqué",IF(AND(OR(N($G78)>=Params!$D$4,N($H78)>=Params!$E$4),N($I78)<=Params!$F$3),"Persévérant",IF(AND(N($J78)>=Params!$G$4,OR(N($G78)<=Params!$D$3,N($H78)<=Params!$E$3)),"Sporadique","Intermédiaire")))))) -> Bloqué | E78: {=XLOOKUP(A78, EQ!A:A, EQ!B:B, "")} -> 0.71428571 | F78: {=XLOOKUP(A78, RED!A:A, RED!B:B, "")} -> 0.63061224 | G78: =XLOOKUP(A78, INDIRECT("'"&G$1&"'!A:A"), INDIRECT("'"&G$1&"'!B:B"), "") -> 24 | H78: =XLOOKUP($A78, INDIRECT("'"&H$1&"'!A:A"), INDIRECT("'"&H$1&"'!B:B"), "") -> 3 | I78: =XLOOKUP($A78, INDIRECT("'"&I$1&"'!A:A"), INDIRECT("'"&I$1&"'!B:B"), "") -> 0.29166667 | J78: =XLOOKUP($A78, INDIRECT("'"&J$1&"'!A:A"), INDIRECT("'"&J$1&"'!B:B"), "") -> 0.086956522 | K78: =XLOOKUP($A78, INDIRECT("'"&K$1&"'!A:A"), INDIRECT("'"&K$1&"'!B:B"), "") -> 0.25465838
A79: =EQ!A67 -> a000fa4903a3a8290435e1735ea6773bf2f2a14d1b5e564b6ab0e060b8e38688 | B79: {=XLOOKUP(A79, Notes!A:A, Notes!B:B, "")} -> 71.44 | C79: =IFERROR(IMAGE(VLOOKUP(A79,DriveImages!A:C,3,FALSE),4,240,520),"") | D79: =IF($A79="","",IF(AND(N($G79)<=Params!$D$2,N($H79)<=Params!$E$2),"Peu actif",IF(AND(N($I79)>=Params!$F$4,N($E79)<=Params!$B$2,N($F79)<=Params!$C$2),"Efficace",IF(AND(N($F79)>=Params!$C$4,OR(N($I79)<=Params!$F$3,N($E79)>=Params!$B$4)),"Bloqué",IF(AND(OR(N($G79)>=Params!$D$4,N($H79)>=Params!$E$4),N($I79)<=Params!$F$3),"Persévérant",IF(AND(N($J79)>=Params!$G$4,OR(N($G79)<=Params!$D$3,N($H79)<=Params!$E$3)),"Sporadique","Intermédiaire")))))) -> Bloqué | E79: {=XLOOKUP(A79, EQ!A:A, EQ!B:B, "")} -> 0.66666667 | F79: {=XLOOKUP(A79, RED!A:A, RED!B:B, "")} -> 0.57142857 | G79: =XLOOKUP(A79, INDIRECT("'"&G$1&"'!A:A"), INDIRECT("'"&G$1&"'!B:B"), "") -> 13 | H79: =XLOOKUP($A79, INDIRECT("'"&H$1&"'!A:A"), INDIRECT("'"&H$1&"'!B:B"), "") -> 4 | I79: =XLOOKUP($A79, INDIRECT("'"&I$1&"'!A:A"), INDIRECT("'"&I$1&"'!B:B"), "") -> 0.38461538 | J79: =XLOOKUP($A79, INDIRECT("'"&J$1&"'!A:A"), INDIRECT("'"&J$1&"'!B:B"), "") -> 0.25 | K79: =XLOOKUP($A79, INDIRECT("'"&K$1&"'!A:A"), INDIRECT("'"&K$1&"'!B:B"), "") -> 0.25
A80: =EQ!A99 -> e4380b18857e28837873b807b4ee2bee2e199a3536f56fb56fb5949de4c17a77 | B80: {=XLOOKUP(A80, Notes!A:A, Notes!B:B, "")} -> 66.48 | C80: =IFERROR(IMAGE(VLOOKUP(A80,DriveImages!A:C,3,FALSE),4,240,520),"") | D80: =IF($A80="","",IF(AND(N($G80)<=Params!$D$2,N($H80)<=Params!$E$2),"Peu actif",IF(AND(N($I80)>=Params!$F$4,N($E80)<=Params!$B$2,N($F80)<=Params!$C$2),"Efficace",IF(AND(N($F80)>=Params!$C$4,OR(N($I80)<=Params!$F$3,N($E80)>=Params!$B$4)),"Bloqué",IF(AND(OR(N($G80)>=Params!$D$4,N($H80)>=Params!$E$4),N($I80)<=Params!$F$3),"Persévérant",IF(AND(N($J80)>=Params!$G$4,OR(N($G80)<=Params!$D$3,N($H80)<=Params!$E$3)),"Sporadique","Intermédiaire")))))) -> Peu actif | E80: {=XLOOKUP(A80, EQ!A:A, EQ!B:B, "")} -> 0.66666667 | F80: {=XLOOKUP(A80, RED!A:A, RED!B:B, "")} -> 0.44444444 | G80: =XLOOKUP(A80, INDIRECT("'"&G$1&"'!A:A"), INDIRECT("'"&G$1&"'!B:B"), "") -> 4 | H80: =XLOOKUP($A80, INDIRECT("'"&H$1&"'!A:A"), INDIRECT("'"&H$1&"'!B:B"), "") -> 1 | I80: =XLOOKUP($A80, INDIRECT("'"&I$1&"'!A:A"), INDIRECT("'"&I$1&"'!B:B"), "") -> 0.25 | J80: =XLOOKUP($A80, INDIRECT("'"&J$1&"'!A:A"), INDIRECT("'"&J$1&"'!B:B"), "") -> 0 | K80: =XLOOKUP($A80, INDIRECT("'"&K$1&"'!A:A"), INDIRECT("'"&K$1&"'!B:B"), "") -> 0.25
A81: =EQ!A55 -> 8630de5bd303be8b63ba99b787f0f5ed4422765c8917b234cb8a2af6b762ca1d | B81: {=XLOOKUP(A81, Notes!A:A, Notes!B:B, "")} -> 34.25 | C81: =IFERROR(IMAGE(VLOOKUP(A81,DriveImages!A:C,3,FALSE),4,240,520),"") | D81: =IF($A81="","",IF(AND(N($G81)<=Params!$D$2,N($H81)<=Params!$E$2),"Peu actif",IF(AND(N($I81)>=Params!$F$4,N($E81)<=Params!$B$2,N($F81)<=Params!$C$2),"Efficace",IF(AND(N($F81)>=Params!$C$4,OR(N($I81)<=Params!$F$3,N($E81)>=Params!$B$4)),"Bloqué",IF(AND(OR(N($G81)>=Params!$D$4,N($H81)>=Params!$E$4),N($I81)<=Params!$F$3),"Persévérant",IF(AND(N($J81)>=Params!$G$4,OR(N($G81)<=Params!$D$3,N($H81)<=Params!$E$3)),"Sporadique","Intermédiaire")))))) -> Bloqué | E81: {=XLOOKUP(A81, EQ!A:A, EQ!B:B, "")} -> 0.7 | F81: {=XLOOKUP(A81, RED!A:A, RED!B:B, "")} -> 0.6125 | G81: =XLOOKUP(A81, INDIRECT("'"&G$1&"'!A:A"), INDIRECT("'"&G$1&"'!B:B"), "") -> 11 | H81: =XLOOKUP($A81, INDIRECT("'"&H$1&"'!A:A"), INDIRECT("'"&H$1&"'!B:B"), "") -> 3 | I81: =XLOOKUP($A81, INDIRECT("'"&I$1&"'!A:A"), INDIRECT("'"&I$1&"'!B:B"), "") -> 0.27272727 | J81: =XLOOKUP($A81, INDIRECT("'"&J$1&"'!A:A"), INDIRECT("'"&J$1&"'!B:B"), "") -> 0.2 | K81: =XLOOKUP($A81, INDIRECT("'"&K$1&"'!A:A"), INDIRECT("'"&K$1&"'!B:B"), "") -> 0.24901191
A82: =EQ!A32 -> 4d1ccd3b1393438168aeac88ee6d753d95c33c77fcc46afa13a5415a265323c2 | B82: {=XLOOKUP(A82, Notes!A:A, Notes!B:B, "")} -> 51 | C82: =IFERROR(IMAGE(VLOOKUP(A82,DriveImages!A:C,3,FALSE),4,240,520),"") | D82: =IF($A82="","",IF(AND(N($G82)<=Params!$D$2,N($H82)<=Params!$E$2),"Peu actif",IF(AND(N($I82)>=Params!$F$4,N($E82)<=Params!$B$2,N($F82)<=Params!$C$2),"Efficace",IF(AND(N($F82)>=Params!$C$4,OR(N($I82)<=Params!$F$3,N($E82)>=Params!$B$4)),"Bloqué",IF(AND(OR(N($G82)>=Params!$D$4,N($H82)>=Params!$E$4),N($I82)<=Params!$F$3),"Persévérant",IF(AND(N($J82)>=Params!$G$4,OR(N($G82)<=Params!$D$3,N($H82)<=Params!$E$3)),"Sporadique","Intermédiaire")))))) -> Persévérant | E82: {=XLOOKUP(A82, EQ!A:A, EQ!B:B, "")} -> 0.34615385 | F82: {=XLOOKUP(A82, RED!A:A, RED!B:B, "")} -> 0.25 | G82: =XLOOKUP(A82, INDIRECT("'"&G$1&"'!A:A"), INDIRECT("'"&G$1&"'!B:B"), "") -> 27 | H82: =XLOOKUP($A82, INDIRECT("'"&H$1&"'!A:A"), INDIRECT("'"&H$1&"'!B:B"), "") -> 2 | I82: =XLOOKUP($A82, INDIRECT("'"&I$1&"'!A:A"), INDIRECT("'"&I$1&"'!B:B"), "") -> 0.40740741 | J82: =XLOOKUP($A82, INDIRECT("'"&J$1&"'!A:A"), INDIRECT("'"&J$1&"'!B:B"), "") -> 0.038461538 | K82: =XLOOKUP($A82, INDIRECT("'"&K$1&"'!A:A"), INDIRECT("'"&K$1&"'!B:B"), "") -> 0.2323233
A83: =EQ!A17 -> 2f002333e3ee078069a370adede771895a413b747a8039cfe1f8b6d5f579fcc5 | B83: {=XLOOKUP(A83, Notes!A:A, Notes!B:B, "")} -> 88.66 | C83: =IFERROR(IMAGE(VLOOKUP(A83,DriveImages!A:C,3,FALSE),4,240,520),"") | D83: =IF($A83="","",IF(AND(N($G83)<=Params!$D$2,N($H83)<=Params!$E$2),"Peu actif",IF(AND(N($I83)>=Params!$F$4,N($E83)<=Params!$B$2,N($F83)<=Params!$C$2),"Efficace",IF(AND(N($F83)>=Params!$C$4,OR(N($I83)<=Params!$F$3,N($E83)>=Params!$B$4)),"Bloqué",IF(AND(OR(N($G83)>=Params!$D$4,N($H83)>=Params!$E$4),N($I83)<=Params!$F$3),"Persévérant",IF(AND(N($J83)>=Params!$G$4,OR(N($G83)<=Params!$D$3,N($H83)<=Params!$E$3)),"Sporadique","Intermédiaire")))))) -> Persévérant | E83: {=XLOOKUP(A83, EQ!A:A, EQ!B:B, "")} -> 0.52 | F83: {=XLOOKUP(A83, RED!A:A, RED!B:B, "")} -> 0.386 | G83: =XLOOKUP(A83, INDIRECT("'"&G$1&"'!A:A"), INDIRECT("'"&G$1&"'!B:B"), "") -> 30 | H83: =XLOOKUP($A83, INDIRECT("'"&H$1&"'!A:A"), INDIRECT("'"&H$1&"'!B:B"), "") -> 2 | I83: =XLOOKUP($A83, INDIRECT("'"&I$1&"'!A:A"), INDIRECT("'"&I$1&"'!B:B"), "") -> 0.36666667 | J83: =XLOOKUP($A83, INDIRECT("'"&J$1&"'!A:A"), INDIRECT("'"&J$1&"'!B:B"), "") -> 0.034482759 | K83: =XLOOKUP($A83, INDIRECT("'"&K$1&"'!A:A"), INDIRECT("'"&K$1&"'!B:B"), "") -> 0.22630303
A84: =EQ!A29 -> 4557b3c2bc31d36048e3c48befc7212d35b7d0d885d3d1f102c9060238b5090a | B84: {=XLOOKUP(A84, Notes!A:A, Notes!B:B, "")} -> 55.11 | C84: =IFERROR(IMAGE(VLOOKUP(A84,DriveImages!A:C,3,FALSE),4,240,520),"") | D84: =IF($A84="","",IF(AND(N($G84)<=Params!$D$2,N($H84)<=Params!$E$2),"Peu actif",IF(AND(N($I84)>=Params!$F$4,N($E84)<=Params!$B$2,N($F84)<=Params!$C$2),"Efficace",IF(AND(N($F84)>=Params!$C$4,OR(N($I84)<=Params!$F$3,N($E84)>=Params!$B$4)),"Bloqué",IF(AND(OR(N($G84)>=Params!$D$4,N($H84)>=Params!$E$4),N($I84)<=Params!$F$3),"Persévérant",IF(AND(N($J84)>=Params!$G$4,OR(N($G84)<=Params!$D$3,N($H84)<=Params!$E$3)),"Sporadique","Intermédiaire")))))) -> Bloqué | E84: {=XLOOKUP(A84, EQ!A:A, EQ!B:B, "")} -> 0.69230769 | F84: {=XLOOKUP(A84, RED!A:A, RED!B:B, "")} -> 0.58547009 | G84: =XLOOKUP(A84, INDIRECT("'"&G$1&"'!A:A"), INDIRECT("'"&G$1&"'!B:B"), "") -> 15 | H84: =XLOOKUP($A84, INDIRECT("'"&H$1&"'!A:A"), INDIRECT("'"&H$1&"'!B:B"), "") -> 2 | I84: =XLOOKUP($A84, INDIRECT("'"&I$1&"'!A:A"), INDIRECT("'"&I$1&"'!B:B"), "") -> 0.26666667 | J84: =XLOOKUP($A84, INDIRECT("'"&J$1&"'!A:A"), INDIRECT("'"&J$1&"'!B:B"), "") -> 0.071428571 | K84: =XLOOKUP($A84, INDIRECT("'"&K$1&"'!A:A"), INDIRECT("'"&K$1&"'!B:B"), "") -> 0.22028987
A85: =EQ!A54 -> 8535ef1089f557f019e2fa787114fa1819dadf2106ea8f0b82f86e57f914ea2d | B85: {=XLOOKUP(A85, Notes!A:A, Notes!B:B, "")} -> 43.25 | C85: =IFERROR(IMAGE(VLOOKUP(A85,DriveImages!A:C,3,FALSE),4,240,520),"") | D85: =IF($A85="","",IF(AND(N($G85)<=Params!$D$2,N($H85)<=Params!$E$2),"Peu actif",IF(AND(N($I85)>=Params!$F$4,N($E85)<=Params!$B$2,N($F85)<=Params!$C$2),"Efficace",IF(AND(N($F85)>=Params!$C$4,OR(N($I85)<=Params!$F$3,N($E85)>=Params!$B$4)),"Bloqué",IF(AND(OR(N($G85)>=Params!$D$4,N($H85)>=Params!$E$4),N($I85)<=Params!$F$3),"Persévérant",IF(AND(N($J85)>=Params!$G$4,OR(N($G85)<=Params!$D$3,N($H85)<=Params!$E$3)),"Sporadique","Intermédiaire")))))) -> Intermédiaire | E85: {=XLOOKUP(A85, EQ!A:A, EQ!B:B, "")} -> 0.5 | F85: {=XLOOKUP(A85, RED!A:A, RED!B:B, "")} -> 0.4 | G85: =XLOOKUP(A85, INDIRECT("'"&G$1&"'!A:A"), INDIRECT("'"&G$1&"'!B:B"), "") -> 10 | H85: =XLOOKUP($A85, INDIRECT("'"&H$1&"'!A:A"), INDIRECT("'"&H$1&"'!B:B"), "") -> 2 | I85: =XLOOKUP($A85, INDIRECT("'"&I$1&"'!A:A"), INDIRECT("'"&I$1&"'!B:B"), "") -> 0.3 | J85: =XLOOKUP($A85, INDIRECT("'"&J$1&"'!A:A"), INDIRECT("'"&J$1&"'!B:B"), "") -> 0.11111111 | K85: =XLOOKUP($A85, INDIRECT("'"&K$1&"'!A:A"), INDIRECT("'"&K$1&"'!B:B"), "") -> 0.2047619
A86: =EQ!A70 -> a35833a67176bfc8c1457633e2e41ffb5e4bf6aac7127377e8b9881caf1cf52e | B86: {=XLOOKUP(A86, Notes!A:A, Notes!B:B, "")} -> 47.22 | C86: =IFERROR(IMAGE(VLOOKUP(A86,DriveImages!A:C,3,FALSE),4,240,520),"") | D86: =IF($A86="","",IF(AND(N($G86)<=Params!$D$2,N($H86)<=Params!$E$2),"Peu actif",IF(AND(N($I86)>=Params!$F$4,N($E86)<=Params!$B$2,N($F86)<=Params!$C$2),"Efficace",IF(AND(N($F86)>=Params!$C$4,OR(N($I86)<=Params!$F$3,N($E86)>=Params!$B$4)),"Bloqué",IF(AND(OR(N($G86)>=Params!$D$4,N($H86)>=Params!$E$4),N($I86)<=Params!$F$3),"Persévérant",IF(AND(N($J86)>=Params!$G$4,OR(N($G86)<=Params!$D$3,N($H86)<=Params!$E$3)),"Sporadique","Intermédiaire")))))) -> Peu actif | E86: {=XLOOKUP(A86, EQ!A:A, EQ!B:B, "")} -> 0.75 | F86: {=XLOOKUP(A86, RED!A:A, RED!B:B, "")} -> 0.5625 | G86: =XLOOKUP(A86, INDIRECT("'"&G$1&"'!A:A"), INDIRECT("'"&G$1&"'!B:B"), "") -> 5 | H86: =XLOOKUP($A86, INDIRECT("'"&H$1&"'!A:A"), INDIRECT("'"&H$1&"'!B:B"), "") -> 1 | I86: =XLOOKUP($A86, INDIRECT("'"&I$1&"'!A:A"), INDIRECT("'"&I$1&"'!B:B"), "") -> 0.2 | J86: =XLOOKUP($A86, INDIRECT("'"&J$1&"'!A:A"), INDIRECT("'"&J$1&"'!B:B"), "") -> 0 | K86: =XLOOKUP($A86, INDIRECT("'"&K$1&"'!A:A"), INDIRECT("'"&K$1&"'!B:B"), "") -> 0.2
A87: =EQ!A3 -> 080e819b7f2ec7fdf5df10abc0092a6ae39db49584244ea555a9ce18c8d57c53 | B87: {=XLOOKUP(A87, Notes!A:A, Notes!B:B, "")} -> 56.19 | C87: =IFERROR(IMAGE(VLOOKUP(A87,DriveImages!A:C,3,FALSE),4,240,520),"") | D87: =IF($A87="","",IF(AND(N($G87)<=Params!$D$2,N($H87)<=Params!$E$2),"Peu actif",IF(AND(N($I87)>=Params!$F$4,N($E87)<=Params!$B$2,N($F87)<=Params!$C$2),"Efficace",IF(AND(N($F87)>=Params!$C$4,OR(N($I87)<=Params!$F$3,N($E87)>=Params!$B$4)),"Bloqué",IF(AND(OR(N($G87)>=Params!$D$4,N($H87)>=Params!$E$4),N($I87)<=Params!$F$3),"Persévérant",IF(AND(N($J87)>=Params!$G$4,OR(N($G87)<=Params!$D$3,N($H87)<=Params!$E$3)),"Sporadique","Intermédiaire")))))) -> Peu actif | E87: {=XLOOKUP(A87, EQ!A:A, EQ!B:B, "")} -> 0.75 | F87: {=XLOOKUP(A87, RED!A:A, RED!B:B, "")} -> 0.5625 | G87: =XLOOKUP(A87, INDIRECT("'"&G$1&"'!A:A"), INDIRECT("'"&G$1&"'!B:B"), "") -> 5 | H87: =XLOOKUP($A87, INDIRECT("'"&H$1&"'!A:A"), INDIRECT("'"&H$1&"'!B:B"), "") -> 1 | I87: =XLOOKUP($A87, INDIRECT("'"&I$1&"'!A:A"), INDIRECT("'"&I$1&"'!B:B"), "") -> 0.2 | J87: =XLOOKUP($A87, INDIRECT("'"&J$1&"'!A:A"), INDIRECT("'"&J$1&"'!B:B"), "") -> 0 | K87: =XLOOKUP($A87, INDIRECT("'"&K$1&"'!A:A"), INDIRECT("'"&K$1&"'!B:B"), "") -> 0.2
A88: =EQ!A90 -> d24b87329bb09b449a89676a4e96858c289cdfad521c03fb9ce166a83aceb603 | B88: {=XLOOKUP(A88, Notes!A:A, Notes!B:B, "")} -> 63.22 | C88: =IFERROR(IMAGE(VLOOKUP(A88,DriveImages!A:C,3,FALSE),4,240,520),"") | D88: =IF($A88="","",IF(AND(N($G88)<=Params!$D$2,N($H88)<=Params!$E$2),"Peu actif",IF(AND(N($I88)>=Params!$F$4,N($E88)<=Params!$B$2,N($F88)<=Params!$C$2),"Efficace",IF(AND(N($F88)>=Params!$C$4,OR(N($I88)<=Params!$F$3,N($E88)>=Params!$B$4)),"Bloqué",IF(AND(OR(N($G88)>=Params!$D$4,N($H88)>=Params!$E$4),N($I88)<=Params!$F$3),"Persévérant",IF(AND(N($J88)>=Params!$G$4,OR(N($G88)<=Params!$D$3,N($H88)<=Params!$E$3)),"Sporadique","Intermédiaire")))))) -> Sporadique | E88: {=XLOOKUP(A88, EQ!A:A, EQ!B:B, "")} -> 0.5 | F88: {=XLOOKUP(A88, RED!A:A, RED!B:B, "")} -> 0.25 | G88: =XLOOKUP(A88, INDIRECT("'"&G$1&"'!A:A"), INDIRECT("'"&G$1&"'!B:B"), "") -> 5 | H88: =XLOOKUP($A88, INDIRECT("'"&H$1&"'!A:A"), INDIRECT("'"&H$1&"'!B:B"), "") -> 2 | I88: =XLOOKUP($A88, INDIRECT("'"&I$1&"'!A:A"), INDIRECT("'"&I$1&"'!B:B"), "") -> 0.2 | J88: =XLOOKUP($A88, INDIRECT("'"&J$1&"'!A:A"), INDIRECT("'"&J$1&"'!B:B"), "") -> 0.25 | K88: =XLOOKUP($A88, INDIRECT("'"&K$1&"'!A:A"), INDIRECT("'"&K$1&"'!B:B"), "") -> 0.2
A89: =EQ!A77 -> bb0c30cc3cd79a7b954b6a58338b43ab5c258562b868a12e26fa432eed432da9 | B89: {=XLOOKUP(A89, Notes!A:A, Notes!B:B, "")} -> 36.31 | C89: =IFERROR(IMAGE(VLOOKUP(A89,DriveImages!A:C,3,FALSE),4,240,520),"") | D89: =IF($A89="","",IF(AND(N($G89)<=Params!$D$2,N($H89)<=Params!$E$2),"Peu actif",IF(AND(N($I89)>=Params!$F$4,N($E89)<=Params!$B$2,N($F89)<=Params!$C$2),"Efficace",IF(AND(N($F89)>=Params!$C$4,OR(N($I89)<=Params!$F$3,N($E89)>=Params!$B$4)),"Bloqué",IF(AND(OR(N($G89)>=Params!$D$4,N($H89)>=Params!$E$4),N($I89)<=Params!$F$3),"Persévérant",IF(AND(N($J89)>=Params!$G$4,OR(N($G89)<=Params!$D$3,N($H89)<=Params!$E$3)),"Sporadique","Intermédiaire")))))) -> Peu actif | E89: {=XLOOKUP(A89, EQ!A:A, EQ!B:B, "")} -> 0.66666667 | F89: {=XLOOKUP(A89, RED!A:A, RED!B:B, "")} -> 0.44444444 | G89: =XLOOKUP(A89, INDIRECT("'"&G$1&"'!A:A"), INDIRECT("'"&G$1&"'!B:B"), "") -> 4 | H89: =XLOOKUP($A89, INDIRECT("'"&H$1&"'!A:A"), INDIRECT("'"&H$1&"'!B:B"), "") -> 1 | I89: =XLOOKUP($A89, INDIRECT("'"&I$1&"'!A:A"), INDIRECT("'"&I$1&"'!B:B"), "") -> 0.25 | J89: =XLOOKUP($A89, INDIRECT("'"&J$1&"'!A:A"), INDIRECT("'"&J$1&"'!B:B"), "") -> 0 | K89: =XLOOKUP($A89, INDIRECT("'"&K$1&"'!A:A"), INDIRECT("'"&K$1&"'!B:B"), "") -> 0.19565225
A90: =EQ!A95 -> d981675479ab443031cba32f40c3dca9e031547c59346a4c0ea7c624c054d936 | B90: {=XLOOKUP(A90, Notes!A:A, Notes!B:B, "")} -> 54.94 | C90: =IFERROR(IMAGE(VLOOKUP(A90,DriveImages!A:C,3,FALSE),4,240,520),"") | D90: =IF($A90="","",IF(AND(N($G90)<=Params!$D$2,N($H90)<=Params!$E$2),"Peu actif",IF(AND(N($I90)>=Params!$F$4,N($E90)<=Params!$B$2,N($F90)<=Params!$C$2),"Efficace",IF(AND(N($F90)>=Params!$C$4,OR(N($I90)<=Params!$F$3,N($E90)>=Params!$B$4)),"Bloqué",IF(AND(OR(N($G90)>=Params!$D$4,N($H90)>=Params!$E$4),N($I90)<=Params!$F$3),"Persévérant",IF(AND(N($J90)>=Params!$G$4,OR(N($G90)<=Params!$D$3,N($H90)<=Params!$E$3)),"Sporadique","Intermédiaire")))))) -> Bloqué | E90: {=XLOOKUP(A90, EQ!A:A, EQ!B:B, "")} -> 0.75 | F90: {=XLOOKUP(A90, RED!A:A, RED!B:B, "")} -> 0.61607143 | G90: =XLOOKUP(A90, INDIRECT("'"&G$1&"'!A:A"), INDIRECT("'"&G$1&"'!B:B"), "") -> 14 | H90: =XLOOKUP($A90, INDIRECT("'"&H$1&"'!A:A"), INDIRECT("'"&H$1&"'!B:B"), "") -> 2 | I90: =XLOOKUP($A90, INDIRECT("'"&I$1&"'!A:A"), INDIRECT("'"&I$1&"'!B:B"), "") -> 0.21428571 | J90: =XLOOKUP($A90, INDIRECT("'"&J$1&"'!A:A"), INDIRECT("'"&J$1&"'!B:B"), "") -> 0.076923077 | K90: =XLOOKUP($A90, INDIRECT("'"&K$1&"'!A:A"), INDIRECT("'"&K$1&"'!B:B"), "") -> 0.19565214
A91: =EQ!A52 -> 78cb6709ef3e4aa9ec5148bce49e841e9a6257b64dff512fdffde18f1e1fcd14 | B91: {=XLOOKUP(A91, Notes!A:A, Notes!B:B, "")} -> 50.77 | C91: =IFERROR(IMAGE(VLOOKUP(A91,DriveImages!A:C,3,FALSE),4,240,520),"") | D91: =IF($A91="","",IF(AND(N($G91)<=Params!$D$2,N($H91)<=Params!$E$2),"Peu actif",IF(AND(N($I91)>=Params!$F$4,N($E91)<=Params!$B$2,N($F91)<=Params!$C$2),"Efficace",IF(AND(N($F91)>=Params!$C$4,OR(N($I91)<=Params!$F$3,N($E91)>=Params!$B$4)),"Bloqué",IF(AND(OR(N($G91)>=Params!$D$4,N($H91)>=Params!$E$4),N($I91)<=Params!$F$3),"Persévérant",IF(AND(N($J91)>=Params!$G$4,OR(N($G91)<=Params!$D$3,N($H91)<=Params!$E$3)),"Sporadique","Intermédiaire")))))) -> Bloqué | E91: {=XLOOKUP(A91, EQ!A:A, EQ!B:B, "")} -> 0.76923077 | F91: {=XLOOKUP(A91, RED!A:A, RED!B:B, "")} -> 0.6993007 | G91: =XLOOKUP(A91, INDIRECT("'"&G$1&"'!A:A"), INDIRECT("'"&G$1&"'!B:B"), "") -> 14 | H91: =XLOOKUP($A91, INDIRECT("'"&H$1&"'!A:A"), INDIRECT("'"&H$1&"'!B:B"), "") -> 1 | I91: =XLOOKUP($A91, INDIRECT("'"&I$1&"'!A:A"), INDIRECT("'"&I$1&"'!B:B"), "") -> 0.21428571 | J91: =XLOOKUP($A91, INDIRECT("'"&J$1&"'!A:A"), INDIRECT("'"&J$1&"'!B:B"), "") -> 0 | K91: =XLOOKUP($A91, INDIRECT("'"&K$1&"'!A:A"), INDIRECT("'"&K$1&"'!B:B"), "") -> 0.189441
A92: =EQ!A60 -> 8dd7d47134248a03ffb88fe97e5ab8501d976a5d539ff01c30727b79ede1424f | B92: {=XLOOKUP(A92, Notes!A:A, Notes!B:B, "")} -> 30.75 | C92: =IFERROR(IMAGE(VLOOKUP(A92,DriveImages!A:C,3,FALSE),4,240,520),"") | D92: =IF($A92="","",IF(AND(N($G92)<=Params!$D$2,N($H92)<=Params!$E$2),"Peu actif",IF(AND(N($I92)>=Params!$F$4,N($E92)<=Params!$B$2,N($F92)<=Params!$C$2),"Efficace",IF(AND(N($F92)>=Params!$C$4,OR(N($I92)<=Params!$F$3,N($E92)>=Params!$B$4)),"Bloqué",IF(AND(OR(N($G92)>=Params!$D$4,N($H92)>=Params!$E$4),N($I92)<=Params!$F$3),"Persévérant",IF(AND(N($J92)>=Params!$G$4,OR(N($G92)<=Params!$D$3,N($H92)<=Params!$E$3)),"Sporadique","Intermédiaire")))))) -> Bloqué | E92: {=XLOOKUP(A92, EQ!A:A, EQ!B:B, "")} -> 0.75 | F92: {=XLOOKUP(A92, RED!A:A, RED!B:B, "")} -> 0.64444444 | G92: =XLOOKUP(A92, INDIRECT("'"&G$1&"'!A:A"), INDIRECT("'"&G$1&"'!B:B"), "") -> 18 | H92: =XLOOKUP($A92, INDIRECT("'"&H$1&"'!A:A"), INDIRECT("'"&H$1&"'!B:B"), "") -> 3 | I92: =XLOOKUP($A92, INDIRECT("'"&I$1&"'!A:A"), INDIRECT("'"&I$1&"'!B:B"), "") -> 0.22222222 | J92: =XLOOKUP($A92, INDIRECT("'"&J$1&"'!A:A"), INDIRECT("'"&J$1&"'!B:B"), "") -> 0.11764706 | K92: =XLOOKUP($A92, INDIRECT("'"&K$1&"'!A:A"), INDIRECT("'"&K$1&"'!B:B"), "") -> 0.18357489
A93: =EQ!A83 -> c547e37e3c5d2add9a3cb5fdeecfbc779e0ee9d6a7dbb489c799cc94e7b9abd2 | B93: {=XLOOKUP(A93, Notes!A:A, Notes!B:B, "")} -> 75.94 | C93: =IFERROR(IMAGE(VLOOKUP(A93,DriveImages!A:C,3,FALSE),4,240,520),"") | D93: =IF($A93="","",IF(AND(N($G93)<=Params!$D$2,N($H93)<=Params!$E$2),"Peu actif",IF(AND(N($I93)>=Params!$F$4,N($E93)<=Params!$B$2,N($F93)<=Params!$C$2),"Efficace",IF(AND(N($F93)>=Params!$C$4,OR(N($I93)<=Params!$F$3,N($E93)>=Params!$B$4)),"Bloqué",IF(AND(OR(N($G93)>=Params!$D$4,N($H93)>=Params!$E$4),N($I93)<=Params!$F$3),"Persévérant",IF(AND(N($J93)>=Params!$G$4,OR(N($G93)<=Params!$D$3,N($H93)<=Params!$E$3)),"Sporadique","Intermédiaire")))))) -> Intermédiaire | E93: {=XLOOKUP(A93, EQ!A:A, EQ!B:B, "")} -> 0.66666667 | F93: {=XLOOKUP(A93, RED!A:A, RED!B:B, "")} -> 0.5037037 | G93: =XLOOKUP(A93, INDIRECT("'"&G$1&"'!A:A"), INDIRECT("'"&G$1&"'!B:B"), "") -> 10 | H93: =XLOOKUP($A93, INDIRECT("'"&H$1&"'!A:A"), INDIRECT("'"&H$1&"'!B:B"), "") -> 1 | I93: =XLOOKUP($A93, INDIRECT("'"&I$1&"'!A:A"), INDIRECT("'"&I$1&"'!B:B"), "") -> 0.2 | J93: =XLOOKUP($A93, INDIRECT("'"&J$1&"'!A:A"), INDIRECT("'"&J$1&"'!B:B"), "") -> 0 | K93: =XLOOKUP($A93, INDIRECT("'"&K$1&"'!A:A"), INDIRECT("'"&K$1&"'!B:B"), "") -> 0.1714286
A94: =EQ!A47 -> 7026047c5e9f18234ed92d0bc1518a2a4944fc2a9a0bb90628e20b2d93e7f9ae | B94: {=XLOOKUP(A94, Notes!A:A, Notes!B:B, "")} -> 63.01 | C94: =IFERROR(IMAGE(VLOOKUP(A94,DriveImages!A:C,3,FALSE),4,240,520),"") | D94: =IF($A94="","",IF(AND(N($G94)<=Params!$D$2,N($H94)<=Params!$E$2),"Peu actif",IF(AND(N($I94)>=Params!$F$4,N($E94)<=Params!$B$2,N($F94)<=Params!$C$2),"Efficace",IF(AND(N($F94)>=Params!$C$4,OR(N($I94)<=Params!$F$3,N($E94)>=Params!$B$4)),"Bloqué",IF(AND(OR(N($G94)>=Params!$D$4,N($H94)>=Params!$E$4),N($I94)<=Params!$F$3),"Persévérant",IF(AND(N($J94)>=Params!$G$4,OR(N($G94)<=Params!$D$3,N($H94)<=Params!$E$3)),"Sporadique","Intermédiaire")))))) -> Intermédiaire | E94: {=XLOOKUP(A94, EQ!A:A, EQ!B:B, "")} -> 0.57142857 | F94: {=XLOOKUP(A94, RED!A:A, RED!B:B, "")} -> 0.45714286 | G94: =XLOOKUP(A94, INDIRECT("'"&G$1&"'!A:A"), INDIRECT("'"&G$1&"'!B:B"), "") -> 9 | H94: =XLOOKUP($A94, INDIRECT("'"&H$1&"'!A:A"), INDIRECT("'"&H$1&"'!B:B"), "") -> 2 | I94: =XLOOKUP($A94, INDIRECT("'"&I$1&"'!A:A"), INDIRECT("'"&I$1&"'!B:B"), "") -> 0.44444444 | J94: =XLOOKUP($A94, INDIRECT("'"&J$1&"'!A:A"), INDIRECT("'"&J$1&"'!B:B"), "") -> 0.125 | K94: =XLOOKUP($A94, INDIRECT("'"&K$1&"'!A:A"), INDIRECT("'"&K$1&"'!B:B"), "") -> 0.15476184
A95: =EQ!A33 -> 519b74a02a32927ee8af772a01038d36736eb2aaeb604f8a15719710d72ccc04 | B95: {=XLOOKUP(A95, Notes!A:A, Notes!B:B, "")} -> 68.97 | C95: =IFERROR(IMAGE(VLOOKUP(A95,DriveImages!A:C,3,FALSE),4,240,520),"") | D95: =IF($A95="","",IF(AND(N($G95)<=Params!$D$2,N($H95)<=Params!$E$2),"Peu actif",IF(AND(N($I95)>=Params!$F$4,N($E95)<=Params!$B$2,N($F95)<=Params!$C$2),"Efficace",IF(AND(N($F95)>=Params!$C$4,OR(N($I95)<=Params!$F$3,N($E95)>=Params!$B$4)),"Bloqué",IF(AND(OR(N($G95)>=Params!$D$4,N($H95)>=Params!$E$4),N($I95)<=Params!$F$3),"Persévérant",IF(AND(N($J95)>=Params!$G$4,OR(N($G95)<=Params!$D$3,N($H95)<=Params!$E$3)),"Sporadique","Intermédiaire")))))) -> Bloqué | E95: {=XLOOKUP(A95, EQ!A:A, EQ!B:B, "")} -> 0.82352941 | F95: {=XLOOKUP(A95, RED!A:A, RED!B:B, "")} -> 0.72299465 | G95: =XLOOKUP(A95, INDIRECT("'"&G$1&"'!A:A"), INDIRECT("'"&G$1&"'!B:B"), "") -> 20 | H95: =XLOOKUP($A95, INDIRECT("'"&H$1&"'!A:A"), INDIRECT("'"&H$1&"'!B:B"), "") -> 1 | I95: =XLOOKUP($A95, INDIRECT("'"&I$1&"'!A:A"), INDIRECT("'"&I$1&"'!B:B"), "") -> 0.15 | J95: =XLOOKUP($A95, INDIRECT("'"&J$1&"'!A:A"), INDIRECT("'"&J$1&"'!B:B"), "") -> 0 | K95: =XLOOKUP($A95, INDIRECT("'"&K$1&"'!A:A"), INDIRECT("'"&K$1&"'!B:B"), "") -> 0.14347825
A96: =EQ!A10 -> 13b34a353ac9ea6554f0bfc998b55f394ed800dfc03b32dc37d311d2551a5749 | B96: {=XLOOKUP(A96, Notes!A:A, Notes!B:B, "")} -> 70.71 | C96: =IFERROR(IMAGE(VLOOKUP(A96,DriveImages!A:C,3,FALSE),4,240,520),"") | D96: =IF($A96="","",IF(AND(N($G96)<=Params!$D$2,N($H96)<=Params!$E$2),"Peu actif",IF(AND(N($I96)>=Params!$F$4,N($E96)<=Params!$B$2,N($F96)<=Params!$C$2),"Efficace",IF(AND(N($F96)>=Params!$C$4,OR(N($I96)<=Params!$F$3,N($E96)>=Params!$B$4)),"Bloqué",IF(AND(OR(N($G96)>=Params!$D$4,N($H96)>=Params!$E$4),N($I96)<=Params!$F$3),"Persévérant",IF(AND(N($J96)>=Params!$G$4,OR(N($G96)<=Params!$D$3,N($H96)<=Params!$E$3)),"Sporadique","Intermédiaire")))))) -> Bloqué | E96: {=XLOOKUP(A96, EQ!A:A, EQ!B:B, "")} -> 0.72222222 | F96: {=XLOOKUP(A96, RED!A:A, RED!B:B, "")} -> 0.61871025 | G96: =XLOOKUP(A96, INDIRECT("'"&G$1&"'!A:A"), INDIRECT("'"&G$1&"'!B:B"), "") -> 59 | H96: =XLOOKUP($A96, INDIRECT("'"&H$1&"'!A:A"), INDIRECT("'"&H$1&"'!B:B"), "") -> 2 | I96: =XLOOKUP($A96, INDIRECT("'"&I$1&"'!A:A"), INDIRECT("'"&I$1&"'!B:B"), "") -> 0.16949153 | J96: =XLOOKUP($A96, INDIRECT("'"&J$1&"'!A:A"), INDIRECT("'"&J$1&"'!B:B"), "") -> 0.017241379 | K96: =XLOOKUP($A96, INDIRECT("'"&K$1&"'!A:A"), INDIRECT("'"&K$1&"'!B:B"), "") -> 0.13947741
A97: =EQ!A56 -> 86d73054aa9c80dbfbfce326489454f67087052ce0720f75ec87b849d851ce2b | B97: {=XLOOKUP(A97, Notes!A:A, Notes!B:B, "")} -> 47.78 | C97: =IFERROR(IMAGE(VLOOKUP(A97,DriveImages!A:C,3,FALSE),4,240,520),"") | D97: =IF($A97="","",IF(AND(N($G97)<=Params!$D$2,N($H97)<=Params!$E$2),"Peu actif",IF(AND(N($I97)>=Params!$F$4,N($E97)<=Params!$B$2,N($F97)<=Params!$C$2),"Efficace",IF(AND(N($F97)>=Params!$C$4,OR(N($I97)<=Params!$F$3,N($E97)>=Params!$B$4)),"Bloqué",IF(AND(OR(N($G97)>=Params!$D$4,N($H97)>=Params!$E$4),N($I97)<=Params!$F$3),"Persévérant",IF(AND(N($J97)>=Params!$G$4,OR(N($G97)<=Params!$D$3,N($H97)<=Params!$E$3)),"Sporadique","Intermédiaire")))))) -> Sporadique | E97: {=XLOOKUP(A97, EQ!A:A, EQ!B:B, "")} -> 0.57142857 | F97: {=XLOOKUP(A97, RED!A:A, RED!B:B, "")} -> 0.45714286 | G97: =XLOOKUP(A97, INDIRECT("'"&G$1&"'!A:A"), INDIRECT("'"&G$1&"'!B:B"), "") -> 8 | H97: =XLOOKUP($A97, INDIRECT("'"&H$1&"'!A:A"), INDIRECT("'"&H$1&"'!B:B"), "") -> 2 | I97: =XLOOKUP($A97, INDIRECT("'"&I$1&"'!A:A"), INDIRECT("'"&I$1&"'!B:B"), "") -> 0.25 | J97: =XLOOKUP($A97, INDIRECT("'"&J$1&"'!A:A"), INDIRECT("'"&J$1&"'!B:B"), "") -> 0.14285714 | K97: =XLOOKUP($A97, INDIRECT("'"&K$1&"'!A:A"), INDIRECT("'"&K$1&"'!B:B"), "") -> 0.11607138
A98: =EQ!A46 -> 7018f9f84b61c5801779302689a34fef5b2e9d95f52479d9ef486efda2e55c21 | B98: {=XLOOKUP(A98, Notes!A:A, Notes!B:B, "")} -> 59 | C98: =IFERROR(IMAGE(VLOOKUP(A98,DriveImages!A:C,3,FALSE),4,240,520),"") | D98: =IF($A98="","",IF(AND(N($G98)<=Params!$D$2,N($H98)<=Params!$E$2),"Peu actif",IF(AND(N($I98)>=Params!$F$4,N($E98)<=Params!$B$2,N($F98)<=Params!$C$2),"Efficace",IF(AND(N($F98)>=Params!$C$4,OR(N($I98)<=Params!$F$3,N($E98)>=Params!$B$4)),"Bloqué",IF(AND(OR(N($G98)>=Params!$D$4,N($H98)>=Params!$E$4),N($I98)<=Params!$F$3),"Persévérant",IF(AND(N($J98)>=Params!$G$4,OR(N($G98)<=Params!$D$3,N($H98)<=Params!$E$3)),"Sporadique","Intermédiaire")))))) -> Bloqué | E98: {=XLOOKUP(A98, EQ!A:A, EQ!B:B, "")} -> 0.875 | F98: {=XLOOKUP(A98, RED!A:A, RED!B:B, "")} -> 0.765625 | G98: =XLOOKUP(A98, INDIRECT("'"&G$1&"'!A:A"), INDIRECT("'"&G$1&"'!B:B"), "") -> 9 | H98: =XLOOKUP($A98, INDIRECT("'"&H$1&"'!A:A"), INDIRECT("'"&H$1&"'!B:B"), "") -> 1 | I98: =XLOOKUP($A98, INDIRECT("'"&I$1&"'!A:A"), INDIRECT("'"&I$1&"'!B:B"), "") -> 0.11111111 | J98: =XLOOKUP($A98, INDIRECT("'"&J$1&"'!A:A"), INDIRECT("'"&J$1&"'!B:B"), "") -> 0 | K98: =XLOOKUP($A98, INDIRECT("'"&K$1&"'!A:A"), INDIRECT("'"&K$1&"'!B:B"), "") -> 0.11111111
A99: =EQ!A111 -> fe48d6db483ac4bd61b017d826272e803a5ba40fca9dcc14ce181a1331e1fa18 | B99: {=XLOOKUP(A99, Notes!A:A, Notes!B:B, "")} -> 35.25 | C99: =IFERROR(IMAGE(VLOOKUP(A99,DriveImages!A:C,3,FALSE),4,240,520),"") | D99: =IF($A99="","",IF(AND(N($G99)<=Params!$D$2,N($H99)<=Params!$E$2),"Peu actif",IF(AND(N($I99)>=Params!$F$4,N($E99)<=Params!$B$2,N($F99)<=Params!$C$2),"Efficace",IF(AND(N($F99)>=Params!$C$4,OR(N($I99)<=Params!$F$3,N($E99)>=Params!$B$4)),"Bloqué",IF(AND(OR(N($G99)>=Params!$D$4,N($H99)>=Params!$E$4),N($I99)<=Params!$F$3),"Persévérant",IF(AND(N($J99)>=Params!$G$4,OR(N($G99)<=Params!$D$3,N($H99)<=Params!$E$3)),"Sporadique","Intermédiaire")))))) -> Bloqué | E99: {=XLOOKUP(A99, EQ!A:A, EQ!B:B, "")} -> 0.83333333 | F99: {=XLOOKUP(A99, RED!A:A, RED!B:B, "")} -> 0.69444444 | G99: =XLOOKUP(A99, INDIRECT("'"&G$1&"'!A:A"), INDIRECT("'"&G$1&"'!B:B"), "") -> 7 | H99: =XLOOKUP($A99, INDIRECT("'"&H$1&"'!A:A"), INDIRECT("'"&H$1&"'!B:B"), "") -> 1 | I99: =XLOOKUP($A99, INDIRECT("'"&I$1&"'!A:A"), INDIRECT("'"&I$1&"'!B:B"), "") -> 0.14285714 | J99: =XLOOKUP($A99, INDIRECT("'"&J$1&"'!A:A"), INDIRECT("'"&J$1&"'!B:B"), "") -> 0 | K99: =XLOOKUP($A99, INDIRECT("'"&K$1&"'!A:A"), INDIRECT("'"&K$1&"'!B:B"), "") -> 0.10204086
A100: =EQ!A79 -> bd7739509fa70c858197ea24926c2c696b797f60240eac8fe389b1d67ce663be | B100: {=XLOOKUP(A100, Notes!A:A, Notes!B:B, "")} -> 61.66 | C100: =IFERROR(IMAGE(VLOOKUP(A100,DriveImages!A:C,3,FALSE),4,240,520),"") | D100: =IF($A100="","",IF(AND(N($G100)<=Params!$D$2,N($H100)<=Params!$E$2),"Peu actif",IF(AND(N($I100)>=Params!$F$4,N($E100)<=Params!$B$2,N($F100)<=Params!$C$2),"Efficace",IF(AND(N($F100)>=Params!$C$4,OR(N($I100)<=Params!$F$3,N($E100)>=Params!$B$4)),"Bloqué",IF(AND(OR(N($G100)>=Params!$D$4,N($H100)>=Params!$E$4),N($I100)<=Params!$F$3),"Persévérant",IF(AND(N($J100)>=Params!$G$4,OR(N($G100)<=Params!$D$3,N($H100)<=Params!$E$3)),"Sporadique","Intermédiaire")))))) -> Bloqué | E100: {=XLOOKUP(A100, EQ!A:A, EQ!B:B, "")} -> 0.8 | F100: {=XLOOKUP(A100, RED!A:A, RED!B:B, "")} -> 0.53333333 | G100: =XLOOKUP(A100, INDIRECT("'"&G$1&"'!A:A"), INDIRECT("'"&G$1&"'!B:B"), "") -> 7 | H100: =XLOOKUP($A100, INDIRECT("'"&H$1&"'!A:A"), INDIRECT("'"&H$1&"'!B:B"), "") -> 1 | I100: =XLOOKUP($A100, INDIRECT("'"&I$1&"'!A:A"), INDIRECT("'"&I$1&"'!B:B"), "") -> 0.14285714 | J100: =XLOOKUP($A100, INDIRECT("'"&J$1&"'!A:A"), INDIRECT("'"&J$1&"'!B:B"), "") -> 0 | K100: =XLOOKUP($A100, INDIRECT("'"&K$1&"'!A:A"), INDIRECT("'"&K$1&"'!B:B"), "") -> 0.05142857
...

Sheet ACP_Norm_Red
A1: SubjectID | B1: ='Récap'!E1 -> EQ | C1: ='Récap'!F1 -> RED | D1: ='Récap'!G1 -> Comp_Count | E1: ='Récap'!H1 -> Sess_Count | F1: ='Récap'!I1 -> Comp_FP_Ratio | G1: ='Récap'!J1 -> Frac_Long | H1: ='Récap'!K1 -> Mean_Test | I1: ='Récap'!L1 | ... L1: ='Récap'!O1
A2: ='Récap'!A2 -> 0685c8001a43b03e0a155e1afa0c7bec2f4e82d24f7ce4843b25a441c45dd335 | B2: =(XLOOKUP($A2, INDIRECT("'"&B$1&"'!A:A"), INDIRECT("'"&B$1&"'!B:B"), "")-AVERAGE(INDIRECT("'"&B$1&"'!B2:B")))/STDEV(INDIRECT("'"&B$1&"'!B2:B")) -> -1.2260897 | C2: =(XLOOKUP($A2, INDIRECT("'"&C$1&"'!A:A"), INDIRECT("'"&C$1&"'!B:B"), "")-AVERAGE(INDIRECT("'"&C$1&"'!B2:B")))/STDEV(INDIRECT("'"&C$1&"'!B2:B")) -> -1.0886419 | D2: =(XLOOKUP($A2, INDIRECT("'"&D$1&"'!A:A"), INDIRECT("'"&D$1&"'!B:B"), "")-AVERAGE(INDIRECT("'"&D$1&"'!B2:B")))/STDEV(INDIRECT("'"&D$1&"'!B2:B")) -> -0.82242418 | E2: =(XLOOKUP($A2, INDIRECT("'"&E$1&"'!A:A"), INDIRECT("'"&E$1&"'!B:B"), "")-AVERAGE(INDIRECT("'"&E$1&"'!B2:B")))/STDEV(INDIRECT("'"&E$1&"'!B2:B")) -> -0.91682969 | F2: =(XLOOKUP($A2, INDIRECT("'"&F$1&"'!A:A"), INDIRECT("'"&F$1&"'!B:B"), "")-AVERAGE(INDIRECT("'"&F$1&"'!B2:B")))/STDEV(INDIRECT("'"&F$1&"'!B2:B")) -> 1.6255931 | G2: =(XLOOKUP($A2, INDIRECT("'"&G$1&"'!A:A"), INDIRECT("'"&G$1&"'!B:B"), "")-AVERAGE(INDIRECT("'"&G$1&"'!B2:B")))/STDEV(INDIRECT("'"&G$1&"'!B2:B")) -> -0.81460495 | H2: =(XLOOKUP($A2, INDIRECT("'"&H$1&"'!A:A"), INDIRECT("'"&H$1&"'!B:B"), "")-AVERAGE(INDIRECT("'"&H$1&"'!B2:B")))/STDEV(INDIRECT("'"&H$1&"'!B2:B")) -> 1.9894003
A3: ='Récap'!A3 -> 69ea8e8a316c3f982db0286a71ca33c251b858994e27bb848e628967df9d15f9 | B3: =(XLOOKUP(A3, INDIRECT("'"&B$1&"'!A:A"), INDIRECT("'"&B$1&"'!B:B"), "")-AVERAGE(INDIRECT("'"&B$1&"'!B2:B")))/STDEV(INDIRECT("'"&B$1&"'!B2:B")) -> -1.2260897 | C3: =(XLOOKUP($A3, INDIRECT("'"&C$1&"'!A:A"), INDIRECT("'"&C$1&"'!B:B"), "")-AVERAGE(INDIRECT("'"&C$1&"'!B2:B")))/STDEV(INDIRECT("'"&C$1&"'!B2:B")) -> -1.0886419 | D3: =(XLOOKUP($A3, INDIRECT("'"&D$1&"'!A:A"), INDIRECT("'"&D$1&"'!B:B"), "")-AVERAGE(INDIRECT("'"&D$1&"'!B2:B")))/STDEV(INDIRECT("'"&D$1&"'!B2:B")) -> -0.82242418 | E3: =(XLOOKUP($A3, INDIRECT("'"&E$1&"'!A:A"), INDIRECT("'"&E$1&"'!B:B"), "")-AVERAGE(INDIRECT("'"&E$1&"'!B2:B")))/STDEV(INDIRECT("'"&E$1&"'!B2:B")) -> 0.94525852 | F3: =(XLOOKUP($A3, INDIRECT("'"&F$1&"'!A:A"), INDIRECT("'"&F$1&"'!B:B"), "")-AVERAGE(INDIRECT("'"&F$1&"'!B2:B")))/STDEV(INDIRECT("'"&F$1&"'!B2:B")) -> 1.6255931 | G3: =(XLOOKUP($A3, INDIRECT("'"&G$1&"'!A:A"), INDIRECT("'"&G$1&"'!B:B"), "")-AVERAGE(INDIRECT("'"&G$1&"'!B2:B")))/STDEV(INDIRECT("'"&G$1&"'!B2:B")) -> 4.6524842 | H3: =(XLOOKUP($A3, INDIRECT("'"&H$1&"'!A:A"), INDIRECT("'"&H$1&"'!B:B"), "")-AVERAGE(INDIRECT("'"&H$1&"'!B2:B")))/STDEV(INDIRECT("'"&H$1&"'!B2:B")) -> 1.8878861
A4: ='Récap'!A4 -> 091dc109aa58c7a670f4b61bc23df548fec73c05c7582dfb7c51f3a925d3618f | B4: =(XLOOKUP(A4, INDIRECT("'"&B$1&"'!A:A"), INDIRECT("'"&B$1&"'!B:B"), "")-AVERAGE(INDIRECT("'"&B$1&"'!B2:B")))/STDEV(INDIRECT("'"&B$1&"'!B2:B")) -> -1.0862668 | C4: =(XLOOKUP($A4, INDIRECT("'"&C$1&"'!A:A"), INDIRECT("'"&C$1&"'!B:B"), "")-AVERAGE(INDIRECT("'"&C$1&"'!B2:B")))/STDEV(INDIRECT("'"&C$1&"'!B2:B")) -> -1.0080484 | D4: =(XLOOKUP($A4, INDIRECT("'"&D$1&"'!A:A"), INDIRECT("'"&D$1&"'!B:B"), "")-AVERAGE(INDIRECT("'"&D$1&"'!B2:B")))/STDEV(INDIRECT("'"&D$1&"'!B2:B")) -> 1.5299245 | E4: =(XLOOKUP($A4, INDIRECT("'"&E$1&"'!A:A"), INDIRECT("'"&E$1&"'!B:B"), "")-AVERAGE(INDIRECT("'"&E$1&"'!B2:B")))/STDEV(INDIRECT("'"&E$1&"'!B2:B")) -> 1.8763026 | F4: =(XLOOKUP($A4, INDIRECT("'"&F$1&"'!A:A"), INDIRECT("'"&F$1&"'!B:B"), "")-AVERAGE(INDIRECT("'"&F$1&"'!B2:B")))/STDEV(INDIRECT("'"&F$1&"'!B2:B")) -> 1.2913455 | G4: =(XLOOKUP($A4, INDIRECT("'"&G$1&"'!A:A"), INDIRECT("'"&G$1&"'!B:B"), "")-AVERAGE(INDIRECT("'"&G$1&"'!B2:B")))/STDEV(INDIRECT("'"&G$1&"'!B2:B")) -> 0.064034371 | H4: =(XLOOKUP($A4, INDIRECT("'"&H$1&"'!A:A"), INDIRECT("'"&H$1&"'!B:B"), "")-AVERAGE(INDIRECT("'"&H$1&"'!B2:B")))/STDEV(INDIRECT("'"&H$1&"'!B2:B")) -> 1.6873509
A5: ='Récap'!A5 -> 275839578ec60b5084d5e18fccb01310e9f1b78293cad00bec043945e0f3e629 | B5: =(XLOOKUP(A5, INDIRECT("'"&B$1&"'!A:A"), INDIRECT("'"&B$1&"'!B:B"), "")-AVERAGE(INDIRECT("'"&B$1&"'!B2:B")))/STDEV(INDIRECT("'"&B$1&"'!B2:B")) -> -1.2260897 | C5: =(XLOOKUP($A5, INDIRECT("'"&C$1&"'!A:A"), INDIRECT("'"&C$1&"'!B:B"), "")-AVERAGE(INDIRECT("'"&C$1&"'!B2:B")))/STDEV(INDIRECT("'"&C$1&"'!B2:B")) -> -1.0886419 | D5: =(XLOOKUP($A5, INDIRECT("'"&D$1&"'!A:A"), INDIRECT("'"&D$1&"'!B:B"), "")-AVERAGE(INDIRECT("'"&D$1&"'!B2:B")))/STDEV(INDIRECT("'"&D$1&"'!B2:B")) -> 0.11851528 | E5: =(XLOOKUP($A5, INDIRECT("'"&E$1&"'!A:A"), INDIRECT("'"&E$1&"'!B:B"), "")-AVERAGE(INDIRECT("'"&E$1&"'!B2:B")))/STDEV(INDIRECT("'"&E$1&"'!B2:B")) -> 0.94525852 | F5: =(XLOOKUP($A5, INDIRECT("'"&F$1&"'!A:A"), INDIRECT("'"&F$1&"'!B:B"), "")-AVERAGE(INDIRECT("'"&F$1&"'!B2:B")))/STDEV(INDIRECT("'"&F$1&"'!B2:B")) -> 1.1640131 | G5: =(XLOOKUP($A5, INDIRECT("'"&G$1&"'!A:A"), INDIRECT("'"&G$1&"'!B:B"), "")-AVERAGE(INDIRECT("'"&G$1&"'!B2:B")))/STDEV(INDIRECT("'"&G$1&"'!B2:B")) -> 0.447031 | H5: =(XLOOKUP($A5, INDIRECT("'"&H$1&"'!A:A"), INDIRECT("'"&H$1&"'!B:B"), "")-AVERAGE(INDIRECT("'"&H$1&"'!B2:B")))/STDEV(INDIRECT("'"&H$1&"'!B2:B")) -> 1.5561818
A6: ='Récap'!A6 -> cbdbb864a7b15c5903aa09adff018a3d184f25c250b86926a5bc3fd9d9169037 | B6: =(XLOOKUP(A6, INDIRECT("'"&B$1&"'!A:A"), INDIRECT("'"&B$1&"'!B:B"), "")-AVERAGE(INDIRECT("'"&B$1&"'!B2:B")))/STDEV(INDIRECT("'"&B$1&"'!B2:B")) -> -0.45706406 | C6: =(XLOOKUP($A6, INDIRECT("'"&C$1&"'!A:A"), INDIRECT("'"&C$1&"'!B:B"), "")-AVERAGE(INDIRECT("'"&C$1&"'!B2:B")))/STDEV(INDIRECT("'"&C$1&"'!B2:B")) -> -0.64537744 | D6: =(XLOOKUP($A6, INDIRECT("'"&D$1&"'!A:A"), INDIRECT("'"&D$1&"'!B:B"), "")-AVERAGE(INDIRECT("'"&D$1&"'!B2:B")))/STDEV(INDIRECT("'"&D$1&"'!B2:B")) -> 0.11851528 | E6: =(XLOOKUP($A6, INDIRECT("'"&E$1&"'!A:A"), INDIRECT("'"&E$1&"'!B:B"), "")-AVERAGE(INDIRECT("'"&E$1&"'!B2:B")))/STDEV(INDIRECT("'"&E$1&"'!B2:B")) -> -0.91682969 | F6: =(XLOOKUP($A6, INDIRECT("'"&F$1&"'!A:A"), INDIRECT("'"&F$1&"'!B:B"), "")-AVERAGE(INDIRECT("'"&F$1&"'!B2:B")))/STDEV(INDIRECT("'"&F$1&"'!B2:B")) -> 1.1640131 | G6: =(XLOOKUP($A6, INDIRECT("'"&G$1&"'!A:A"), INDIRECT("'"&G$1&"'!B:B"), "")-AVERAGE(INDIRECT("'"&G$1&"'!B2:B")))/STDEV(INDIRECT("'"&G$1&"'!B2:B")) -> -0.81460495 | H6: =(XLOOKUP($A6, INDIRECT("'"&H$1&"'!A:A"), INDIRECT("'"&H$1&"'!B:B"), "")-AVERAGE(INDIRECT("'"&H$1&"'!B2:B")))/STDEV(INDIRECT("'"&H$1&"'!B2:B")) -> 1.5441301
A7: ='Récap'!A7 -> 95944dae06f4e15b8e63e41064092bc51db9f568df5abcdb866112b0a58a759a | B7: =(XLOOKUP(A7, INDIRECT("'"&B$1&"'!A:A"), INDIRECT("'"&B$1&"'!B:B"), "")-AVERAGE(INDIRECT("'"&B$1&"'!B2:B")))/STDEV(INDIRECT("'"&B$1&"'!B2:B")) -> -1.2260897 | C7: =(XLOOKUP($A7, INDIRECT("'"&C$1&"'!A:A"), INDIRECT("'"&C$1&"'!B:B"), "")-AVERAGE(INDIRECT("'"&C$1&"'!B2:B")))/STDEV(INDIRECT("'"&C$1&"'!B2:B")) -> -1.0886419 | D7: =(XLOOKUP($A7, INDIRECT("'"&D$1&"'!A:A"), INDIRECT("'"&D$1&"'!B:B"), "")-AVERAGE(INDIRECT("'"&D$1&"'!B2:B")))/STDEV(INDIRECT("'"&D$1&"'!B2:B")) -> -0.63423629 | E7: =(XLOOKUP($A7, INDIRECT("'"&E$1&"'!A:A"), INDIRECT("'"&E$1&"'!B:B"), "")-AVERAGE(INDIRECT("'"&E$1&"'!B2:B")))/STDEV(INDIRECT("'"&E$1&"'!B2:B")) -> -0.91682969 | F7: =(XLOOKUP($A7, INDIRECT("'"&F$1&"'!A:A"), INDIRECT("'"&F$1&"'!B:B"), "")-AVERAGE(INDIRECT("'"&F$1&"'!B2:B")))/STDEV(INDIRECT("'"&F$1&"'!B2:B")) -> 1.0870831 | G7: =(XLOOKUP($A7, INDIRECT("'"&G$1&"'!A:A"), INDIRECT("'"&G$1&"'!B:B"), "")-AVERAGE(INDIRECT("'"&G$1&"'!B2:B")))/STDEV(INDIRECT("'"&G$1&"'!B2:B")) -> -0.81460495 | H7: =(XLOOKUP($A7, INDIRECT("'"&H$1&"'!A:A"), INDIRECT("'"&H$1&"'!B:B"), "")-AVERAGE(INDIRECT("'"&H$1&"'!B2:B")))/STDEV(INDIRECT("'"&H$1&"'!B2:B")) -> 1.5419816
A8: ='Récap'!A8 -> 0ff8e00eabc873cbfaa0832c3aa0e4a4b03e6f72593a71ecf7e5b2e4d0c82e06 | B8: =(XLOOKUP(A8, INDIRECT("'"&B$1&"'!A:A"), INDIRECT("'"&B$1&"'!B:B"), "")-AVERAGE(INDIRECT("'"&B$1&"'!B2:B")))/STDEV(INDIRECT("'"&B$1&"'!B2:B")) -> -1.2260897 | C8: =(XLOOKUP($A8, INDIRECT("'"&C$1&"'!A:A"), INDIRECT("'"&C$1&"'!B:B"), "")-AVERAGE(INDIRECT("'"&C$1&"'!B2:B")))/STDEV(INDIRECT("'"&C$1&"'!B2:B")) -> -1.0886419 | D8: =(XLOOKUP($A8, INDIRECT("'"&D$1&"'!A:A"), INDIRECT("'"&D$1&"'!B:B"), "")-AVERAGE(INDIRECT("'"&D$1&"'!B2:B")))/STDEV(INDIRECT("'"&D$1&"'!B2:B")) -> 0.21260922 | E8: =(XLOOKUP($A8, INDIRECT("'"&E$1&"'!A:A"), INDIRECT("'"&E$1&"'!B:B"), "")-AVERAGE(INDIRECT("'"&E$1&"'!B2:B")))/STDEV(INDIRECT("'"&E$1&"'!B2:B")) -> -0.91682969 | F8: =(XLOOKUP($A8, INDIRECT("'"&F$1&"'!A:A"), INDIRECT("'"&F$1&"'!B:B"), "")-AVERAGE(INDIRECT("'"&F$1&"'!B2:B")))/STDEV(INDIRECT("'"&F$1&"'!B2:B")) -> 1.1947851 | G8: =(XLOOKUP($A8, INDIRECT("'"&G$1&"'!A:A"), INDIRECT("'"&G$1&"'!B:B"), "")-AVERAGE(INDIRECT("'"&G$1&"'!B2:B")))/STDEV(INDIRECT("'"&G$1&"'!B2:B")) -> -0.81460495 | H8: =(XLOOKUP($A8, INDIRECT("'"&H$1&"'!A:A"), INDIRECT("'"&H$1&"'!B:B"), "")-AVERAGE(INDIRECT("'"&H$1&"'!B2:B")))/STDEV(INDIRECT("'"&H$1&"'!B2:B")) -> 1.513877
A9: ='Récap'!A9 -> 7ce2ef889fd3931ddf910c65e58e6b626f658d713486152c54f9f8a0e6f37375 | B9: =(XLOOKUP(A9, INDIRECT("'"&B$1&"'!A:A"), INDIRECT("'"&B$1&"'!B:B"), "")-AVERAGE(INDIRECT("'"&B$1&"'!B2:B")))/STDEV(INDIRECT("'"&B$1&"'!B2:B")) -> -0.84157687 | C9: =(XLOOKUP($A9, INDIRECT("'"&C$1&"'!A:A"), INDIRECT("'"&C$1&"'!B:B"), "")-AVERAGE(INDIRECT("'"&C$1&"'!B2:B")))/STDEV(INDIRECT("'"&C$1&"'!B2:B")) -> -0.86700967 | D9: =(XLOOKUP($A9, INDIRECT("'"&D$1&"'!A:A"), INDIRECT("'"&D$1&"'!B:B"), "")-AVERAGE(INDIRECT("'"&D$1&"'!B2:B")))/STDEV(INDIRECT("'"&D$1&"'!B2:B")) -> 0.87126684 | E9: =(XLOOKUP($A9, INDIRECT("'"&E$1&"'!A:A"), INDIRECT("'"&E$1&"'!B:B"), "")-AVERAGE(INDIRECT("'"&E$1&"'!B2:B")))/STDEV(INDIRECT("'"&E$1&"'!B2:B")) -> 0.94525852 | F9: =(XLOOKUP($A9, INDIRECT("'"&F$1&"'!A:A"), INDIRECT("'"&F$1&"'!B:B"), "")-AVERAGE(INDIRECT("'"&F$1&"'!B2:B")))/STDEV(INDIRECT("'"&F$1&"'!B2:B")) -> 1.184994 | G9: =(XLOOKUP($A9, INDIRECT("'"&G$1&"'!A:A"), INDIRECT("'"&G$1&"'!B:B"), "")-AVERAGE(INDIRECT("'"&G$1&"'!B2:B")))/STDEV(INDIRECT("'"&G$1&"'!B2:B")) -> -0.03359222 | H9: =(XLOOKUP($A9, INDIRECT("'"&H$1&"'!A:A"), INDIRECT("'"&H$1&"'!B:B"), "")-AVERAGE(INDIRECT("'"&H$1&"'!B2:B")))/STDEV(INDIRECT("'"&H$1&"'!B2:B")) -> 1.4731241
A10: ='Récap'!A10 -> bee686e3fcc9f3886386d09a5bbd6f4779d852c8bb282b0b6185be70704d9207 | B10: =(XLOOKUP(A10, INDIRECT("'"&B$1&"'!A:A"), INDIRECT("'"&B$1&"'!B:B"), "")-AVERAGE(INDIRECT("'"&B$1&"'!B2:B")))/STDEV(INDIRECT("'"&B$1&"'!B2:B")) -> -1.2260897 | C10: =(XLOOKUP($A10, INDIRECT("'"&C$1&"'!A:A"), INDIRECT("'"&C$1&"'!B:B"), "")-AVERAGE(INDIRECT("'"&C$1&"'!B2:B")))/STDEV(INDIRECT("'"&C$1&"'!B2:B")) -> -1.0886419 | D10: =(XLOOKUP($A10, INDIRECT("'"&D$1&"'!A:A"), INDIRECT("'"&D$1&"'!B:B"), "")-AVERAGE(INDIRECT("'"&D$1&"'!B2:B")))/STDEV(INDIRECT("'"&D$1&"'!B2:B")) -> -0.35195445 | E10: =(XLOOKUP($A10, INDIRECT("'"&E$1&"'!A:A"), INDIRECT("'"&E$1&"'!B:B"), "")-AVERAGE(INDIRECT("'"&E$1&"'!B2:B")))/STDEV(INDIRECT("'"&E$1&"'!B2:B")) -> -0.91682969 | F10: =(XLOOKUP($A10, INDIRECT("'"&F$1&"'!A:A"), INDIRECT("'"&F$1&"'!B:B"), "")-AVERAGE(INDIRECT("'"&F$1&"'!B2:B")))/STDEV(INDIRECT("'"&F$1&"'!B2:B")) -> 1.2665864 | G10: =(XLOOKUP($A10, INDIRECT("'"&G$1&"'!A:A"), INDIRECT("'"&G$1&"'!B:B"), "")-AVERAGE(INDIRECT("'"&G$1&"'!B2:B")))/STDEV(INDIRECT("'"&G$1&"'!B2:B")) -> -0.81460495 | H10: =(XLOOKUP($A10, INDIRECT("'"&H$1&"'!A:A"), INDIRECT("'"&H$1&"'!B:B"), "")-AVERAGE(INDIRECT("'"&H$1&"'!B2:B")))/STDEV(INDIRECT("'"&H$1&"'!B2:B")) -> 1.4531035
A11: ='Récap'!A11 -> d3f0d126711eb978e948a2cbeb9c2b2b0ffa79541fe717c41575d91f5e21aa61 | B11: =(XLOOKUP(A11, INDIRECT("'"&B$1&"'!A:A"), INDIRECT("'"&B$1&"'!B:B"), "")-AVERAGE(INDIRECT("'"&B$1&"'!B2:B")))/STDEV(INDIRECT("'"&B$1&"'!B2:B")) -> -1.2260897 | C11: =(XLOOKUP($A11, INDIRECT("'"&C$1&"'!A:A"), INDIRECT("'"&C$1&"'!B:B"), "")-AVERAGE(INDIRECT("'"&C$1&"'!B2:B")))/STDEV(INDIRECT("'"&C$1&"'!B2:B")) -> -1.0886419 | D11: =(XLOOKUP($A11, INDIRECT("'"&D$1&"'!A:A"), INDIRECT("'"&D$1&"'!B:B"), "")-AVERAGE(INDIRECT("'"&D$1&"'!B2:B")))/STDEV(INDIRECT("'"&D$1&"'!B2:B")) -> 0.49489106 | E11: =(XLOOKUP($A11, INDIRECT("'"&E$1&"'!A:A"), INDIRECT("'"&E$1&"'!B:B"), "")-AVERAGE(INDIRECT("'"&E$1&"'!B2:B")))/STDEV(INDIRECT("'"&E$1&"'!B2:B")) -> 0.94525852 | F11: =(XLOOKUP($A11, INDIRECT("'"&F$1&"'!A:A"), INDIRECT("'"&F$1&"'!B:B"), "")-AVERAGE(INDIRECT("'"&F$1&"'!B2:B")))/STDEV(INDIRECT("'"&F$1&"'!B2:B")) -> 1.2665864 | G11: =(XLOOKUP($A11, INDIRECT("'"&G$1&"'!A:A"), INDIRECT("'"&G$1&"'!B:B"), "")-AVERAGE(INDIRECT("'"&G$1&"'!B2:B")))/STDEV(INDIRECT("'"&G$1&"'!B2:B")) -> 0.15017548 | H11: =(XLOOKUP($A11, INDIRECT("'"&H$1&"'!A:A"), INDIRECT("'"&H$1&"'!B:B"), "")-AVERAGE(INDIRECT("'"&H$1&"'!B2:B")))/STDEV(INDIRECT("'"&H$1&"'!B2:B")) -> 1.3957662
A12: ='Récap'!A12 -> ea47fdcc277117bd663900f36ab09bad41ea1af083ccbc63647b5838e1056ebc | B12: =(XLOOKUP(A12, INDIRECT("'"&B$1&"'!A:A"), INDIRECT("'"&B$1&"'!B:B"), "")-AVERAGE(INDIRECT("'"&B$1&"'!B2:B")))/STDEV(INDIRECT("'"&B$1&"'!B2:B")) -> -1.2260897 | C12: =(XLOOKUP($A12, INDIRECT("'"&C$1&"'!A:A"), INDIRECT("'"&C$1&"'!B:B"), "")-AVERAGE(INDIRECT("'"&C$1&"'!B2:B")))/STDEV(INDIRECT("'"&C$1&"'!B2:B")) -> -1.0886419 | D12: =(XLOOKUP($A12, INDIRECT("'"&D$1&"'!A:A"), INDIRECT("'"&D$1&"'!B:B"), "")-AVERAGE(INDIRECT("'"&D$1&"'!B2:B")))/STDEV(INDIRECT("'"&D$1&"'!B2:B")) -> 0.588985 | E12: =(XLOOKUP($A12, INDIRECT("'"&E$1&"'!A:A"), INDIRECT("'"&E$1&"'!B:B"), "")-AVERAGE(INDIRECT("'"&E$1&"'!B2:B")))/STDEV(INDIRECT("'"&E$1&"'!B2:B")) -> -0.91682969 | F12: =(XLOOKUP($A12, INDIRECT("'"&F$1&"'!A:A"), INDIRECT("'"&F$1&"'!B:B"), "")-AVERAGE(INDIRECT("'"&F$1&"'!B2:B")))/STDEV(INDIRECT("'"&F$1&"'!B2:B")) -> 1.1154257 | G12: =(XLOOKUP($A12, INDIRECT("'"&G$1&"'!A:A"), INDIRECT("'"&G$1&"'!B:B"), "")-AVERAGE(INDIRECT("'"&G$1&"'!B2:B")))/STDEV(INDIRECT("'"&G$1&"'!B2:B")) -> -0.81460495 | H12: =(XLOOKUP($A12, INDIRECT("'"&H$1&"'!A:A"), INDIRECT("'"&H$1&"'!B:B"), "")-AVERAGE(INDIRECT("'"&H$1&"'!B2:B")))/STDEV(INDIRECT("'"&H$1&"'!B2:B")) -> 1.3178268
A13: ='Récap'!A13 -> 3d85bc081b5cbae4e23792cd67c1c0fd9af811e86418a20d777c3fbe812ba910 | B13: =(XLOOKUP(A13, INDIRECT("'"&B$1&"'!A:A"), INDIRECT("'"&B$1&"'!B:B"), "")-AVERAGE(INDIRECT("'"&B$1&"'!B2:B")))/STDEV(INDIRECT("'"&B$1&"'!B2:B")) -> -1.2260897 | C13: =(XLOOKUP($A13, INDIRECT("'"&C$1&"'!A:A"), INDIRECT("'"&C$1&"'!B:B"), "")-AVERAGE(INDIRECT("'"&C$1&"'!B2:B")))/STDEV(INDIRECT("'"&C$1&"'!B2:B")) -> -1.0886419 | D13: =(XLOOKUP($A13, INDIRECT("'"&D$1&"'!A:A"), INDIRECT("'"&D$1&"'!B:B"), "")-AVERAGE(INDIRECT("'"&D$1&"'!B2:B")))/STDEV(INDIRECT("'"&D$1&"'!B2:B")) -> -0.72833024 | E13: =(XLOOKUP($A13, INDIRECT("'"&E$1&"'!A:A"), INDIRECT("'"&E$1&"'!B:B"), "")-AVERAGE(INDIRECT("'"&E$1&"'!B2:B")))/STDEV(INDIRECT("'"&E$1&"'!B2:B")) -> 0.014214414 | F13: =(XLOOKUP($A13, INDIRECT("'"&F$1&"'!A:A"), INDIRECT("'"&F$1&"'!B:B"), "")-AVERAGE(INDIRECT("'"&F$1&"'!B2:B")))/STDEV(INDIRECT("'"&F$1&"'!B2:B")) -> 1.6255931 | G13: =(XLOOKUP($A13, INDIRECT("'"&G$1&"'!A:A"), INDIRECT("'"&G$1&"'!B:B"), "")-AVERAGE(INDIRECT("'"&G$1&"'!B2:B")))/STDEV(INDIRECT("'"&G$1&"'!B2:B")) -> 1.2355535 | H13: =(XLOOKUP($A13, INDIRECT("'"&H$1&"'!A:A"), INDIRECT("'"&H$1&"'!B:B"), "")-AVERAGE(INDIRECT("'"&H$1&"'!B2:B")))/STDEV(INDIRECT("'"&H$1&"'!B2:B")) -> 1.2558251
A14: ='Récap'!A14 -> 0973288c77f97c9245c444f90526bc6137bc40b48200197fd5bb6134f618f165 | B14: =(XLOOKUP(A14, INDIRECT("'"&B$1&"'!A:A"), INDIRECT("'"&B$1&"'!B:B"), "")-AVERAGE(INDIRECT("'"&B$1&"'!B2:B")))/STDEV(INDIRECT("'"&B$1&"'!B2:B")) -> -0.84157687 | C14: =(XLOOKUP($A14, INDIRECT("'"&C$1&"'!A:A"), INDIRECT("'"&C$1&"'!B:B"), "")-AVERAGE(INDIRECT("'"&C$1&"'!B2:B")))/STDEV(INDIRECT("'"&C$1&"'!B2:B")) -> -0.86700967 | D14: =(XLOOKUP($A14, INDIRECT("'"&D$1&"'!A:A"), INDIRECT("'"&D$1&"'!B:B"), "")-AVERAGE(INDIRECT("'"&D$1&"'!B2:B")))/STDEV(INDIRECT("'"&D$1&"'!B2:B")) -> 0.30670317 | E14: =(XLOOKUP($A14, INDIRECT("'"&E$1&"'!A:A"), INDIRECT("'"&E$1&"'!B:B"), "")-AVERAGE(INDIRECT("'"&E$1&"'!B2:B")))/STDEV(INDIRECT("'"&E$1&"'!B2:B")) -> -0.91682969 | F14: =(XLOOKUP($A14, INDIRECT("'"&F$1&"'!A:A"), INDIRECT("'"&F$1&"'!B:B"), "")-AVERAGE(INDIRECT("'"&F$1&"'!B2:B")))/STDEV(INDIRECT("'"&F$1&"'!B2:B")) -> 1.0197694 | G14: =(XLOOKUP($A14, INDIRECT("'"&G$1&"'!A:A"), INDIRECT("'"&G$1&"'!B:B"), "")-AVERAGE(INDIRECT("'"&G$1&"'!B2:B")))/STDEV(INDIRECT("'"&G$1&"'!B2:B")) -> -0.81460495 | H14: =(XLOOKUP($A14, INDIRECT("'"&H$1&"'!A:A"), INDIRECT("'"&H$1&"'!B:B"), "")-AVERAGE(INDIRECT("'"&H$1&"'!B2:B")))/STDEV(INDIRECT("'"&H$1&"'!B2:B")) -> 1.2237769
... A111: ='Récap'!A111 -> 4082ac64b81101cbebcabd3b8b597bf7966896898674d507e118e3c0367ac800 | B111: =(XLOOKUP(A111, INDIRECT("'"&B$1&"'!A:A"), INDIRECT("'"&B$1&"'!B:B"), "")-AVERAGE(INDIRECT("'"&B$1&"'!B2:B")))/STDEV(INDIRECT("'"&B$1&"'!B2:B")) -> 1.8500128 | C111: =(XLOOKUP($A111, INDIRECT("'"&C$1&"'!A:A"), INDIRECT("'"&C$1&"'!B:B"), "")-AVERAGE(INDIRECT("'"&C$1&"'!B2:B")))/STDEV(INDIRECT("'"&C$1&"'!B2:B")) -> 1.7482506 | D111: =(XLOOKUP($A111, INDIRECT("'"&D$1&"'!A:A"), INDIRECT("'"&D$1&"'!B:B"), "")-AVERAGE(INDIRECT("'"&D$1&"'!B2:B")))/STDEV(INDIRECT("'"&D$1&"'!B2:B")) -> -0.72833024 | E111: =(XLOOKUP($A111, INDIRECT("'"&E$1&"'!A:A"), INDIRECT("'"&E$1&"'!B:B"), "")-AVERAGE(INDIRECT("'"&E$1&"'!B2:B")))/STDEV(INDIRECT("'"&E$1&"'!B2:B")) -> -0.91682969 | F111: =(XLOOKUP($A111, INDIRECT("'"&F$1&"'!A:A"), INDIRECT("'"&F$1&"'!B:B"), "")-AVERAGE(INDIRECT("'"&F$1&"'!B2:B")))/STDEV(INDIRECT("'"&F$1&"'!B2:B")) -> -1.605467 | G111: =(XLOOKUP($A111, INDIRECT("'"&G$1&"'!A:A"), INDIRECT("'"&G$1&"'!B:B"), "")-AVERAGE(INDIRECT("'"&G$1&"'!B2:B")))/STDEV(INDIRECT("'"&G$1&"'!B2:B")) -> -0.81460495 | H111: =(XLOOKUP($A111, INDIRECT("'"&H$1&"'!A:A"), INDIRECT("'"&H$1&"'!B:B"), "")-AVERAGE(INDIRECT("'"&H$1&"'!B2:B")))/STDEV(INDIRECT("'"&H$1&"'!B2:B")) -> -1.4846799
A112: ='Récap'!A112
A113: ='Récap'!A113
A114: ='Récap'!A114

Sheet ACP_Mat_Correl
B1: ='Récap'!E1 -> EQ | C1: ='Récap'!F1 -> RED | D1: ='Récap'!G1 -> Comp_Count | E1: ='Récap'!H1 -> Sess_Count | F1: ='Récap'!I1 -> Comp_FP_Ratio | G1: ='Récap'!J1 -> Frac_Long | H1: ='Récap'!K1 -> Mean_Test | I1: ='Récap'!L1 | ... K1: ='Récap'!N1
A2: ='Récap'!E$1 -> EQ | B2: =CORREL(ACP_Norm_Red!$B$2:$B1000,ACP_Norm_Red!B$2:B1000) -> 1 | C2: =CORREL(ACP_Norm_Red!$B$2:$B1000,ACP_Norm_Red!C2:C1000) -> 0.98462377 | D2: =CORREL(ACP_Norm_Red!$B$2:$B1000,ACP_Norm_Red!D2:D1000) -> 0.032925771 | E2: =CORREL(ACP_Norm_Red!$B$2:$B1000,ACP_Norm_Red!E2:E1000) -> -0.1758801 | F2: =CORREL(ACP_Norm_Red!$B$2:$B1000,ACP_Norm_Red!F2:F1000) -> -0.94814562 | G2: =CORREL(ACP_Norm_Red!$B$2:$B1000,ACP_Norm_Red!G2:G1000) -> -0.27314743 | H2: =CORREL(ACP_Norm_Red!$B$2:$B1000,ACP_Norm_Red!H2:H1000) -> -0.85996838
A3: ='Récap'!F$1 -> RED | B3: =CORREL(ACP_Norm_Red!$C$2:$C1000,ACP_Norm_Red!B$2:B1000) -> 0.98462377 | C3: =CORREL(ACP_Norm_Red!$C$2:$C1000,ACP_Norm_Red!C$2:C1000) -> 1 | D3: =CORREL(ACP_Norm_Red!$C$2:$C1000,ACP_Norm_Red!D$2:D1000) -> 0.086537533 | E3: =CORREL(ACP_Norm_Red!$C$2:$C1000,ACP_Norm_Red!E$2:E1000) -> -0.12735943 | F3: =CORREL(ACP_Norm_Red!$C$2:$C1000,ACP_Norm_Red!F$2:F1000) -> -0.92359714 | G3: =CORREL(ACP_Norm_Red!$C$2:$C1000,ACP_Norm_Red!G$2:G1000) -> -0.24956346 | H3: =CORREL(ACP_Norm_Red!$C$2:$C1000,ACP_Norm_Red!H$2:H1000) -> -0.84255032
A4: ='Récap'!G$1 -> Comp_Count | B4: =CORREL(ACP_Norm_Red!$D$2:$D1000,ACP_Norm_Red!B$2:B1000) -> 0.032925771 | C4: =CORREL(ACP_Norm_Red!$D$2:$D1000,ACP_Norm_Red!C$2:C1000) -> 0.086537533 | D4: =CORREL(ACP_Norm_Red!$D$2:$D1000,ACP_Norm_Red!D$2:D1000) -> 1 | E4: =CORREL(ACP_Norm_Red!$D$2:$D1000,ACP_Norm_Red!E$2:E1000) -> 0.26815036 | F4: =CORREL(ACP_Norm_Red!$D$2:$D1000,ACP_Norm_Red!F$2:F1000) -> 0.00034381596 | G4: =CORREL(ACP_Norm_Red!$D$2:$D1000,ACP_Norm_Red!G$2:G1000) -> -0.23774167 | H4: =CORREL(ACP_Norm_Red!$D$2:$D1000,ACP_Norm_Red!H$2:H1000) -> 0.016218931
A5: ='Récap'!H$1 -> Sess_Count | B5: =CORREL(ACP_Norm_Red!$E$2:$E1000,ACP_Norm_Red!B$2:B1000) -> -0.1758801 | C5: =CORREL(ACP_Norm_Red!$E$2:$E1000,ACP_Norm_Red!C$2:C1000) -> -0.12735943 | D5: =CORREL(ACP_Norm_Red!$E$2:$E1000,ACP_Norm_Red!D$2:D1000) -> 0.26815036 | E5: =CORREL(ACP_Norm_Red!$E$2:$E1000,ACP_Norm_Red!E$2:E1000) -> 1 | F5: =CORREL(ACP_Norm_Red!$E$2:$E1000,ACP_Norm_Red!F$2:F1000) -> 0.17951501 | G5: =CORREL(ACP_Norm_Red!$E$2:$E1000,ACP_Norm_Red!G$2:G1000) -> 0.62982273 | H5: =CORREL(ACP_Norm_Red!$E$2:$E1000,ACP_Norm_Red!H$2:H1000) -> 0.12797798
A6: ='Récap'!I$1 -> Comp_FP_Ratio | B6: =CORREL(ACP_Norm_Red!$F$2:$F1000,ACP_Norm_Red!B$2:B1000) -> -0.94814562 | C6: =CORREL(ACP_Norm_Red!$F$2:$F1000,ACP_Norm_Red!C$2:C1000) -> -0.92359714 | D6: =CORREL(ACP_Norm_Red!$F$2:$F1000,ACP_Norm_Red!D$2:D1000) -> 0.00034381596 | E6: =CORREL(ACP_Norm_Red!$F$2:$F1000,ACP_Norm_Red!E$2:E1000) -> 0.17951501 | F6: =CORREL(ACP_Norm_Red!$F$2:$F1000,ACP_Norm_Red!F$2:F1000) -> 1 | G6: =CORREL(ACP_Norm_Red!$F$2:$F1000,ACP_Norm_Red!G$2:G1000) -> 0.24343022 | H6: =CORREL(ACP_Norm_Red!$F$2:$F1000,ACP_Norm_Red!H$2:H1000) -> 0.92809166
A7: ='Récap'!J$1 -> Frac_Long | B7: =CORREL(ACP_Norm_Red!$G$2:$G1000,ACP_Norm_Red!B$2:B1000) -> -0.27314743 | C7: =CORREL(ACP_Norm_Red!$G$2:$G1000,ACP_Norm_Red!C$2:C1000) -> -0.24956346 | D7: =CORREL(ACP_Norm_Red!$G$2:$G1000,ACP_Norm_Red!D$2:D1000) -> -0.23774167 | E7: =CORREL(ACP_Norm_Red!$G$2:$G1000,ACP_Norm_Red!E$2:E1000) -> 0.62982273 | F7: =CORREL(ACP_Norm_Red!$G$2:$G1000,ACP_Norm_Red!F$2:F1000) -> 0.24343022 | G7: =CORREL(ACP_Norm_Red!$G$2:$G1000,ACP_Norm_Red!G$2:G1000) -> 1 | H7: =CORREL(ACP_Norm_Red!$G$2:$G1000,ACP_Norm_Red!H$2:H1000) -> 0.19162981
A8: ='Récap'!K1 -> Mean_Test | B8: =CORREL(ACP_Norm_Red!$H$2:$H1000,ACP_Norm_Red!B$2:B1000) -> -0.85996838 | C8: =CORREL(ACP_Norm_Red!$H$2:$H1000,ACP_Norm_Red!C$2:C1000) -> -0.84255032 | D8: =CORREL(ACP_Norm_Red!$H$2:$H1000,ACP_Norm_Red!D$2:D1000) -> 0.016218931 | E8: =CORREL(ACP_Norm_Red!$H$2:$H1000,ACP_Norm_Red!E$2:E1000) -> 0.12797798 | F8: =CORREL(ACP_Norm_Red!$H$2:$H1000,ACP_Norm_Red!F$2:F1000) -> 0.92809166 | G8: =CORREL(ACP_Norm_Red!$H$2:$H1000,ACP_Norm_Red!G$2:G1000) -> 0.19162981 | H8: =CORREL(ACP_Norm_Red!$H$2:$H1000,ACP_Norm_Red!H$2:H1000) -> 1

Sheet Params
B1: ='Récap'!E1 -> EQ | C1: ='Récap'!F1 -> RED | D1: ='Récap'!G1 -> Comp_Count | E1: ='Récap'!H1 -> Sess_Count | F1: ='Récap'!I1 -> Comp_FP_Ratio | G1: ='Récap'!J1 -> Frac_Long | H1: ='Récap'!K1 -> Mean_Test
A2: Q1 | B2: =QUARTILE(INDIRECT("'"&B$1&"'!B:B"),1) -> 0.125 | C2: =QUARTILE(INDIRECT("'"&C$1&"'!B:B"),1) -> 0.0625 | D2: =QUARTILE(INDIRECT("'"&D$1&"'!B:B"),1) -> 5 | E2: =QUARTILE(INDIRECT("'"&E$1&"'!B:B"),1) -> 1 | F2: =QUARTILE(INDIRECT("'"&F$1&"'!B:B"),1) -> 0.25 | G2: =QUARTILE(INDIRECT("'"&G$1&"'!B:B"),1) -> 0 | H2: =QUARTILE(INDIRECT("'"&H$1&"'!B:B"),1) -> 0.2
A3: Q2 | B3: =QUARTILE(INDIRECT("'"&B$1&"'!B:B"),2) -> 0.33333333 | C3: =QUARTILE(INDIRECT("'"&C$1&"'!B:B"),2) -> 0.21583851 | D3: =QUARTILE(INDIRECT("'"&D$1&"'!B:B"),2) -> 10 | E3: =QUARTILE(INDIRECT("'"&E$1&"'!B:B"),2) -> 2 | F3: =QUARTILE(INDIRECT("'"&F$1&"'!B:B"),2) -> 0.5 | G3: =QUARTILE(INDIRECT("'"&G$1&"'!B:B"),2) -> 0.071428571 | H3: =QUARTILE(INDIRECT("'"&H$1&"'!B:B"),2) -> 0.41388889
A4: Q3 | B4: =QUARTILE(INDIRECT("'"&B$1&"'!B:B"),3) -> 0.66666667 | C4: =QUARTILE(INDIRECT("'"&C$1&"'!B:B"),3) -> 0.53020833 | D4: =QUARTILE(INDIRECT("'"&D$1&"'!B:B"),3) -> 18 | E4: =QUARTILE(INDIRECT("'"&E$1&"'!B:B"),3) -> 3 | F4: =QUARTILE(INDIRECT("'"&F$1&"'!B:B"),3) -> 0.75 | G4: =QUARTILE(INDIRECT("'"&G$1&"'!B:B"),3) -> 0.14285714 | H4: =QUARTILE(INDIRECT("'"&H$1&"'!B:B"),3) -> 0.57951034
A5: Q4 | B5: =QUARTILE(INDIRECT("'"&B$1&"'!B:B"),4) -> 1 | C5: =QUARTILE(INDIRECT("'"&C$1&"'!B:B"),4) -> 0.93333333 | D5: =QUARTILE(INDIRECT("'"&D$1&"'!B:B"),4) -> 60 | E5: =QUARTILE(INDIRECT("'"&E$1&"'!B:B"),4) -> 6 | F5: =QUARTILE(INDIRECT("'"&F$1&"'!B:B"),4) -> 1 | G5: =QUARTILE(INDIRECT("'"&G$1&"'!B:B"),4) -> 0.66666667 | H5: =QUARTILE(INDIRECT("'"&H$1&"'!B:B"),4) -> 1
A10: Catégorie | B10: Règle | C10: Description | D10: Count
A11: Peu actif | B11: Comp_Count ≤ Q1 ET Sess_Count ≤ Q1 | C11: Peu de compilations et peu de sessions (activité faible) | D11: =COUNTIF('Récap'!D:D,A11) -> 10
A12: Efficace | B12: Comp_FP_Ratio ≥ Q3 ET EQ ≤ Q1 ET RED ≤ Q1 | C12: Bon taux de réussite, peu d’erreurs et peu de répétitions. | D12: =COUNTIF('Récap'!D:D,A12) -> 24
A13: Bloqué | B13: RED ≥ Q3 ET (Comp_FP_Ratio ≤ Q2 OU EQ ≥ Q3) | C13: Beaucoup d’erreurs répétées, réussite faible/moyenne. | D13: =COUNTIF('Récap'!D:D,A13) -> 24
A14: Persévérant | B14: (Comp_Count ≥ Q3 OU Sess_Count ≥ Q3) ET Comp_FP_Ratio ≤ Q2 | C14: Beaucoup d’essais/sessions, mais réussite faible/moyenne. | D14: =COUNTIF('Récap'!D:D,A14) -> 8
A15: Sporadique | B15: Frac_Long ≥ Q3 ET (Comp_Count ≤ Q2 OU Sess_Count ≤ Q2) | C15: Activité irrégulière, compilations souvent espacées (pauses longues). | D15: =COUNTIF('Récap'!D:D,A15) -> 9
A16: Intermédiaire | B16: Sinon | C16: Profil moyen | D16: =COUNTIF('Récap'!D:D,A16) -> 35

Sheet DriveImages
A1: student_id | B1: file_id | C1: image_url | D1: filename
A2: 0685c8001a43b03e0a155e1afa0c7bec2f4e82d24f7ce4843b25a441c45dd335 | B2: 1sqxqnWOgA9xGrBD_KPn0FgabZKt4e_sz | C2: https://drive.google.com/uc?export=view&id=1sqxqnWOgA9xGrBD_KPn0FgabZKt4e_sz | D2: 0685c8001a43b03e0a155e1afa0c7bec2f4e82d24f7ce4843b25a441c45dd335.png
A3: 07445b2803cfbba249af9f27deaabc1c2aa5fd49745cd11637d45d1e8f939c2b | B3: 1mQzUxNKLRJqIuVE3cBUo7q9u66CQ8yyb | C3: https://drive.google.com/uc?export=view&id=1mQzUxNKLRJqIuVE3cBUo7q9u66CQ8yyb | D3: 07445b2803cfbba249af9f27deaabc1c2aa5fd49745cd11637d45d1e8f939c2b.png
A4: 080e819b7f2ec7fdf5df10abc0092a6ae39db49584244ea555a9ce18c8d57c53 | B4: 1gd-7RXch1_OvHkd-pK3FzzlzLMWII7wb | C4: https://drive.google.com/uc?export=view&id=1gd-7RXch1_OvHkd-pK3FzzlzLMWII7wb | D4: 080e819b7f2ec7fdf5df10abc0092a6ae39db49584244ea555a9ce18c8d57c53.png
A5: 091dc109aa58c7a670f4b61bc23df548fec73c05c7582dfb7c51f3a925d3618f | B5: 11RCN-6hGf4HEGM_ct7C7coTvx7HjYy5h | C5: https://drive.google.com/uc?export=view&id=11RCN-6hGf4HEGM_ct7C7coTvx7HjYy5h | D5: 091dc109aa58c7a670f4b61bc23df548fec73c05c7582dfb7c51f3a925d3618f.png
A6: 0973288c77f97c9245c444f90526bc6137bc40b48200197fd5bb6134f618f165 | B6: 1qsP1dapjN-fUFeFbQ4phtLJm59XKyZSa | C6: https://drive.google.com/uc?export=view&id=1qsP1dapjN-fUFeFbQ4phtLJm59XKyZSa | D6: 0973288c77f97c9245c444f90526bc6137bc40b48200197fd5bb6134f618f165.png
A7: 098d08de95d38eeec0842ad11e1e98d03c5afff456588f8ec0e9b2842aae39a3 | B7: 1S3ZbvfZsseq_zIOlCYdGvD29lZfP8LC1 | C7: https://drive.google.com/uc?export=view&id=1S3ZbvfZsseq_zIOlCYdGvD29lZfP8LC1 | D7: 098d08de95d38eeec0842ad11e1e98d03c5afff456588f8ec0e9b2842aae39a3.png
A8: 0ff8e00eabc873cbfaa0832c3aa0e4a4b03e6f72593a71ecf7e5b2e4d0c82e06 | B8: 1ySMzrJYrKLb_oksDVTc1C6xFUbkBVOWd | C8: https://drive.google.com/uc?export=view&id=1ySMzrJYrKLb_oksDVTc1C6xFUbkBVOWd | D8: 0ff8e00eabc873cbfaa0832c3aa0e4a4b03e6f72593a71ecf7e5b2e4d0c82e06.png
A9: 109c6e9ad83923fec425f5948621a620bad8efb25d507dbead8bcfa627bc55e6 | B9: 1a01hhWvjKuwD2x7iaTm5qc5HYefFgExu | C9: https://drive.google.com/uc?export=view&id=1a01hhWvjKuwD2x7iaTm5qc5HYefFgExu | D9: 109c6e9ad83923fec425f5948621a620bad8efb25d507dbead8bcfa627bc55e6.png
A10: 125ae2e6409e498cf96017e4f7168a1612ea2f181a0ea99530cfafb7b3a64807 | B10: 1CPZUsUfkqkXiirbd0qxkTlaKBWSVtfuD | C10: https://drive.google.com/uc?export=view&id=1CPZUsUfkqkXiirbd0qxkTlaKBWSVtfuD | D10: 125ae2e6409e498cf96017e4f7168a1612ea2f181a0ea99530cfafb7b3a64807.png
A11: 13b34a353ac9ea6554f0bfc998b55f394ed800dfc03b32dc37d311d2551a5749 | B11: 1AnmwvJ-MlOSJeUWbNoxheVtFxTpSig8v | C11: https://drive.google.com/uc?export=view&id=1AnmwvJ-MlOSJeUWbNoxheVtFxTpSig8v | D11: 13b34a353ac9ea6554f0bfc998b55f394ed800dfc03b32dc37d311d2551a5749.png
A12: 155464e7a35faffd6b3b4f2e6b757098204e8a24221641b58ee8156acfd2e1fc | B12: 1VQkWbGoDtVwfSjgSid6KysDJ0WS6qX1q | C12: https://drive.google.com/uc?export=view&id=1VQkWbGoDtVwfSjgSid6KysDJ0WS6qX1q | D12: 155464e7a35faffd6b3b4f2e6b757098204e8a24221641b58ee8156acfd2e1fc.png
... A132: fe48d6db483ac4bd61b017d826272e803a5ba40fca9dcc14ce181a1331e1fa18 | B132: 1UBntaiZR0fVUj9bHthFJzqO6EB85R_xD | C132: https://drive.google.com/uc?export=view&id=1UBntaiZR0fVUj9bHthFJzqO6EB85R_xD | D132: fe48d6db483ac4bd61b017d826272e803a5ba40fca9dcc14ce181a1331e1fa18.png

Sheet Notes
A1: SubjectID | B1: X-Grade
A2: 80b79645be384d8162597a76b28062cd35ea1019db9344ebd3f549d05246afa2 | B2: 48.5
A3: f2c0c481d6d6af0b83c418cd9a25d31dc1ffd303019b7cff7adf84e88f578dcf | B3: 87.15
A4: c24802aafcbbb5d0d9f4ff58778800955e3c56280ac70345100d3a9a6ea2653f | B4: 44
A5: b83f22b6c073f282fc8e9556f47e3cb0ecb74d950973838f47c4837826ff08e0 | B5: 52.03
A6: fa57bd66cb6354a6d8af1e7b47b28589e586bf1303a9080652bf2cfe6b9bbab4 | B6: 48
A7: 2b094c4248c216c84aca0e3dbdd79ba28f43b7e9912a7d2190688321f51e5a7a | B7: 80.65
A8: a50b5be5f4ff7ea94290013a66e36e6dea9aed76a2d5c4bef41e28b4ad4503ed | B8: 48.56
A9: f957373d2a222c4eb2d4a1ff4cb458e3bebf9e8e6e6d09515d4e23c376f39647 | B9: 55.4
A10: 3e88c0584a41035de2c85904f13d7e5f03eab562308106eb2d9c7d8d1d5f65fb | B10: 19
A11: 9ecd8d14b33e6d7b4895b660bfc04f1b62dc5ff8d0361871658026089631b0f4 | B11: 78.66
A12: ec1a874203c55517f71dfe34ba86744fb41138693a65832b20cfa6f533f75e09 | B12: 54
A13: 048fce7bd5670d2ce6215f41856aea059973fb280ce1067c7896d7e982dce89a | B13: 32.25
... A507: 89b998636f98304acf1f5a475b5fad130ac8020d521969a48412173d2ac0971f | B507: 41.78

Sheet EQ
A1: SubjectID | B1: ErrorQuotient
A2: 0685c8001a43b03e0a155e1afa0c7bec2f4e82d24f7ce4843b25a441c45dd335 | B2: 0
A3: 080e819b7f2ec7fdf5df10abc0092a6ae39db49584244ea555a9ce18c8d57c53 | B3: 0.75
A4: 091dc109aa58c7a670f4b61bc23df548fec73c05c7582dfb7c51f3a925d3618f | B4: 0.045454545
A5: 0973288c77f97c9245c444f90526bc6137bc40b48200197fd5bb6134f618f165 | B5: 0.125
A6: 098d08de95d38eeec0842ad11e1e98d03c5afff456588f8ec0e9b2842aae39a3 | B6: 0
A7: 0ff8e00eabc873cbfaa0832c3aa0e4a4b03e6f72593a71ecf7e5b2e4d0c82e06 | B7: 0
A8: 109c6e9ad83923fec425f5948621a620bad8efb25d507dbead8bcfa627bc55e6 | B8: 0
A9: 125ae2e6409e498cf96017e4f7168a1612ea2f181a0ea99530cfafb7b3a64807 | B9: 0.53333333
A10: 13b34a353ac9ea6554f0bfc998b55f394ed800dfc03b32dc37d311d2551a5749 | B10: 0.72222222
A11: 155464e7a35faffd6b3b4f2e6b757098204e8a24221641b58ee8156acfd2e1fc | B11: 0.25
A12: 22d436278c2d2678362e2b3102b5bfa9227eecad30f599801b730e0cc7acd1c6 | B12: 0.14285714
A13: 23d73ca299f02110f10fe0b18902fd2ea5ad124d3a061f110083353b3899c369 | B13: 0.28571429
... A111: fe48d6db483ac4bd61b017d826272e803a5ba40fca9dcc14ce181a1331e1fa18 | B111: 0.83333333

Sheet RED
A1: SubjectID | B1: RED
A2: 0685c8001a43b03e0a155e1afa0c7bec2f4e82d24f7ce4843b25a441c45dd335 | B2: 0
A3: 080e819b7f2ec7fdf5df10abc0092a6ae39db49584244ea555a9ce18c8d57c53 | B3: 0.5625
A4: 091dc109aa58c7a670f4b61bc23df548fec73c05c7582dfb7c51f3a925d3618f | B4: 0.02272727
A5: 0973288c77f97c9245c444f90526bc6137bc40b48200197fd5bb6134f618f165 | B5: 0.0625
A6: 098d08de95d38eeec0842ad11e1e98d03c5afff456588f8ec0e9b2842aae39a3 | B6: 0
A7: 0ff8e00eabc873cbfaa0832c3aa0e4a4b03e6f72593a71ecf7e5b2e4d0c82e06 | B7: 0
A8: 109c6e9ad83923fec425f5948621a620bad8efb25d507dbead8bcfa627bc55e6 | B8: 0
A9: 125ae2e6409e498cf96017e4f7168a1612ea2f181a0ea99530cfafb7b3a64807 | B9: 0.42777778
A10: 13b34a353ac9ea6554f0bfc998b55f394ed800dfc03b32dc37d311d2551a5749 | B10: 0.61871025
A11: 155464e7a35faffd6b3b4f2e6b757098204e8a24221641b58ee8156acfd2e1fc | B11: 0.16666667
A12: 22d436278c2d2678362e2b3102b5bfa9227eecad30f599801b730e0cc7acd1c6 | B12: 0.07142857
A13: 23d73ca299f02110f10fe0b18902fd2ea5ad124d3a061f110083353b3899c369 | B13: 0.16666667
... A111: fe48d6db483ac4bd61b017d826272e803a5ba40fca9dcc14ce181a1331e1fa18 | B111: 0.69444444

Sheet Comp_Count
A1: SubjectID | B1: CompileCount
A2: 0685c8001a43b03e0a155e1afa0c7bec2f4e82d24f7ce4843b25a441c45dd335 | B2: 4
A3: 07445b2803cfbba249af9f27deaabc1c2aa5fd49745cd11637d45d1e8f939c2b | B3: 1
A4: 080e819b7f2ec7fdf5df10abc0092a6ae39db49584244ea555a9ce18c8d57c53 | B4: 5
A5: 091dc109aa58c7a670f4b61bc23df548fec73c05c7582dfb7c51f3a925d3618f | B5: 29
A6: 0973288c77f97c9245c444f90526bc6137bc40b48200197fd5bb6134f618f165 | B6: 16
A7: 098d08de95d38eeec0842ad11e1e98d03c5afff456588f8ec0e9b2842aae39a3 | B7: 4
A8: 0ff8e00eabc873cbfaa0832c3aa0e4a4b03e6f72593a71ecf7e5b2e4d0c82e06 | B8: 15
A9: 109c6e9ad83923fec425f5948621a620bad8efb25d507dbead8bcfa627bc55e6 | B9: 18
A10: 125ae2e6409e498cf96017e4f7168a1612ea2f181a0ea99530cfafb7b3a64807 | B10: 17
A11: 13b34a353ac9ea6554f0bfc998b55f394ed800dfc03b32dc37d311d2551a5749 | B11: 59
A12: 155464e7a35faffd6b3b4f2e6b757098204e8a24221641b58ee8156acfd2e1fc | B12: 10
A13: 1e07cd29e230f3661645dcb909fda7759b80e0adf98716a5b82e22aa93a8223c | B13: 1
... A132: fe48d6db483ac4bd61b017d826272e803a5ba40fca9dcc14ce181a1331e1fa18 | B132: 7

Sheet Sess_Count
A1: SubjectID | B1: SessionCount
A2: 0685c8001a43b03e0a155e1afa0c7bec2f4e82d24f7ce4843b25a441c45dd335 | B2: 1
A3: 07445b2803cfbba249af9f27deaabc1c2aa5fd49745cd11637d45d1e8f939c2b | B3: 1
A4: 080e819b7f2ec7fdf5df10abc0092a6ae39db49584244ea555a9ce18c8d57c53 | B4: 1
A5: 091dc109aa58c7a670f4b61bc23df548fec73c05c7582dfb7c51f3a925d3618f | B5: 4
A6: 0973288c77f97c9245c444f90526bc6137bc40b48200197fd5bb6134f618f165 | B6: 1
A7: 098d08de95d38eeec0842ad11e1e98d03c5afff456588f8ec0e9b2842aae39a3 | B7: 2
A8: 0ff8e00eabc873cbfaa0832c3aa0e4a4b03e6f72593a71ecf7e5b2e4d0c82e06 | B8: 1
A9: 109c6e9ad83923fec425f5948621a620bad8efb25d507dbead8bcfa627bc55e6 | B9: 1
A10: 125ae2e6409e498cf96017e4f7168a1612ea2f181a0ea99530cfafb7b3a64807 | B10: 2
A11: 13b34a353ac9ea6554f0bfc998b55f394ed800dfc03b32dc37d311d2551a5749 | B11: 2
A12: 155464e7a35faffd6b3b4f2e6b757098204e8a24221641b58ee8156acfd2e1fc | B12: 1
A13: 1e07cd29e230f3661645dcb909fda7759b80e0adf98716a5b82e22aa93a8223c | B13: 1
... A132: fe48d6db483ac4bd61b017d826272e803a5ba40fca9dcc14ce181a1331e1fa18 | B132: 1

Sheet Comp_FP_Ratio
A1: SubjectID | B1: CompileSuccessRate
A2: 0685c8001a43b03e0a155e1afa0c7bec2f4e82d24f7ce4843b25a441c45dd335 | B2: 1
A3: 07445b2803cfbba249af9f27deaabc1c2aa5fd49745cd11637d45d1e8f939c2b | B3: 0
A4: 080e819b7f2ec7fdf5df10abc0092a6ae39db49584244ea555a9ce18c8d57c53 | B4: 0.2
A5: 091dc109aa58c7a670f4b61bc23df548fec73c05c7582dfb7c51f3a925d3618f | B5: 0.89655172
A6: 0973288c77f97c9245c444f90526bc6137bc40b48200197fd5bb6134f618f165 | B6: 0.8125
A7: 098d08de95d38eeec0842ad11e1e98d03c5afff456588f8ec0e9b2842aae39a3 | B7: 0.75
A8: 0ff8e00eabc873cbfaa0832c3aa0e4a4b03e6f72593a71ecf7e5b2e4d0c82e06 | B8: 0.86666667
A9: 109c6e9ad83923fec425f5948621a620bad8efb25d507dbead8bcfa627bc55e6 | B9: 0.77777778
A10: 125ae2e6409e498cf96017e4f7168a1612ea2f181a0ea99530cfafb7b3a64807 | B10: 0.35294118
A11: 13b34a353ac9ea6554f0bfc998b55f394ed800dfc03b32dc37d311d2551a5749 | B11: 0.16949153
A12: 155464e7a35faffd6b3b4f2e6b757098204e8a24221641b58ee8156acfd2e1fc | B12: 0.6
A13: 1e07cd29e230f3661645dcb909fda7759b80e0adf98716a5b82e22aa93a8223c | B13: 0
... A132: fe48d6db483ac4bd61b017d826272e803a5ba40fca9dcc14ce181a1331e1fa18 | B132: 0.14285714

Sheet Frac_Long
A1: SubjectID | B1: FracLong
A2: 0685c8001a43b03e0a155e1afa0c7bec2f4e82d24f7ce4843b25a441c45dd335 | B2: 0
A3: 080e819b7f2ec7fdf5df10abc0092a6ae39db49584244ea555a9ce18c8d57c53 | B3: 0
A4: 091dc109aa58c7a670f4b61bc23df548fec73c05c7582dfb7c51f3a925d3618f | B4: 0.10714286
A5: 0973288c77f97c9245c444f90526bc6137bc40b48200197fd5bb6134f618f165 | B5: 0
A6: 098d08de95d38eeec0842ad11e1e98d03c5afff456588f8ec0e9b2842aae39a3 | B6: 0.33333333
A7: 0ff8e00eabc873cbfaa0832c3aa0e4a4b03e6f72593a71ecf7e5b2e4d0c82e06 | B7: 0
A8: 109c6e9ad83923fec425f5948621a620bad8efb25d507dbead8bcfa627bc55e6 | B8: 0
A9: 125ae2e6409e498cf96017e4f7168a1612ea2f181a0ea99530cfafb7b3a64807 | B9: 0.0625
A10: 13b34a353ac9ea6554f0bfc998b55f394ed800dfc03b32dc37d311d2551a5749 | B10: 0.017241379
A11: 155464e7a35faffd6b3b4f2e6b757098204e8a24221641b58ee8156acfd2e1fc | B11: 0
A12: 1fa47ac7759a6ce7a6345af6515630bf1b0493c63c56c65ec1867dd8e850486c | B12: 0
A13: 22d436278c2d2678362e2b3102b5bfa9227eecad30f599801b730e0cc7acd1c6 | B13: 0.33333333
... A122: fe48d6db483ac4bd61b017d826272e803a5ba40fca9dcc14ce181a1331e1fa18 | B122: 0

Sheet Mean_Test
A1: SubjectID | B1: MeanTestScore
A2: 0685c8001a43b03e0a155e1afa0c7bec2f4e82d24f7ce4843b25a441c45dd335 | B2: 0.9565215
A3: 07445b2803cfbba249af9f27deaabc1c2aa5fd49745cd11637d45d1e8f939c2b | B3: 0
A4: 080e819b7f2ec7fdf5df10abc0092a6ae39db49584244ea555a9ce18c8d57c53 | B4: 0.2
A5: 091dc109aa58c7a670f4b61bc23df548fec73c05c7582dfb7c51f3a925d3618f | B5: 0.87335797
A6: 0973288c77f97c9245c444f90526bc6137bc40b48200197fd5bb6134f618f165 | B6: 0.74572175
A7: 098d08de95d38eeec0842ad11e1e98d03c5afff456588f8ec0e9b2842aae39a3 | B7: 0.43
A8: 0ff8e00eabc873cbfaa0832c3aa0e4a4b03e6f72593a71ecf7e5b2e4d0c82e06 | B8: 0.82559527
A9: 109c6e9ad83923fec425f5948621a620bad8efb25d507dbead8bcfa627bc55e6 | B9: 0.73544978
A10: 125ae2e6409e498cf96017e4f7168a1612ea2f181a0ea99530cfafb7b3a64807 | B10: 0.25668447
A11: 13b34a353ac9ea6554f0bfc998b55f394ed800dfc03b32dc37d311d2551a5749 | B11: 0.13947741
A12: 155464e7a35faffd6b3b4f2e6b757098204e8a24221641b58ee8156acfd2e1fc | B12: 0.5251552
A13: 1e07cd29e230f3661645dcb909fda7759b80e0adf98716a5b82e22aa93a8223c | B13: 0
... A132: fe48d6db483ac4bd61b017d826272e803a5ba40fca9dcc14ce181a1331e1fa18 | B132: 0.10204086
