Workbook

Sheet Récap
A1: SubjectID | B1: Notes | C1: Profil | D1: Catégorie | E1: EQ | F1: RED | G1: Comp_Count | H1: Sess_Count | I1: Comp_FP_Ratio | J1: Frac_Long | K1: Mean_Test | L1: First_Compile | M1: Compile_Span | N1: Last_Compile | O1: Time_To_Score1
A2: =EQ!A10 -> 13b34a353ac9ea6554f0bfc998b55f394ed800dfc03b32dc37d311d2551a5749 | B2: {=XLOOKUP(A2, Notes!A:A, Notes!B:B, "")} -> 70.71 | C2: =IFERROR(IMAGE(VLOOKUP(A2,DriveImages!A:C,3,FALSE),4,240,520),"") | D2: =IF($A2="","",IF(AND(N($G2)<=Params!$D$2,N($H2)<=Params!$E$2),"Peu actif",IF(AND(N($I2)>=Params!$F$4,N($E2)<=Params!$B$2,N($F2)<=Params!$C$2),"Efficace",IF(AND(N($F2)>=Params!$C$4,OR(N($I2)<=Params!$F$3,N($E2)>=Params!$B$4)),"Bloqué",IF(AND(OR(N($G2)>=Params!$D$4,N($H2)>=Params!$E$4),N($I2)<=Params!$F$3),"Persévérant",IF(AND(N($J2)>=Params!$G$4,OR(N($G2)<=Params!$D$3,N($H2)<=Params!$E$3)),"Sporadique","Intermédiaire")))))) -> Bloqué | E2: {=XLOOKUP(A2, EQ!A:A, EQ!B:B, "")} -> 0.72222222 | F2: {=XLOOKUP(A2, RED!A:A, RED!B:B, "")} -> 0.61871025 | G2: =XLOOKUP(A2, INDIRECT("'"&G$1&"'!A:A"), INDIRECT("'"&G$1&"'!B:B"), "") -> 59 | H2: =XLOOKUP($A2, INDIRECT("'"&H$1&"'!A:A"), INDIRECT("'"&H$1&"'!B:B"), "") -> 2 | I2: =XLOOKUP($A2, INDIRECT("'"&I$1&"'!A:A"), INDIRECT("'"&I$1&"'!B:B"), "") -> 0.16949153 | J2: =XLOOKUP($A2, INDIRECT("'"&J$1&"'!A:A"), INDIRECT("'"&J$1&"'!B:B"), "") -> 0.017241379 | K2: =XLOOKUP($A2, INDIRECT("'"&K$1&"'!A:A"), INDIRECT("'"&K$1&"'!B:B"), "") -> 0.13947741 | L2: =XLOOKUP($A2, INDIRECT("'"&L$1&"'!A:A"), INDIRECT("'"&L$1&"'!B:B"), "") -> 0 | M2: =XLOOKUP($A2, INDIRECT("'"&M$1&"'!A:A"), INDIRECT("'"&M$1&"'!B:B"), "") -> 51.05 | N2: =XLOOKUP($A2, INDIRECT("'"&N$1&"'!A:A"), INDIRECT("'"&N$1&"'!B:B"), "") -> 7.5166667 | O2: =XLOOKUP($A2, INDIRECT("'"&O$1&"'!A:A"), INDIRECT("'"&O$1&"'!B:B"), "") -> 18.616667
A3: =EQ!A22 -> 351cff49ce968bd6bb542470c3004131a5042932b5f2cb0e7ea8492770b77485 | B3: {=XLOOKUP(A3, Notes!A:A, Notes!B:B, "")} -> 48 | C3: =IFERROR(IMAGE(VLOOKUP(A3,DriveImages!A:C,3,FALSE),4,240,520),"") | D3: =IF($A3="","",IF(AND(N($G3)<=Params!$D$2,N($H3)<=Params!$E$2),"Peu actif",IF(AND(N($I3)>=Params!$F$4,N($E3)<=Params!$B$2,N($F3)<=Params!$C$2),"Efficace",IF(AND(N($F3)>=Params!$C$4,OR(N($I3)<=Params!$F$3,N($E3)>=Params!$B$4)),"Bloqué",IF(AND(OR(N($G3)>=Params!$D$4,N($H3)>=Params!$E$4),N($I3)<=Params!$F$3),"Persévérant",IF(AND(N($J3)>=Params!$G$4,OR(N($G3)<=Params!$D$3,N($H3)<=Params!$E$3)),"Sporadique","Intermédiaire")))))) -> Sporadique | E3: {=XLOOKUP(A3, EQ!A:A, EQ!B:B, "")} -> 0.33333333 | F3: {=XLOOKUP(A3, RED!A:A, RED!B:B, "")} -> 0.16666667 | G3: =XLOOKUP(A3, INDIRECT("'"&G$1&"'!A:A"), INDIRECT("'"&G$1&"'!B:B"), "") -> 5 | H3: =XLOOKUP($A3, INDIRECT("'"&H$1&"'!A:A"), INDIRECT("'"&H$1&"'!B:B"), "") -> 2 | I3: =XLOOKUP($A3, INDIRECT("'"&I$1&"'!A:A"), INDIRECT("'"&I$1&"'!B:B"), "") -> 0.4 | J3: =XLOOKUP($A3, INDIRECT("'"&J$1&"'!A:A"), INDIRECT("'"&J$1&"'!B:B"), "") -> 0.25 | K3: =XLOOKUP($A3, INDIRECT("'"&K$1&"'!A:A"), INDIRECT("'"&K$1&"'!B:B"), "") -> 0.4 | L3: =XLOOKUP($A3, INDIRECT("'"&L$1&"'!A:A"), INDIRECT("'"&L$1&"'!B:B"), "") -> 0.033333333 | M3: =XLOOKUP($A3, INDIRECT("'"&M$1&"'!A:A"), INDIRECT("'"&M$1&"'!B:B"), "") -> 8.5666667 | N3: =XLOOKUP($A3, INDIRECT("'"&N$1&"'!A:A"), INDIRECT("'"&N$1&"'!B:B"), "") -> 49.966667 | O3: =XLOOKUP($A3, INDIRECT("'"&O$1&"'!A:A"), INDIRECT("'"&O$1&"'!B:B"), "") -> 0.71666667
A4: =EQ!A88 -> cef23c3f251969f778435219b38afa60f2e41b3927e82fa6d43de8c59f93f883 | B4: {=XLOOKUP(A4, Notes!A:A, Notes!B:B, "")} -> 71.09 | C4: =IFERROR(IMAGE(VLOOKUP(A4,DriveImages!A:C,3,FALSE),4,240,520),"") | D4: =IF($A4="","",IF(AND(N($G4)<=Params!$D$2,N($H4)<=Params!$E$2),"Peu actif",IF(AND(N($I4)>=Params!$F$4,N($E4)<=Params!$B$2,N($F4)<=Params!$C$2),"Efficace",IF(AND(N($F4)>=Params!$C$4,OR(N($I4)<=Params!$F$3,N($E4)>=Params!$B$4)),"Bloqué",IF(AND(OR(N($G4)>=Params!$D$4,N($H4)>=Params!$E$4),N($I4)<=Params!$F$3),"Persévérant",IF(AND(N($J4)>=Params!$G$4,OR(N($G4)<=Params!$D$3,N($H4)<=Params!$E$3)),"Sporadique","Intermédiaire")))))) -> Intermédiaire | E4: {=XLOOKUP(A4, EQ!A:A, EQ!B:B, "")} -> 0.30434783 | F4: {=XLOOKUP(A4, RED!A:A, RED!B:B, "")} -> 0.2173913 | G4: =XLOOKUP(A4, INDIRECT("'"&G$1&"'!A:A"), INDIRECT("'"&G$1&"'!B:B"), "") -> 36 | H4: =XLOOKUP($A4, INDIRECT("'"&H$1&"'!A:A"), INDIRECT("'"&H$1&"'!B:B"), "") -> 2 | I4: =XLOOKUP($A4, INDIRECT("'"&I$1&"'!A:A"), INDIRECT("'"&I$1&"'!B:B"), "") -> 0.61111111 | J4: =XLOOKUP($A4, INDIRECT("'"&J$1&"'!A:A"), INDIRECT("'"&J$1&"'!B:B"), "") -> 0.028571429 | K4: =XLOOKUP($A4, INDIRECT("'"&K$1&"'!A:A"), INDIRECT("'"&K$1&"'!B:B"), "") -> 0.49802858 | L4: =XLOOKUP($A4, INDIRECT("'"&L$1&"'!A:A"), INDIRECT("'"&L$1&"'!B:B"), "") -> 0.18333333 | M4: =XLOOKUP($A4, INDIRECT("'"&M$1&"'!A:A"), INDIRECT("'"&M$1&"'!B:B"), "") -> 43.25 | N4: =XLOOKUP($A4, INDIRECT("'"&N$1&"'!A:A"), INDIRECT("'"&N$1&"'!B:B"), "") -> 15.133333 | O4: =XLOOKUP($A4, INDIRECT("'"&O$1&"'!A:A"), INDIRECT("'"&O$1&"'!B:B"), "") -> 13.05
A5: =EQ!A83 -> c547e37e3c5d2add9a3cb5fdeecfbc779e0ee9d6a7dbb489c799cc94e7b9abd2 | B5: {=XLOOKUP(A5, Notes!A:A, Notes!B:B, "")} -> 75.94 | C5: =IFERROR(IMAGE(VLOOKUP(A5,DriveImages!A:C,3,FALSE),4,240,520),"") | D5: =IF($A5="","",IF(AND(N($G5)<=Params!$D$2,N($H5)<=Params!$E$2),"Peu actif",IF(AND(N($I5)>=Params!$F$4,N($E5)<=Params!$B$2,N($F5)<=Params!$C$2),"Efficace",IF(AND(N($F5)>=Params!$C$4,OR(N($I5)<=Params!$F$3,N($E5)>=Params!$B$4)),"Bloqué",IF(AND(OR(N($G5)>=Params!$D$4,N($H5)>=Params!$E$4),N($I5)<=Params!$F$3),"Persévérant",IF(AND(N($J5)>=Params!$G$4,OR(N($G5)<=Params!$D$3,N($H5)<=Params!$E$3)),"Sporadique","Intermédiaire")))))) -> Intermédiaire | E5: {=XLOOKUP(A5, EQ!A:A, EQ!B:B, "")} -> 0.66666667 | F5: {=XLOOKUP(A5, RED!A:A, RED!B:B, "")} -> 0.5037037 | G5: =XLOOKUP(A5, INDIRECT("'"&G$1&"'!A:A"), INDIRECT("'"&G$1&"'!B:B"), "") -> 10 | H5: =XLOOKUP($A5, INDIRECT("'"&H$1&"'!A:A"), INDIRECT("'"&H$1&"'!B:B"), "") -> 1 | I5: =XLOOKUP($A5, INDIRECT("'"&I$1&"'!A:A"), INDIRECT("'"&I$1&"'!B:B"), "") -> 0.2 | J5: =XLOOKUP($A5, INDIRECT("'"&J$1&"'!A:A"), INDIRECT("'"&J$1&"'!B:B"), "") -> 0 | K5: =XLOOKUP($A5, INDIRECT("'"&K$1&"'!A:A"), INDIRECT("'"&K$1&"'!B:B"), "") -> 0.1714286 | L5: =XLOOKUP($A5, INDIRECT("'"&L$1&"'!A:A"), INDIRECT("'"&L$1&"'!B:B"), "") -> 1.2 | M5: =XLOOKUP($A5, INDIRECT("'"&M$1&"'!A:A"), INDIRECT("'"&M$1&"'!B:B"), "") -> 12.65 | N5: =XLOOKUP($A5, INDIRECT("'"&N$1&"'!A:A"), INDIRECT("'"&N$1&"'!B:B"), "") -> 44.716667 | O5: =XLOOKUP($A5, INDIRECT("'"&O$1&"'!A:A"), INDIRECT("'"&O$1&"'!B:B"), "") -> 12.65
A6: =EQ!A6 -> 098d08de95d38eeec0842ad11e1e98d03c5afff456588f8ec0e9b2842aae39a3 | B6: {=XLOOKUP(A6, Notes!A:A, Notes!B:B, "")} -> 86.16 | C6: =IFERROR(IMAGE(VLOOKUP(A6,DriveImages!A:C,3,FALSE),4,240,520),"") | D6: =IF($A6="","",IF(AND(N($G6)<=Params!$D$2,N($H6)<=Params!$E$2),"Peu actif",IF(AND(N($I6)>=Params!$F$4,N($E6)<=Params!$B$2,N($F6)<=Params!$C$2),"Efficace",IF(AND(N($F6)>=Params!$C$4,OR(N($I6)<=Params!$F$3,N($E6)>=Params!$B$4)),"Bloqué",IF(AND(OR(N($G6)>=Params!$D$4,N($H6)>=Params!$E$4),N($I6)<=Params!$F$3),"Persévérant",IF(AND(N($J6)>=Params!$G$4,OR(N($G6)<=Params!$D$3,N($H6)<=Params!$E$3)),"Sporadique","Intermédiaire")))))) -> Efficace | E6: {=XLOOKUP(A6, EQ!A:A, EQ!B:B, "")} -> 0 | F6: {=XLOOKUP(A6, RED!A:A, RED!B:B, "")} -> 0 | G6: =XLOOKUP(A6, INDIRECT("'"&G$1&"'!A:A"), INDIRECT("'"&G$1&"'!B:B"), "") -> 4 | H6: =XLOOKUP($A6, INDIRECT("'"&H$1&"'!A:A"), INDIRECT("'"&H$1&"'!B:B"), "") -> 2 | I6: =XLOOKUP($A6, INDIRECT("'"&I$1&"'!A:A"), INDIRECT("'"&I$1&"'!B:B"), "") -> 0.75 | J6: =XLOOKUP($A6, INDIRECT("'"&J$1&"'!A:A"), INDIRECT("'"&J$1&"'!B:B"), "") -> 0.33333333 | K6: =XLOOKUP($A6, INDIRECT("'"&K$1&"'!A:A"), INDIRECT("'"&K$1&"'!B:B"), "") -> 0.43 | L6: =XLOOKUP($A6, INDIRECT("'"&L$1&"'!A:A"), INDIRECT("'"&L$1&"'!B:B"), "") -> 1.4 | M6: =XLOOKUP($A6, INDIRECT("'"&M$1&"'!A:A"), INDIRECT("'"&M$1&"'!B:B"), "") -> 13.633333 | N6: =XLOOKUP($A6, INDIRECT("'"&N$1&"'!A:A"), INDIRECT("'"&N$1&"'!B:B"), "") -> 43.533333 | O6: =XLOOKUP($A6, INDIRECT("'"&O$1&"'!A:A"), INDIRECT("'"&O$1&"'!B:B"), "") -> 0
A7: =EQ!A76 -> b2c90b16a2864cf16993f00192cdb13ee656ac6cd53f745acd473a25224cd05d | B7: {=XLOOKUP(A7, Notes!A:A, Notes!B:B, "")} -> 58.25 | C7: =IFERROR(IMAGE(VLOOKUP(A7,DriveImages!A:C,3,FALSE),4,240,520),"") | D7: =IF($A7="","",IF(AND(N($G7)<=Params!$D$2,N($H7)<=Params!$E$2),"Peu actif",IF(AND(N($I7)>=Params!$F$4,N($E7)<=Params!$B$2,N($F7)<=Params!$C$2),"Efficace",IF(AND(N($F7)>=Params!$C$4,OR(N($I7)<=Params!$F$3,N($E7)>=Params!$B$4)),"Bloqué",IF(AND(OR(N($G7)>=Params!$D$4,N($H7)>=Params!$E$4),N($I7)<=Params!$F$3),"Persévérant",IF(AND(N($J7)>=Params!$G$4,OR(N($G7)<=Params!$D$3,N($H7)<=Params!$E$3)),"Sporadique","Intermédiaire")))))) -> Efficace | E7: {=XLOOKUP(A7, EQ!A:A, EQ!B:B, "")} -> 0.076923077 | F7: {=XLOOKUP(A7, RED!A:A, RED!B:B, "")} -> 0.03846154 | G7: =XLOOKUP(A7, INDIRECT("'"&G$1&"'!A:A"), INDIRECT("'"&G$1&"'!B:B"), "") -> 21 | H7: =XLOOKUP($A7, INDIRECT("'"&H$1&"'!A:A"), INDIRECT("'"&H$1&"'!B:B"), "") -> 6 | I7: =XLOOKUP($A7, INDIRECT("'"&I$1&"'!A:A"), INDIRECT("'"&I$1&"'!B:B"), "") -> 0.76190476 | J7: =XLOOKUP($A7, INDIRECT("'"&J$1&"'!A:A"), INDIRECT("'"&J$1&"'!B:B"), "") -> 0.25 | K7: =XLOOKUP($A7, INDIRECT("'"&K$1&"'!A:A"), INDIRECT("'"&K$1&"'!B:B"), "") -> 0.64557824 | L7: =XLOOKUP($A7, INDIRECT("'"&L$1&"'!A:A"), INDIRECT("'"&L$1&"'!B:B"), "") -> 2.05 | M7: =XLOOKUP($A7, INDIRECT("'"&M$1&"'!A:A"), INDIRECT("'"&M$1&"'!B:B"), "") -> 56.283333 | N7: =XLOOKUP($A7, INDIRECT("'"&N$1&"'!A:A"), INDIRECT("'"&N$1&"'!B:B"), "") -> 0.23333333 | O7: =XLOOKUP($A7, INDIRECT("'"&O$1&"'!A:A"), INDIRECT("'"&O$1&"'!B:B"), "") -> 0
A8: =EQ!A41 -> 6a91389bf293538f8bfd1747ffc38730176f9e72e8ed7004fabc8cd25e69df6b | B8: {=XLOOKUP(A8, Notes!A:A, Notes!B:B, "")} -> 42.53 | C8: =IFERROR(IMAGE(VLOOKUP(A8,DriveImages!A:C,3,FALSE),4,240,520),"") | D8: =IF($A8="","",IF(AND(N($G8)<=Params!$D$2,N($H8)<=Params!$E$2),"Peu actif",IF(AND(N($I8)>=Params!$F$4,N($E8)<=Params!$B$2,N($F8)<=Params!$C$2),"Efficace",IF(AND(N($F8)>=Params!$C$4,OR(N($I8)<=Params!$F$3,N($E8)>=Params!$B$4)),"Bloqué",IF(AND(OR(N($G8)>=Params!$D$4,N($H8)>=Params!$E$4),N($I8)<=Params!$F$3),"Persévérant",IF(AND(N($J8)>=Params!$G$4,OR(N($G8)<=Params!$D$3,N($H8)<=Params!$E$3)),"Sporadique","Intermédiaire")))))) -> Efficace | E8: {=XLOOKUP(A8, EQ!A:A, EQ!B:B, "")} -> 0 | F8: {=XLOOKUP(A8, RED!A:A, RED!B:B, "")} -> 0 | G8: =XLOOKUP(A8, INDIRECT("'"&G$1&"'!A:A"), INDIRECT("'"&G$1&"'!B:B"), "") -> 12 | H8: =XLOOKUP($A8, INDIRECT("'"&H$1&"'!A:A"), INDIRECT("'"&H$1&"'!B:B"), "") -> 2 | I8: =XLOOKUP($A8, INDIRECT("'"&I$1&"'!A:A"), INDIRECT("'"&I$1&"'!B:B"), "") -> 1 | J8: =XLOOKUP($A8, INDIRECT("'"&J$1&"'!A:A"), INDIRECT("'"&J$1&"'!B:B"), "") -> 0.090909091 | K8: =XLOOKUP($A8, INDIRECT("'"&K$1&"'!A:A"), INDIRECT("'"&K$1&"'!B:B"), "") -> 0.5345455 | L8: =XLOOKUP($A8, INDIRECT("'"&L$1&"'!A:A"), INDIRECT("'"&L$1&"'!B:B"), "") -> 2.1166667 | M8: =XLOOKUP($A8, INDIRECT("'"&M$1&"'!A:A"), INDIRECT("'"&M$1&"'!B:B"), "") -> 30.883333 | N8: =XLOOKUP($A8, INDIRECT("'"&N$1&"'!A:A"), INDIRECT("'"&N$1&"'!B:B"), "") -> 25.566667 | O8: =XLOOKUP($A8, INDIRECT("'"&O$1&"'!A:A"), INDIRECT("'"&O$1&"'!B:B"), "") -> 1.4833333
A9: =EQ!A63 -> 93a7aef5296e288f3a39f8c1c0dcb8935c9657f5c87378408e5d1910444e7c70 | B9: {=XLOOKUP(A9, Notes!A:A, Notes!B:B, "")} -> 61.57 | C9: =IFERROR(IMAGE(VLOOKUP(A9,DriveImages!A:C,3,FALSE),4,240,520),"") | D9: =IF($A9="","",IF(AND(N($G9)<=Params!$D$2,N($H9)<=Params!$E$2),"Peu actif",IF(AND(N($I9)>=Params!$F$4,N($E9)<=Params!$B$2,N($F9)<=Params!$C$2),"Efficace",IF(AND(N($F9)>=Params!$C$4,OR(N($I9)<=Params!$F$3,N($E9)>=Params!$B$4)),"Bloqué",IF(AND(OR(N($G9)>=Params!$D$4,N($H9)>=Params!$E$4),N($I9)<=Params!$F$3),"Persévérant",IF(AND(N($J9)>=Params!$G$4,OR(N($G9)<=Params!$D$3,N($H9)<=Params!$E$3)),"Sporadique","Intermédiaire")))))) -> Intermédiaire | E9: {=XLOOKUP(A9, EQ!A:A, EQ!B:B, "")} -> 0.58333333 | F9: {=XLOOKUP(A9, RED!A:A, RED!B:B, "")} -> 0.51041667 | G9: =XLOOKUP(A9, INDIRECT("'"&G$1&"'!A:A"), INDIRECT("'"&G$1&"'!B:B"), "") -> 20 | H9: =XLOOKUP($A9, INDIRECT("'"&H$1&"'!A:A"), INDIRECT("'"&H$1&"'!B:B"), "") -> 4 | I9: =XLOOKUP($A9, INDIRECT("'"&I$1&"'!A:A"), INDIRECT("'"&I$1&"'!B:B"), "") -> 0.55 | J9: =XLOOKUP($A9, INDIRECT("'"&J$1&"'!A:A"), INDIRECT("'"&J$1&"'!B:B"), "") -> 0.15789474 | K9: =XLOOKUP($A9, INDIRECT("'"&K$1&"'!A:A"), INDIRECT("'"&K$1&"'!B:B"), "") -> 0.53333335 | L9: =XLOOKUP($A9, INDIRECT("'"&L$1&"'!A:A"), INDIRECT("'"&L$1&"'!B:B"), "") -> 2.35 | M9: =XLOOKUP($A9, INDIRECT("'"&M$1&"'!A:A"), INDIRECT("'"&M$1&"'!B:B"), "") -> 48.266667 | N9: =XLOOKUP($A9, INDIRECT("'"&N$1&"'!A:A"), INDIRECT("'"&N$1&"'!B:B"), "") -> 7.95 | O9: =XLOOKUP($A9, INDIRECT("'"&O$1&"'!A:A"), INDIRECT("'"&O$1&"'!B:B"), "") -> 23.633333
A10: =EQ!A50 -> 76b0bf253c0d17b6f275cc641729eda42ebed851893da32c132515023ab1e4e1 | B10: {=XLOOKUP(A10, Notes!A:A, Notes!B:B, "")} -> 62.06 | C10: =IFERROR(IMAGE(VLOOKUP(A10,DriveImages!A:C,3,FALSE),4,240,520),"") | D10: =IF($A10="","",IF(AND(N($G10)<=Params!$D$2,N($H10)<=Params!$E$2),"Peu actif",IF(AND(N($I10)>=Params!$F$4,N($E10)<=Params!$B$2,N($F10)<=Params!$C$2),"Efficace",IF(AND(N($F10)>=Params!$C$4,OR(N($I10)<=Params!$F$3,N($E10)>=Params!$B$4)),"Bloqué",IF(AND(OR(N($G10)>=Params!$D$4,N($H10)>=Params!$E$4),N($I10)<=Params!$F$3),"Persévérant",IF(AND(N($J10)>=Params!$G$4,OR(N($G10)<=Params!$D$3,N($H10)<=Params!$E$3)),"Sporadique","Intermédiaire")))))) -> Intermédiaire | E10: {=XLOOKUP(A10, EQ!A:A, EQ!B:B, "")} -> 0.33333333 | F10: {=XLOOKUP(A10, RED!A:A, RED!B:B, "")} -> 0.22222222 | G10: =XLOOKUP(A10, INDIRECT("'"&G$1&"'!A:A"), INDIRECT("'"&G$1&"'!B:B"), "") -> 11 | H10: =XLOOKUP($A10, INDIRECT("'"&H$1&"'!A:A"), INDIRECT("'"&H$1&"'!B:B"), "") -> 2 | I10: =XLOOKUP($A10, INDIRECT("'"&I$1&"'!A:A"), INDIRECT("'"&I$1&"'!B:B"), "") -> 0.54545455 | J10: =XLOOKUP($A10, INDIRECT("'"&J$1&"'!A:A"), INDIRECT("'"&J$1&"'!B:B"), "") -> 0.1 | K10: =XLOOKUP($A10, INDIRECT("'"&K$1&"'!A:A"), INDIRECT("'"&K$1&"'!B:B"), "") -> 0.53409091 | L10: =XLOOKUP($A10, INDIRECT("'"&L$1&"'!A:A"), INDIRECT("'"&L$1&"'!B:B"), "") -> 2.4333333 | M10: =XLOOKUP($A10, INDIRECT("'"&M$1&"'!A:A"), INDIRECT("'"&M$1&"'!B:B"), "") -> 20.866667 | N10: =XLOOKUP($A10, INDIRECT("'"&N$1&"'!A:A"), INDIRECT("'"&N$1&"'!B:B"), "") -> 35.266667 | O10: =XLOOKUP($A10, INDIRECT("'"&O$1&"'!A:A"), INDIRECT("'"&O$1&"'!B:B"), "") -> 2.1333333
A11: =EQ!A62 -> 9323ada035535298a0de65f40698a45122446c861947978f1be17123ecf09a53 | B11: {=XLOOKUP(A11, Notes!A:A, Notes!B:B, "")} -> 61.57 | C11: =IFERROR(IMAGE(VLOOKUP(A11,DriveImages!A:C,3,FALSE),4,240,520),"") | D11: =IF($A11="","",IF(AND(N($G11)<=Params!$D$2,N($H11)<=Params!$E$2),"Peu actif",IF(AND(N($I11)>=Params!$F$4,N($E11)<=Params!$B$2,N($F11)<=Params!$C$2),"Efficace",IF(AND(N($F11)>=Params!$C$4,OR(N($I11)<=Params!$F$3,N($E11)>=Params!$B$4)),"Bloqué",IF(AND(OR(N($G11)>=Params!$D$4,N($H11)>=Params!$E$4),N($I11)<=Params!$F$3),"Persévérant",IF(AND(N($J11)>=Params!$G$4,OR(N($G11)<=Params!$D$3,N($H11)<=Params!$E$3)),"Sporadique","Intermédiaire")))))) -> Bloqué | E11: {=XLOOKUP(A11, EQ!A:A, EQ!B:B, "")} -> 1 | F11: {=XLOOKUP(A11, RED!A:A, RED!B:B, "")} -> 0.83333333 | G11: =XLOOKUP(A11, INDIRECT("'"&G$1&"'!A:A"), INDIRECT("'"&G$1&"'!B:B"), "") -> 6 | H11: =XLOOKUP($A11, INDIRECT("'"&H$1&"'!A:A"), INDIRECT("'"&H$1&"'!B:B"), "") -> 2 | I11: =XLOOKUP($A11, INDIRECT("'"&I$1&"'!A:A"), INDIRECT("'"&I$1&"'!B:B"), "") -> 0 | J11: =XLOOKUP($A11, INDIRECT("'"&J$1&"'!A:A"), INDIRECT("'"&J$1&"'!B:B"), "") -> 0.2 | K11: =XLOOKUP($A11, INDIRECT("'"&K$1&"'!A:A"), INDIRECT("'"&K$1&"'!B:B"), "") -> 0 | L11: =XLOOKUP($A11, INDIRECT("'"&L$1&"'!A:A"), INDIRECT("'"&L$1&"'!B:B"), "") -> 2.7166667 | M11: =XLOOKUP($A11, INDIRECT("'"&M$1&"'!A:A"), INDIRECT("'"&M$1&"'!B:B"), "") -> 17.4 | N11: =XLOOKUP($A11, INDIRECT("'"&N$1&"'!A:A"), INDIRECT("'"&N$1&"'!B:B"), "") -> 38.45 | O11: =XLOOKUP($A11, INDIRECT("'"&O$1&"'!A:A"), INDIRECT("'"&O$1&"'!B:B"), "") -> 60
A12: =EQ!A78 -> bd41cbdc04707f80b319802470a1871b99d36766f9d020cc0f9a569a4d1bb54b | B12: {=XLOOKUP(A12, Notes!A:A, Notes!B:B, "")} -> 68.44 | C12: =IFERROR(IMAGE(VLOOKUP(A12,DriveImages!A:C,3,FALSE),4,240,520),"") | D12: =IF($A12="","",IF(AND(N($G12)<=Params!$D$2,N($H12)<=Params!$E$2),"Peu actif",IF(AND(N($I12)>=Params!$F$4,N($E12)<=Params!$B$2,N($F12)<=Params!$C$2),"Efficace",IF(AND(N($F12)>=Params!$C$4,OR(N($I12)<=Params!$F$3,N($E12)>=Params!$B$4)),"Bloqué",IF(AND(OR(N($G12)>=Params!$D$4,N($H12)>=Params!$E$4),N($I12)<=Params!$F$3),"Persévérant",IF(AND(N($J12)>=Params!$G$4,OR(N($G12)<=Params!$D$3,N($H12)<=Params!$E$3)),"Sporadique","Intermédiaire")))))) -> Peu actif | E12: {=XLOOKUP(A12, EQ!A:A, EQ!B:B, "")} -> 0.33333333 | F12: {=XLOOKUP(A12, RED!A:A, RED!B:B, "")} -> 0.16666667 | G12: =XLOOKUP(A12, INDIRECT("'"&G$1&"'!A:A"), INDIRECT("'"&G$1&"'!B:B"), "") -> 4 | H12: =XLOOKUP($A12, INDIRECT("'"&H$1&"'!A:A"), INDIRECT("'"&H$1&"'!B:B"), "") -> 1 | I12: =XLOOKUP($A12, INDIRECT("'"&I$1&"'!A:A"), INDIRECT("'"&I$1&"'!B:B"), "") -> 0.5 | J12: =XLOOKUP($A12, INDIRECT("'"&J$1&"'!A:A"), INDIRECT("'"&J$1&"'!B:B"), "") -> 0 | K12: =XLOOKUP($A12, INDIRECT("'"&K$1&"'!A:A"), INDIRECT("'"&K$1&"'!B:B"), "") -> 0.44230775 | L12: =XLOOKUP($A12, INDIRECT("'"&L$1&"'!A:A"), INDIRECT("'"&L$1&"'!B:B"), "") -> 2.9666667 | M12: =XLOOKUP($A12, INDIRECT("'"&M$1&"'!A:A"), INDIRECT("'"&M$1&"'!B:B"), "") -> 1.2333333 | N12: =XLOOKUP($A12, INDIRECT("'"&N$1&"'!A:A"), INDIRECT("'"&N$1&"'!B:B"), "") -> 54.366667 | O12: =XLOOKUP($A12, INDIRECT("'"&O$1&"'!A:A"), INDIRECT("'"&O$1&"'!B:B"), "") -> 1.2333333
A13: =EQ!A36 -> 5c075290e921279538ad0cbf9786e8855bd2c7f97a066c94d059d313cb34273b | B13: {=XLOOKUP(A13, Notes!A:A, Notes!B:B, "")} -> 61.23 | C13: =IFERROR(IMAGE(VLOOKUP(A13,DriveImages!A:C,3,FALSE),4,240,520),"") | D13: =IF($A13="","",IF(AND(N($G13)<=Params!$D$2,N($H13)<=Params!$E$2),"Peu actif",IF(AND(N($I13)>=Params!$F$4,N($E13)<=Params!$B$2,N($F13)<=Params!$C$2),"Efficace",IF(AND(N($F13)>=Params!$C$4,OR(N($I13)<=Params!$F$3,N($E13)>=Params!$B$4)),"Bloqué",IF(AND(OR(N($G13)>=Params!$D$4,N($H13)>=Params!$E$4),N($I13)<=Params!$F$3),"Persévérant",IF(AND(N($J13)>=Params!$G$4,OR(N($G13)<=Params!$D$3,N($H13)<=Params!$E$3)),"Sporadique","Intermédiaire")))))) -> Intermédiaire | E13: {=XLOOKUP(A13, EQ!A:A, EQ!B:B, "")} -> 0.1875 | F13: {=XLOOKUP(A13, RED!A:A, RED!B:B, "")} -> 0.140625 | G13: =XLOOKUP(A13, INDIRECT("'"&G$1&"'!A:A"), INDIRECT("'"&G$1&"'!B:B"), "") -> 23 | H13: =XLOOKUP($A13, INDIRECT("'"&H$1&"'!A:A"), INDIRECT("'"&H$1&"'!B:B"), "") -> 4 | I13: =XLOOKUP($A13, INDIRECT("'"&I$1&"'!A:A"), INDIRECT("'"&I$1&"'!B:B"), "") -> 0.56521739 | J13: =XLOOKUP($A13, INDIRECT("'"&J$1&"'!A:A"), INDIRECT("'"&J$1&"'!B:B"), "") -> 0.13636364 | K13: =XLOOKUP($A13, INDIRECT("'"&K$1&"'!A:A"), INDIRECT("'"&K$1&"'!B:B"), "") -> 0.40518396 | L13: =XLOOKUP($A13, INDIRECT("'"&L$1&"'!A:A"), INDIRECT("'"&L$1&"'!B:B"), "") -> 3.3666667 | M13: =XLOOKUP($A13, INDIRECT("'"&M$1&"'!A:A"), INDIRECT("'"&M$1&"'!B:B"), "") -> 47.466667 | N13: =XLOOKUP($A13, INDIRECT("'"&N$1&"'!A:A"), INDIRECT("'"&N$1&"'!B:B"), "") -> 7.7333333 | O13: =XLOOKUP($A13, INDIRECT("'"&O$1&"'!A:A"), INDIRECT("'"&O$1&"'!B:B"), "") -> 6.0333333
A14: =EQ!A94 -> d9381190f981d16a88149206249465bb181ce58d6359562dea944f4d477363e3 | B14: {=XLOOKUP(A14, Notes!A:A, Notes!B:B, "")} -> 52.9 | C14: =IFERROR(IMAGE(VLOOKUP(A14,DriveImages!A:C,3,FALSE),4,240,520),"") | D14: =IF($A14="","",IF(AND(N($G14)<=Params!$D$2,N($H14)<=Params!$E$2),"Peu actif",IF(AND(N($I14)>=Params!$F$4,N($E14)<=Params!$B$2,N($F14)<=Params!$C$2),"Efficace",IF(AND(N($F14)>=Params!$C$4,OR(N($I14)<=Params!$F$3,N($E14)>=Params!$B$4)),"Bloqué",IF(AND(OR(N($G14)>=Params!$D$4,N($H14)>=Params!$E$4),N($I14)<=Params!$F$3),"Persévérant",IF(AND(N($J14)>=Params!$G$4,OR(N($G14)<=Params!$D$3,N($H14)<=Params!$E$3)),"Sporadique","Intermédiaire")))))) -> Intermédiaire | E14: {=XLOOKUP(A14, EQ!A:A, EQ!B:B, "")} -> 0.25 | F14: {=XLOOKUP(A14, RED!A:A, RED!B:B, "")} -> 0.125 | G14: =XLOOKUP(A14, INDIRECT("'"&G$1&"'!A:A"), INDIRECT("'"&G$1&"'!B:B"), "") -> 12 | H14: =XLOOKUP($A14, INDIRECT("'"&H$1&"'!A:A"), INDIRECT("'"&H$1&"'!B:B"), "") -> 1 | I14: =XLOOKUP($A14, INDIRECT("'"&I$1&"'!A:A"), INDIRECT("'"&I$1&"'!B:B"), "") -> 0.41666667 | J14: =XLOOKUP($A14, INDIRECT("'"&J$1&"'!A:A"), INDIRECT("'"&J$1&"'!B:B"), "") -> 0 | K14: =XLOOKUP($A14, INDIRECT("'"&K$1&"'!A:A"), INDIRECT("'"&K$1&"'!B:B"), "") -> 0.40333333 | L14: =XLOOKUP($A14, INDIRECT("'"&L$1&"'!A:A"), INDIRECT("'"&L$1&"'!B:B"), "") -> 3.55 | M14: =XLOOKUP($A14, INDIRECT("'"&M$1&"'!A:A"), INDIRECT("'"&M$1&"'!B:B"), "") -> 11.516667 | N14: =XLOOKUP($A14, INDIRECT("'"&N$1&"'!A:A"), INDIRECT("'"&N$1&"'!B:B"), "") -> 43.5 | O14: =XLOOKUP($A14, INDIRECT("'"&O$1&"'!A:A"), INDIRECT("'"&O$1&"'!B:B"), "") -> 0.86666667
A15: =EQ!A31 -> 48f565383f47c6752893810686bd0c5f07fef08e34bc22a3f398d3b8c8db7c43 | B15: {=XLOOKUP(A15, Notes!A:A, Notes!B:B, "")} -> 56.91 | C15: =IFERROR(IMAGE(VLOOKUP(A15,DriveImages!A:C,3,FALSE),4,240,520),"") | D15: =IF($A15="","",IF(AND(N($G15)<=Params!$D$2,N($H15)<=Params!$E$2),"Peu actif",IF(AND(N($I15)>=Params!$F$4,N($E15)<=Params!$B$2,N($F15)<=Params!$C$2),"Efficace",IF(AND(N($F15)>=Params!$C$4,OR(N($I15)<=Params!$F$3,N($E15)>=Params!$B$4)),"Bloqué",IF(AND(OR(N($G15)>=Params!$D$4,N($H15)>=Params!$E$4),N($I15)<=Params!$F$3),"Persévérant",IF(AND(N($J15)>=Params!$G$4,OR(N($G15)<=Params!$D$3,N($H15)<=Params!$E$3)),"Sporadique","Intermédiaire")))))) -> Bloqué | E15: {=XLOOKUP(A15, EQ!A:A, EQ!B:B, "")} -> 0.69565217 | F15: {=XLOOKUP(A15, RED!A:A, RED!B:B, "")} -> 0.59075224 | G15: =XLOOKUP(A15, INDIRECT("'"&G$1&"'!A:A"), INDIRECT("'"&G$1&"'!B:B"), "") -> 29 | H15: =XLOOKUP($A15, INDIRECT("'"&H$1&"'!A:A"), INDIRECT("'"&H$1&"'!B:B"), "") -> 2 | I15: =XLOOKUP($A15, INDIRECT("'"&I$1&"'!A:A"), INDIRECT("'"&I$1&"'!B:B"), "") -> 0.31034483 | J15: =XLOOKUP($A15, INDIRECT("'"&J$1&"'!A:A"), INDIRECT("'"&J$1&"'!B:B"), "") -> 0.035714286 | K15: =XLOOKUP($A15, INDIRECT("'"&K$1&"'!A:A"), INDIRECT("'"&K$1&"'!B:B"), "") -> 0.27032021 | L15: =XLOOKUP($A15, INDIRECT("'"&L$1&"'!A:A"), INDIRECT("'"&L$1&"'!B:B"), "") -> 4.35 | M15: =XLOOKUP($A15, INDIRECT("'"&M$1&"'!A:A"), INDIRECT("'"&M$1&"'!B:B"), "") -> 47.483333 | N15: =XLOOKUP($A15, INDIRECT("'"&N$1&"'!A:A"), INDIRECT("'"&N$1&"'!B:B"), "") -> 6.7333333 | O15: =XLOOKUP($A15, INDIRECT("'"&O$1&"'!A:A"), INDIRECT("'"&O$1&"'!B:B"), "") -> 10.283333
A16: =EQ!A85 -> ca1b7797566e850c3e583a2fbda610a51d5504ca9b0d611a0a3e2770c912d52d | B16: {=XLOOKUP(A16, Notes!A:A, Notes!B:B, "")} -> 48 | C16: =IFERROR(IMAGE(VLOOKUP(A16,DriveImages!A:C,3,FALSE),4,240,520),"") | D16: =IF($A16="","",IF(AND(N($G16)<=Params!$D$2,N($H16)<=Params!$E$2),"Peu actif",IF(AND(N($I16)>=Params!$F$4,N($E16)<=Params!$B$2,N($F16)<=Params!$C$2),"Efficace",IF(AND(N($F16)>=Params!$C$4,OR(N($I16)<=Params!$F$3,N($E16)>=Params!$B$4)),"Bloqué",IF(AND(OR(N($G16)>=Params!$D$4,N($H16)>=Params!$E$4),N($I16)<=Params!$F$3),"Persévérant",IF(AND(N($J16)>=Params!$G$4,OR(N($G16)<=Params!$D$3,N($H16)<=Params!$E$3)),"Sporadique","Intermédiaire")))))) -> Intermédiaire | E16: {=XLOOKUP(A16, EQ!A:A, EQ!B:B, "")} -> 0.41666667 | F16: {=XLOOKUP(A16, RED!A:A, RED!B:B, "")} -> 0.29861111 | G16: =XLOOKUP(A16, INDIRECT("'"&G$1&"'!A:A"), INDIRECT("'"&G$1&"'!B:B"), "") -> 18 | H16: =XLOOKUP($A16, INDIRECT("'"&H$1&"'!A:A"), INDIRECT("'"&H$1&"'!B:B"), "") -> 2 | I16: =XLOOKUP($A16, INDIRECT("'"&I$1&"'!A:A"), INDIRECT("'"&I$1&"'!B:B"), "") -> 0.55555556 | J16: =XLOOKUP($A16, INDIRECT("'"&J$1&"'!A:A"), INDIRECT("'"&J$1&"'!B:B"), "") -> 0.058823529 | K16: =XLOOKUP($A16, INDIRECT("'"&K$1&"'!A:A"), INDIRECT("'"&K$1&"'!B:B"), "") -> 0.45405983 | L16: =XLOOKUP($A16, INDIRECT("'"&L$1&"'!A:A"), INDIRECT("'"&L$1&"'!B:B"), "") -> 4.5333333 | M16: =XLOOKUP($A16, INDIRECT("'"&M$1&"'!A:A"), INDIRECT("'"&M$1&"'!B:B"), "") -> 16.316667 | N16: =XLOOKUP($A16, INDIRECT("'"&N$1&"'!A:A"), INDIRECT("'"&N$1&"'!B:B"), "") -> 37.716667 | O16: =XLOOKUP($A16, INDIRECT("'"&O$1&"'!A:A"), INDIRECT("'"&O$1&"'!B:B"), "") -> 10.933333
A17: =EQ!A80 -> bee686e3fcc9f3886386d09a5bbd6f4779d852c8bb282b0b6185be70704d9207 | B17: {=XLOOKUP(A17, Notes!A:A, Notes!B:B, "")} -> 85.8 | C17: =IFERROR(IMAGE(VLOOKUP(A17,DriveImages!A:C,3,FALSE),4,240,520),"") | D17: =IF($A17="","",IF(AND(N($G17)<=Params!$D$2,N($H17)<=Params!$E$2),"Peu actif",IF(AND(N($I17)>=Params!$F$4,N($E17)<=Params!$B$2,N($F17)<=Params!$C$2),"Efficace",IF(AND(N($F17)>=Params!$C$4,OR(N($I17)<=Params!$F$3,N($E17)>=Params!$B$4)),"Bloqué",IF(AND(OR(N($G17)>=Params!$D$4,N($H17)>=Params!$E$4),N($I17)<=Params!$F$3),"Persévérant",IF(AND(N($J17)>=Params!$G$4,OR(N($G17)<=Params!$D$3,N($H17)<=Params!$E$3)),"Sporadique","Intermédiaire")))))) -> Efficace | E17: {=XLOOKUP(A17, EQ!A:A, EQ!B:B, "")} -> 0 | F17: {=XLOOKUP(A17, RED!A:A, RED!B:B, "")} -> 0 | G17: =XLOOKUP(A17, INDIRECT("'"&G$1&"'!A:A"), INDIRECT("'"&G$1&"'!B:B"), "") -> 9 | H17: =XLOOKUP($A17, INDIRECT("'"&H$1&"'!A:A"), INDIRECT("'"&H$1&"'!B:B"), "") -> 1 | I17: =XLOOKUP($A17, INDIRECT("'"&I$1&"'!A:A"), INDIRECT("'"&I$1&"'!B:B"), "") -> 0.88888889 | J17: =XLOOKUP($A17, INDIRECT("'"&J$1&"'!A:A"), INDIRECT("'"&J$1&"'!B:B"), "") -> 0 | K17: =XLOOKUP($A17, INDIRECT("'"&K$1&"'!A:A"), INDIRECT("'"&K$1&"'!B:B"), "") -> 0.80886244 | L17: =XLOOKUP($A17, INDIRECT("'"&L$1&"'!A:A"), INDIRECT("'"&L$1&"'!B:B"), "") -> 5.05 | M17: =XLOOKUP($A17, INDIRECT("'"&M$1&"'!A:A"), INDIRECT("'"&M$1&"'!B:B"), "") -> 21.416667 | N17: =XLOOKUP($A17, INDIRECT("'"&N$1&"'!A:A"), INDIRECT("'"&N$1&"'!B:B"), "") -> 32.1 | O17: =XLOOKUP($A17, INDIRECT("'"&O$1&"'!A:A"), INDIRECT("'"&O$1&"'!B:B"), "") -> 3.0333333
A18: =EQ!A64 -> 950ed53de307960251af3e387e595945da87494d2d2edf58b103f58f4ccfef78 | B18: {=XLOOKUP(A18, Notes!A:A, Notes!B:B, "")} -> 43.28 | C18: =IFERROR(IMAGE(VLOOKUP(A18,DriveImages!A:C,3,FALSE),4,240,520),"") | D18: =IF($A18="","",IF(AND(N($G18)<=Params!$D$2,N($H18)<=Params!$E$2),"Peu actif",IF(AND(N($I18)>=Params!$F$4,N($E18)<=Params!$B$2,N($F18)<=Params!$C$2),"Efficace",IF(AND(N($F18)>=Params!$C$4,OR(N($I18)<=Params!$F$3,N($E18)>=Params!$B$4)),"Bloqué",IF(AND(OR(N($G18)>=Params!$D$4,N($H18)>=Params!$E$4),N($I18)<=Params!$F$3),"Persévérant",IF(AND(N($J18)>=Params!$G$4,OR(N($G18)<=Params!$D$3,N($H18)<=Params!$E$3)),"Sporadique","Intermédiaire")))))) -> Efficace | E18: {=XLOOKUP(A18, EQ!A:A, EQ!B:B, "")} -> 0 | F18: {=XLOOKUP(A18, RED!A:A, RED!B:B, "")} -> 0 | G18: =XLOOKUP(A18, INDIRECT("'"&G$1&"'!A:A"), INDIRECT("'"&G$1&"'!B:B"), "") -> 7 | H18: =XLOOKUP($A18, INDIRECT("'"&H$1&"'!A:A"), INDIRECT("'"&H$1&"'!B:B"), "") -> 3 | I18: =XLOOKUP($A18, INDIRECT("'"&I$1&"'!A:A"), INDIRECT("'"&I$1&"'!B:B"), "") -> 0.85714286 | J18: =XLOOKUP($A18, INDIRECT("'"&J$1&"'!A:A"), INDIRECT("'"&J$1&"'!B:B"), "") -> 0.33333333 | K18: =XLOOKUP($A18, INDIRECT("'"&K$1&"'!A:A"), INDIRECT("'"&K$1&"'!B:B"), "") -> 0.65306129 | L18: =XLOOKUP($A18, INDIRECT("'"&L$1&"'!A:A"), INDIRECT("'"&L$1&"'!B:B"), "") -> 5.3333333 | M18: =XLOOKUP($A18, INDIRECT("'"&M$1&"'!A:A"), INDIRECT("'"&M$1&"'!B:B"), "") -> 20.2 | N18: =XLOOKUP($A18, INDIRECT("'"&N$1&"'!A:A"), INDIRECT("'"&N$1&"'!B:B"), "") -> 33.033333 | O18: =XLOOKUP($A18, INDIRECT("'"&O$1&"'!A:A"), INDIRECT("'"&O$1&"'!B:B"), "") -> 10.8
A19: =EQ!A53 -> 7ce2ef889fd3931ddf910c65e58e6b626f658d713486152c54f9f8a0e6f37375 | B19: {=XLOOKUP(A19, Notes!A:A, Notes!B:B, "")} -> 74.78 | C19: =IFERROR(IMAGE(VLOOKUP(A19,DriveImages!A:C,3,FALSE),4,240,520),"") | D19: =IF($A19="","",IF(AND(N($G19)<=Params!$D$2,N($H19)<=Params!$E$2),"Peu actif",IF(AND(N($I19)>=Params!$F$4,N($E19)<=Params!$B$2,N($F19)<=Params!$C$2),"Efficace",IF(AND(N($F19)>=Params!$C$4,OR(N($I19)<=Params!$F$3,N($E19)>=Params!$B$4)),"Bloqué",IF(AND(OR(N($G19)>=Params!$D$4,N($H19)>=Params!$E$4),N($I19)<=Params!$F$3),"Persévérant",IF(AND(N($J19)>=Params!$G$4,OR(N($G19)<=Params!$D$3,N($H19)<=Params!$E$3)),"Sporadique","Intermédiaire")))))) -> Efficace | E19: {=XLOOKUP(A19, EQ!A:A, EQ!B:B, "")} -> 0.125 | F19: {=XLOOKUP(A19, RED!A:A, RED!B:B, "")} -> 0.0625 | G19: =XLOOKUP(A19, INDIRECT("'"&G$1&"'!A:A"), INDIRECT("'"&G$1&"'!B:B"), "") -> 22 | H19: =XLOOKUP($A19, INDIRECT("'"&H$1&"'!A:A"), INDIRECT("'"&H$1&"'!B:B"), "") -> 3 | I19: =XLOOKUP($A19, INDIRECT("'"&I$1&"'!A:A"), INDIRECT("'"&I$1&"'!B:B"), "") -> 0.86363636 | J19: =XLOOKUP($A19, INDIRECT("'"&J$1&"'!A:A"), INDIRECT("'"&J$1&"'!B:B"), "") -> 0.095238095 | K19: =XLOOKUP($A19, INDIRECT("'"&K$1&"'!A:A"), INDIRECT("'"&K$1&"'!B:B"), "") -> 0.81437473 | L19: =XLOOKUP($A19, INDIRECT("'"&L$1&"'!A:A"), INDIRECT("'"&L$1&"'!B:B"), "") -> 5.6333333 | M19: =XLOOKUP($A19, INDIRECT("'"&M$1&"'!A:A"), INDIRECT("'"&M$1&"'!B:B"), "") -> 45.233333 | N19: =XLOOKUP($A19, INDIRECT("'"&N$1&"'!A:A"), INDIRECT("'"&N$1&"'!B:B"), "") -> 7.7 | O19: =XLOOKUP($A19, INDIRECT("'"&O$1&"'!A:A"), INDIRECT("'"&O$1&"'!B:B"), "") -> 0.23333333
A20: =EQ!A8 -> 109c6e9ad83923fec425f5948621a620bad8efb25d507dbead8bcfa627bc55e6 | B20: {=XLOOKUP(A20, Notes!A:A, Notes!B:B, "")} -> 93.25 | C20: =IFERROR(IMAGE(VLOOKUP(A20,DriveImages!A:C,3,FALSE),4,240,520),"") | D20: =IF($A20="","",IF(AND(N($G20)<=Params!$D$2,N($H20)<=Params!$E$2),"Peu actif",IF(AND(N($I20)>=Params!$F$4,N($E20)<=Params!$B$2,N($F20)<=Params!$C$2),"Efficace",IF(AND(N($F20)>=Params!$C$4,OR(N($I20)<=Params!$F$3,N($E20)>=Params!$B$4)),"Bloqué",IF(AND(OR(N($G20)>=Params!$D$4,N($H20)>=Params!$E$4),N($I20)<=Params!$F$3),"Persévérant",IF(AND(N($J20)>=Params!$G$4,OR(N($G20)<=Params!$D$3,N($H20)<=Params!$E$3)),"Sporadique","Intermédiaire")))))) -> Efficace | E20: {=XLOOKUP(A20, EQ!A:A, EQ!B:B, "")} -> 0 | F20: {=XLOOKUP(A20, RED!A:A, RED!B:B, "")} -> 0 | G20: =XLOOKUP(A20, INDIRECT("'"&G$1&"'!A:A"), INDIRECT("'"&G$1&"'!B:B"), "") -> 18 | H20: =XLOOKUP($A20, INDIRECT("'"&H$1&"'!A:A"), INDIRECT("'"&H$1&"'!B:B"), "") -> 1 | I20: =XLOOKUP($A20, INDIRECT("'"&I$1&"'!A:A"), INDIRECT("'"&I$1&"'!B:B"), "") -> 0.77777778 | J20: =XLOOKUP($A20, INDIRECT("'"&J$1&"'!A:A"), INDIRECT("'"&J$1&"'!B:B"), "") -> 0 | K20: =XLOOKUP($A20, INDIRECT("'"&K$1&"'!A:A"), INDIRECT("'"&K$1&"'!B:B"), "") -> 0.73544978 | L20: =XLOOKUP($A20, INDIRECT("'"&L$1&"'!A:A"), INDIRECT("'"&L$1&"'!B:B"), "") -> 5.6666667 | M20: =XLOOKUP($A20, INDIRECT("'"&M$1&"'!A:A"), INDIRECT("'"&M$1&"'!B:B"), "") -> 33.2 | N20: =XLOOKUP($A20, INDIRECT("'"&N$1&"'!A:A"), INDIRECT("'"&N$1&"'!B:B"), "") -> 19.7 | O20: =XLOOKUP($A20, INDIRECT("'"&O$1&"'!A:A"), INDIRECT("'"&O$1&"'!B:B"), "") -> 0.3
A21: =EQ!A98 -> e3d00c0bcfea6e4a68c5c4842d0bedac5e761cfa5be62ec60aae839f44a7f555 | B21: {=XLOOKUP(A21, Notes!A:A, Notes!B:B, "")} -> 62.59 | C21: =IFERROR(IMAGE(VLOOKUP(A21,DriveImages!A:C,3,FALSE),4,240,520),"") | D21: =IF($A21="","",IF(AND(N($G21)<=Params!$D$2,N($H21)<=Params!$E$2),"Peu actif",IF(AND(N($I21)>=Params!$F$4,N($E21)<=Params!$B$2,N($F21)<=Params!$C$2),"Efficace",IF(AND(N($F21)>=Params!$C$4,OR(N($I21)<=Params!$F$3,N($E21)>=Params!$B$4)),"Bloqué",IF(AND(OR(N($G21)>=Params!$D$4,N($H21)>=Params!$E$4),N($I21)<=Params!$F$3),"Persévérant",IF(AND(N($J21)>=Params!$G$4,OR(N($G21)<=Params!$D$3,N($H21)<=Params!$E$3)),"Sporadique","Intermédiaire")))))) -> Efficace | E21: {=XLOOKUP(A21, EQ!A:A, EQ!B:B, "")} -> 0 | F21: {=XLOOKUP(A21, RED!A:A, RED!B:B, "")} -> 0 | G21: =XLOOKUP(A21, INDIRECT("'"&G$1&"'!A:A"), INDIRECT("'"&G$1&"'!B:B"), "") -> 12 | H21: =XLOOKUP($A21, INDIRECT("'"&H$1&"'!A:A"), INDIRECT("'"&H$1&"'!B:B"), "") -> 3 | I21: =XLOOKUP($A21, INDIRECT("'"&I$1&"'!A:A"), INDIRECT("'"&I$1&"'!B:B"), "") -> 0.91666667 | J21: =XLOOKUP($A21, INDIRECT("'"&J$1&"'!A:A"), INDIRECT("'"&J$1&"'!B:B"), "") -> 0.18181818 | K21: =XLOOKUP($A21, INDIRECT("'"&K$1&"'!A:A"), INDIRECT("'"&K$1&"'!B:B"), "") -> 0.628788 | L21: =XLOOKUP($A21, INDIRECT("'"&L$1&"'!A:A"), INDIRECT("'"&L$1&"'!B:B"), "") -> 5.6666667 | M21: =XLOOKUP($A21, INDIRECT("'"&M$1&"'!A:A"), INDIRECT("'"&M$1&"'!B:B"), "") -> 34.283333 | N21: =XLOOKUP($A21, INDIRECT("'"&N$1&"'!A:A"), INDIRECT("'"&N$1&"'!B:B"), "") -> 18.616667 | O21: =XLOOKUP($A21, INDIRECT("'"&O$1&"'!A:A"), INDIRECT("'"&O$1&"'!B:B"), "") -> 6.7333333
A22: =EQ!A4 -> 091dc109aa58c7a670f4b61bc23df548fec73c05c7582dfb7c51f3a925d3618f | B22: {=XLOOKUP(A22, Notes!A:A, Notes!B:B, "")} -> 68.44 | C22: =IFERROR(IMAGE(VLOOKUP(A22,DriveImages!A:C,3,FALSE),4,240,520),"") | D22: =IF($A22="","",IF(AND(N($G22)<=Params!$D$2,N($H22)<=Params!$E$2),"Peu actif",IF(AND(N($I22)>=Params!$F$4,N($E22)<=Params!$B$2,N($F22)<=Params!$C$2),"Efficace",IF(AND(N($F22)>=Params!$C$4,OR(N($I22)<=Params!$F$3,N($E22)>=Params!$B$4)),"Bloqué",IF(AND(OR(N($G22)>=Params!$D$4,N($H22)>=Params!$E$4),N($I22)<=Params!$F$3),"Persévérant",IF(AND(N($J22)>=Params!$G$4,OR(N($G22)<=Params!$D$3,N($H22)<=Params!$E$3)),"Sporadique","Intermédiaire")))))) -> Efficace | E22: {=XLOOKUP(A22, EQ!A:A, EQ!B:B, "")} -> 0.045454545 | F22: {=XLOOKUP(A22, RED!A:A, RED!B:B, "")} -> 0.02272727 | G22: =XLOOKUP(A22, INDIRECT("'"&G$1&"'!A:A"), INDIRECT("'"&G$1&"'!B:B"), "") -> 29 | H22: =XLOOKUP($A22, INDIRECT("'"&H$1&"'!A:A"), INDIRECT("'"&H$1&"'!B:B"), "") -> 4 | I22: =XLOOKUP($A22, INDIRECT("'"&I$1&"'!A:A"), INDIRECT("'"&I$1&"'!B:B"), "") -> 0.89655172 | J22: =XLOOKUP($A22, INDIRECT("'"&J$1&"'!A:A"), INDIRECT("'"&J$1&"'!B:B"), "") -> 0.10714286 | K22: =XLOOKUP($A22, INDIRECT("'"&K$1&"'!A:A"), INDIRECT("'"&K$1&"'!B:B"), "") -> 0.87335797 | L22: =XLOOKUP($A22, INDIRECT("'"&L$1&"'!A:A"), INDIRECT("'"&L$1&"'!B:B"), "") -> 5.9166667 | M22: =XLOOKUP($A22, INDIRECT("'"&M$1&"'!A:A"), INDIRECT("'"&M$1&"'!B:B"), "") -> 45.6 | N22: =XLOOKUP($A22, INDIRECT("'"&N$1&"'!A:A"), INDIRECT("'"&N$1&"'!B:B"), "") -> 7.05 | O22: =XLOOKUP($A22, INDIRECT("'"&O$1&"'!A:A"), INDIRECT("'"&O$1&"'!B:B"), "") -> 1.15
A23: =EQ!A51 -> 7854ad4022596904b137ebbb044e0bbbd2f590b0dac7f5a46d9991f3c049d647 | B23: {=XLOOKUP(A23, Notes!A:A, Notes!B:B, "")} -> 45.5 | C23: =IFERROR(IMAGE(VLOOKUP(A23,DriveImages!A:C,3,FALSE),4,240,520),"") | D23: =IF($A23="","",IF(AND(N($G23)<=Params!$D$2,N($H23)<=Params!$E$2),"Peu actif",IF(AND(N($I23)>=Params!$F$4,N($E23)<=Params!$B$2,N($F23)<=Params!$C$2),"Efficace",IF(AND(N($F23)>=Params!$C$4,OR(N($I23)<=Params!$F$3,N($E23)>=Params!$B$4)),"Bloqué",IF(AND(OR(N($G23)>=Params!$D$4,N($H23)>=Params!$E$4),N($I23)<=Params!$F$3),"Persévérant",IF(AND(N($J23)>=Params!$G$4,OR(N($G23)<=Params!$D$3,N($H23)<=Params!$E$3)),"Sporadique","Intermédiaire")))))) -> Bloqué | E23: {=XLOOKUP(A23, EQ!A:A, EQ!B:B, "")} -> 1 | F23: {=XLOOKUP(A23, RED!A:A, RED!B:B, "")} -> 0.93333333 | G23: =XLOOKUP(A23, INDIRECT("'"&G$1&"'!A:A"), INDIRECT("'"&G$1&"'!B:B"), "") -> 16 | H23: =XLOOKUP($A23, INDIRECT("'"&H$1&"'!A:A"), INDIRECT("'"&H$1&"'!B:B"), "") -> 3 | I23: =XLOOKUP($A23, INDIRECT("'"&I$1&"'!A:A"), INDIRECT("'"&I$1&"'!B:B"), "") -> 0 | J23: =XLOOKUP($A23, INDIRECT("'"&J$1&"'!A:A"), INDIRECT("'"&J$1&"'!B:B"), "") -> 0.13333333 | K23: =XLOOKUP($A23, INDIRECT("'"&K$1&"'!A:A"), INDIRECT("'"&K$1&"'!B:B"), "") -> 0 | L23: =XLOOKUP($A23, INDIRECT("'"&L$1&"'!A:A"), INDIRECT("'"&L$1&"'!B:B"), "") -> 6.0666667 | M23: =XLOOKUP($A23, INDIRECT("'"&M$1&"'!A:A"), INDIRECT("'"&M$1&"'!B:B"), "") -> 36.25 | N23: =XLOOKUP($A23, INDIRECT("'"&N$1&"'!A:A"), INDIRECT("'"&N$1&"'!B:B"), "") -> 16.25 | O23: =XLOOKUP($A23, INDIRECT("'"&O$1&"'!A:A"), INDIRECT("'"&O$1&"'!B:B"), "") -> 60
A24: =EQ!A66 -> 95e604186e18386f749a6d26e0868477c65803267b7c4d7bf606f77b8bbe1da4 | B24: {=XLOOKUP(A24, Notes!A:A, Notes!B:B, "")} -> 60.89 | C24: =IFERROR(IMAGE(VLOOKUP(A24,DriveImages!A:C,3,FALSE),4,240,520),"") | D24: =IF($A24="","",IF(AND(N($G24)<=Params!$D$2,N($H24)<=Params!$E$2),"Peu actif",IF(AND(N($I24)>=Params!$F$4,N($E24)<=Params!$B$2,N($F24)<=Params!$C$2),"Efficace",IF(AND(N($F24)>=Params!$C$4,OR(N($I24)<=Params!$F$3,N($E24)>=Params!$B$4)),"Bloqué",IF(AND(OR(N($G24)>=Params!$D$4,N($H24)>=Params!$E$4),N($I24)<=Params!$F$3),"Persévérant",IF(AND(N($J24)>=Params!$G$4,OR(N($G24)<=Params!$D$3,N($H24)<=Params!$E$3)),"Sporadique","Intermédiaire")))))) -> Persévérant | E24: {=XLOOKUP(A24, EQ!A:A, EQ!B:B, "")} -> 0.57894737 | F24: {=XLOOKUP(A24, RED!A:A, RED!B:B, "")} -> 0.49649123 | G24: =XLOOKUP(A24, INDIRECT("'"&G$1&"'!A:A"), INDIRECT("'"&G$1&"'!B:B"), "") -> 23 | H24: =XLOOKUP($A24, INDIRECT("'"&H$1&"'!A:A"), INDIRECT("'"&H$1&"'!B:B"), "") -> 3 | I24: =XLOOKUP($A24, INDIRECT("'"&I$1&"'!A:A"), INDIRECT("'"&I$1&"'!B:B"), "") -> 0.39130435 | J24: =XLOOKUP($A24, INDIRECT("'"&J$1&"'!A:A"), INDIRECT("'"&J$1&"'!B:B"), "") -> 0.090909091 | K24: =XLOOKUP($A24, INDIRECT("'"&K$1&"'!A:A"), INDIRECT("'"&K$1&"'!B:B"), "") -> 0.32095596 | L24: =XLOOKUP($A24, INDIRECT("'"&L$1&"'!A:A"), INDIRECT("'"&L$1&"'!B:B"), "") -> 6.85 | M24: =XLOOKUP($A24, INDIRECT("'"&M$1&"'!A:A"), INDIRECT("'"&M$1&"'!B:B"), "") -> 44.716667 | N24: =XLOOKUP($A24, INDIRECT("'"&N$1&"'!A:A"), INDIRECT("'"&N$1&"'!B:B"), "") -> 7 | O24: =XLOOKUP($A24, INDIRECT("'"&O$1&"'!A:A"), INDIRECT("'"&O$1&"'!B:B"), "") -> 16.216667
A25: =EQ!A110 -> fcf731e2be9a1377e7aed9c84be49e59ff2b3595fd86235d37d58011462b8fcf | B25: {=XLOOKUP(A25, Notes!A:A, Notes!B:B, "")} -> 55.16 | C25: =IFERROR(IMAGE(VLOOKUP(A25,DriveImages!A:C,3,FALSE),4,240,520),"") | D25: =IF($A25="","",IF(AND(N($G25)<=Params!$D$2,N($H25)<=Params!$E$2),"Peu actif",IF(AND(N($I25)>=Params!$F$4,N($E25)<=Params!$B$2,N($F25)<=Params!$C$2),"Efficace",IF(AND(N($F25)>=Params!$C$4,OR(N($I25)<=Params!$F$3,N($E25)>=Params!$B$4)),"Bloqué",IF(AND(OR(N($G25)>=Params!$D$4,N($H25)>=Params!$E$4),N($I25)<=Params!$F$3),"Persévérant",IF(AND(N($J25)>=Params!$G$4,OR(N($G25)<=Params!$D$3,N($H25)<=Params!$E$3)),"Sporadique","Intermédiaire")))))) -> Bloqué | E25: {=XLOOKUP(A25, EQ!A:A, EQ!B:B, "")} -> 1 | F25: {=XLOOKUP(A25, RED!A:A, RED!B:B, "")} -> 0.90909091 | G25: =XLOOKUP(A25, INDIRECT("'"&G$1&"'!A:A"), INDIRECT("'"&G$1&"'!B:B"), "") -> 11 | H25: =XLOOKUP($A25, INDIRECT("'"&H$1&"'!A:A"), INDIRECT("'"&H$1&"'!B:B"), "") -> 2 | I25: =XLOOKUP($A25, INDIRECT("'"&I$1&"'!A:A"), INDIRECT("'"&I$1&"'!B:B"), "") -> 0 | J25: =XLOOKUP($A25, INDIRECT("'"&J$1&"'!A:A"), INDIRECT("'"&J$1&"'!B:B"), "") -> 0.1 | K25: =XLOOKUP($A25, INDIRECT("'"&K$1&"'!A:A"), INDIRECT("'"&K$1&"'!B:B"), "") -> 0 | L25: =XLOOKUP($A25, INDIRECT("'"&L$1&"'!A:A"), INDIRECT("'"&L$1&"'!B:B"), "") -> 7.3333333 | M25: =XLOOKUP($A25, INDIRECT("'"&M$1&"'!A:A"), INDIRECT("'"&M$1&"'!B:B"), "") -> 23.033333 | N25: =XLOOKUP($A25, INDIRECT("'"&N$1&"'!A:A"), INDIRECT("'"&N$1&"'!B:B"), "") -> 28.2 | O25: =XLOOKUP($A25, INDIRECT("'"&O$1&"'!A:A"), INDIRECT("'"&O$1&"'!B:B"), "") -> 60
A26: =EQ!A95 -> d981675479ab443031cba32f40c3dca9e031547c59346a4c0ea7c624c054d936 | B26: {=XLOOKUP(A26, Notes!A:A, Notes!B:B, "")} -> 54.94 | C26: =IFERROR(IMAGE(VLOOKUP(A26,DriveImages!A:C,3,FALSE),4,240,520),"") | D26: =IF($A26="","",IF(AND(N($G26)<=Params!$D$2,N($H26)<=Params!$E$2),"Peu actif",IF(AND(N($I26)>=Params!$F$4,N($E26)<=Params!$B$2,N($F26)<=Params!$C$2),"Efficace",IF(AND(N($F26)>=Params!$C$4,OR(N($I26)<=Params!$F$3,N($E26)>=Params!$B$4)),"Bloqué",IF(AND(OR(N($G26)>=Params!$D$4,N($H26)>=Params!$E$4),N($I26)<=Params!$F$3),"Persévérant",IF(AND(N($J26)>=Params!$G$4,OR(N($G26)<=Params!$D$3,N($H26)<=Params!$E$3)),"Sporadique","Intermédiaire")))))) -> Bloqué | E26: {=XLOOKUP(A26, EQ!A:A, EQ!B:B, "")} -> 0.75 | F26: {=XLOOKUP(A26, RED!A:A, RED!B:B, "")} -> 0.61607143 | G26: =XLOOKUP(A26, INDIRECT("'"&G$1&"'!A:A"), INDIRECT("'"&G$1&"'!B:B"), "") -> 14 | H26: =XLOOKUP($A26, INDIRECT("'"&H$1&"'!A:A"), INDIRECT("'"&H$1&"'!B:B"), "") -> 2 | I26: =XLOOKUP($A26, INDIRECT("'"&I$1&"'!A:A"), INDIRECT("'"&I$1&"'!B:B"), "") -> 0.21428571 | J26: =XLOOKUP($A26, INDIRECT("'"&J$1&"'!A:A"), INDIRECT("'"&J$1&"'!B:B"), "") -> 0.076923077 | K26: =XLOOKUP($A26, INDIRECT("'"&K$1&"'!A:A"), INDIRECT("'"&K$1&"'!B:B"), "") -> 0.19565214 | L26: =XLOOKUP($A26, INDIRECT("'"&L$1&"'!A:A"), INDIRECT("'"&L$1&"'!B:B"), "") -> 7.3833333 | M26: =XLOOKUP($A26, INDIRECT("'"&M$1&"'!A:A"), INDIRECT("'"&M$1&"'!B:B"), "") -> 18.683333 | N26: =XLOOKUP($A26, INDIRECT("'"&N$1&"'!A:A"), INDIRECT("'"&N$1&"'!B:B"), "") -> 32.5 | O26: =XLOOKUP($A26, INDIRECT("'"&O$1&"'!A:A"), INDIRECT("'"&O$1&"'!B:B"), "") -> 5.35
A27: =EQ!A72 -> ad1624c5c3a02a3a3b3dcb044b912998b64ca2e7cd54abe79476f86a41a3234b | B27: {=XLOOKUP(A27, Notes!A:A, Notes!B:B, "")} -> 55.71 | C27: =IFERROR(IMAGE(VLOOKUP(A27,DriveImages!A:C,3,FALSE),4,240,520),"") | D27: =IF($A27="","",IF(AND(N($G27)<=Params!$D$2,N($H27)<=Params!$E$2),"Peu actif",IF(AND(N($I27)>=Params!$F$4,N($E27)<=Params!$B$2,N($F27)<=Params!$C$2),"Efficace",IF(AND(N($F27)>=Params!$C$4,OR(N($I27)<=Params!$F$3,N($E27)>=Params!$B$4)),"Bloqué",IF(AND(OR(N($G27)>=Params!$D$4,N($H27)>=Params!$E$4),N($I27)<=Params!$F$3),"Persévérant",IF(AND(N($J27)>=Params!$G$4,OR(N($G27)<=Params!$D$3,N($H27)<=Params!$E$3)),"Sporadique","Intermédiaire")))))) -> Efficace | E27: {=XLOOKUP(A27, EQ!A:A, EQ!B:B, "")} -> 0 | F27: {=XLOOKUP(A27, RED!A:A, RED!B:B, "")} -> 0 | G27: =XLOOKUP(A27, INDIRECT("'"&G$1&"'!A:A"), INDIRECT("'"&G$1&"'!B:B"), "") -> 7 | H27: =XLOOKUP($A27, INDIRECT("'"&H$1&"'!A:A"), INDIRECT("'"&H$1&"'!B:B"), "") -> 3 | I27: =XLOOKUP($A27, INDIRECT("'"&I$1&"'!A:A"), INDIRECT("'"&I$1&"'!B:B"), "") -> 0.85714286 | J27: =XLOOKUP($A27, INDIRECT("'"&J$1&"'!A:A"), INDIRECT("'"&J$1&"'!B:B"), "") -> 0.33333333 | K27: =XLOOKUP($A27, INDIRECT("'"&K$1&"'!A:A"), INDIRECT("'"&K$1&"'!B:B"), "") -> 0.63428571 | L27: =XLOOKUP($A27, INDIRECT("'"&L$1&"'!A:A"), INDIRECT("'"&L$1&"'!B:B"), "") -> 7.8 | M27: =XLOOKUP($A27, INDIRECT("'"&M$1&"'!A:A"), INDIRECT("'"&M$1&"'!B:B"), "") -> 44.216667 | N27: =XLOOKUP($A27, INDIRECT("'"&N$1&"'!A:A"), INDIRECT("'"&N$1&"'!B:B"), "") -> 6.55 | O27: =XLOOKUP($A27, INDIRECT("'"&O$1&"'!A:A"), INDIRECT("'"&O$1&"'!B:B"), "") -> 0
A28: =EQ!A59 -> 8c496c831c776415f7491e6de8457bb88c62eefeff270c8e0dbec39b78b9413d | B28: {=XLOOKUP(A28, Notes!A:A, Notes!B:B, "")} -> 72.99 | C28: =IFERROR(IMAGE(VLOOKUP(A28,DriveImages!A:C,3,FALSE),4,240,520),"") | D28: =IF($A28="","",IF(AND(N($G28)<=Params!$D$2,N($H28)<=Params!$E$2),"Peu actif",IF(AND(N($I28)>=Params!$F$4,N($E28)<=Params!$B$2,N($F28)<=Params!$C$2),"Efficace",IF(AND(N($F28)>=Params!$C$4,OR(N($I28)<=Params!$F$3,N($E28)>=Params!$B$4)),"Bloqué",IF(AND(OR(N($G28)>=Params!$D$4,N($H28)>=Params!$E$4),N($I28)<=Params!$F$3),"Persévérant",IF(AND(N($J28)>=Params!$G$4,OR(N($G28)<=Params!$D$3,N($H28)<=Params!$E$3)),"Sporadique","Intermédiaire")))))) -> Sporadique | E28: {=XLOOKUP(A28, EQ!A:A, EQ!B:B, "")} -> 0 | F28: {=XLOOKUP(A28, RED!A:A, RED!B:B, "")} -> 0 | G28: =XLOOKUP(A28, INDIRECT("'"&G$1&"'!A:A"), INDIRECT("'"&G$1&"'!B:B"), "") -> 10 | H28: =XLOOKUP($A28, INDIRECT("'"&H$1&"'!A:A"), INDIRECT("'"&H$1&"'!B:B"), "") -> 3 | I28: =XLOOKUP($A28, INDIRECT("'"&I$1&"'!A:A"), INDIRECT("'"&I$1&"'!B:B"), "") -> 0.6 | J28: =XLOOKUP($A28, INDIRECT("'"&J$1&"'!A:A"), INDIRECT("'"&J$1&"'!B:B"), "") -> 0.22222222 | K28: =XLOOKUP($A28, INDIRECT("'"&K$1&"'!A:A"), INDIRECT("'"&K$1&"'!B:B"), "") -> 0.5466667 | L28: =XLOOKUP($A28, INDIRECT("'"&L$1&"'!A:A"), INDIRECT("'"&L$1&"'!B:B"), "") -> 7.85 | M28: =XLOOKUP($A28, INDIRECT("'"&M$1&"'!A:A"), INDIRECT("'"&M$1&"'!B:B"), "") -> 23.9 | N28: =XLOOKUP($A28, INDIRECT("'"&N$1&"'!A:A"), INDIRECT("'"&N$1&"'!B:B"), "") -> 26.816667 | O28: =XLOOKUP($A28, INDIRECT("'"&O$1&"'!A:A"), INDIRECT("'"&O$1&"'!B:B"), "") -> 0.28333333
A29: =EQ!A38 -> 5e8589d4cd67c4b88f84e378d72875ccd07de5c9e20cc666bbf217de9d3567b4 | B29: {=XLOOKUP(A29, Notes!A:A, Notes!B:B, "")} -> 89.45 | C29: =IFERROR(IMAGE(VLOOKUP(A29,DriveImages!A:C,3,FALSE),4,240,520),"") | D29: =IF($A29="","",IF(AND(N($G29)<=Params!$D$2,N($H29)<=Params!$E$2),"Peu actif",IF(AND(N($I29)>=Params!$F$4,N($E29)<=Params!$B$2,N($F29)<=Params!$C$2),"Efficace",IF(AND(N($F29)>=Params!$C$4,OR(N($I29)<=Params!$F$3,N($E29)>=Params!$B$4)),"Bloqué",IF(AND(OR(N($G29)>=Params!$D$4,N($H29)>=Params!$E$4),N($I29)<=Params!$F$3),"Persévérant",IF(AND(N($J29)>=Params!$G$4,OR(N($G29)<=Params!$D$3,N($H29)<=Params!$E$3)),"Sporadique","Intermédiaire")))))) -> Efficace | E29: {=XLOOKUP(A29, EQ!A:A, EQ!B:B, "")} -> 0 | F29: {=XLOOKUP(A29, RED!A:A, RED!B:B, "")} -> 0 | G29: =XLOOKUP(A29, INDIRECT("'"&G$1&"'!A:A"), INDIRECT("'"&G$1&"'!B:B"), "") -> 23 | H29: =XLOOKUP($A29, INDIRECT("'"&H$1&"'!A:A"), INDIRECT("'"&H$1&"'!B:B"), "") -> 3 | I29: =XLOOKUP($A29, INDIRECT("'"&I$1&"'!A:A"), INDIRECT("'"&I$1&"'!B:B"), "") -> 0.86956522 | J29: =XLOOKUP($A29, INDIRECT("'"&J$1&"'!A:A"), INDIRECT("'"&J$1&"'!B:B"), "") -> 0.090909091 | K29: =XLOOKUP($A29, INDIRECT("'"&K$1&"'!A:A"), INDIRECT("'"&K$1&"'!B:B"), "") -> 0.6788357 | L29: =XLOOKUP($A29, INDIRECT("'"&L$1&"'!A:A"), INDIRECT("'"&L$1&"'!B:B"), "") -> 8.9333333 | M29: =XLOOKUP($A29, INDIRECT("'"&M$1&"'!A:A"), INDIRECT("'"&M$1&"'!B:B"), "") -> 38.35 | N29: =XLOOKUP($A29, INDIRECT("'"&N$1&"'!A:A"), INDIRECT("'"&N$1&"'!B:B"), "") -> 11.283333 | O29: =XLOOKUP($A29, INDIRECT("'"&O$1&"'!A:A"), INDIRECT("'"&O$1&"'!B:B"), "") -> 5.25
A30: =EQ!A37 -> 5d60fc4768a0d01e3d533d2d5353bdffb58877bc2971bc7053a54071fa4c2f49 | B30: {=XLOOKUP(A30, Notes!A:A, Notes!B:B, "")} -> 75.96 | C30: =IFERROR(IMAGE(VLOOKUP(A30,DriveImages!A:C,3,FALSE),4,240,520),"") | D30: =IF($A30="","",IF(AND(N($G30)<=Params!$D$2,N($H30)<=Params!$E$2),"Peu actif",IF(AND(N($I30)>=Params!$F$4,N($E30)<=Params!$B$2,N($F30)<=Params!$C$2),"Efficace",IF(AND(N($F30)>=Params!$C$4,OR(N($I30)<=Params!$F$3,N($E30)>=Params!$B$4)),"Bloqué",IF(AND(OR(N($G30)>=Params!$D$4,N($H30)>=Params!$E$4),N($I30)<=Params!$F$3),"Persévérant",IF(AND(N($J30)>=Params!$G$4,OR(N($G30)<=Params!$D$3,N($H30)<=Params!$E$3)),"Sporadique","Intermédiaire")))))) -> Intermédiaire | E30: {=XLOOKUP(A30, EQ!A:A, EQ!B:B, "")} -> 0.27777778 | F30: {=XLOOKUP(A30, RED!A:A, RED!B:B, "")} -> 0.18055556 | G30: =XLOOKUP(A30, INDIRECT("'"&G$1&"'!A:A"), INDIRECT("'"&G$1&"'!B:B"), "") -> 25 | H30: =XLOOKUP($A30, INDIRECT("'"&H$1&"'!A:A"), INDIRECT("'"&H$1&"'!B:B"), "") -> 3 | I30: =XLOOKUP($A30, INDIRECT("'"&I$1&"'!A:A"), INDIRECT("'"&I$1&"'!B:B"), "") -> 0.52 | J30: =XLOOKUP($A30, INDIRECT("'"&J$1&"'!A:A"), INDIRECT("'"&J$1&"'!B:B"), "") -> 0.083333333 | K30: =XLOOKUP($A30, INDIRECT("'"&K$1&"'!A:A"), INDIRECT("'"&K$1&"'!B:B"), "") -> 0.4624638 | L30: =XLOOKUP($A30, INDIRECT("'"&L$1&"'!A:A"), INDIRECT("'"&L$1&"'!B:B"), "") -> 9.0833333 | M30: =XLOOKUP($A30, INDIRECT("'"&M$1&"'!A:A"), INDIRECT("'"&M$1&"'!B:B"), "") -> 42.166667 | N30: =XLOOKUP($A30, INDIRECT("'"&N$1&"'!A:A"), INDIRECT("'"&N$1&"'!B:B"), "") -> 7.3166667 | O30: =XLOOKUP($A30, INDIRECT("'"&O$1&"'!A:A"), INDIRECT("'"&O$1&"'!B:B"), "") -> 11.166667
A31: =EQ!A55 -> 8630de5bd303be8b63ba99b787f0f5ed4422765c8917b234cb8a2af6b762ca1d | B31: {=XLOOKUP(A31, Notes!A:A, Notes!B:B, "")} -> 34.25 | C31: =IFERROR(IMAGE(VLOOKUP(A31,DriveImages!A:C,3,FALSE),4,240,520),"") | D31: =IF($A31="","",IF(AND(N($G31)<=Params!$D$2,N($H31)<=Params!$E$2),"Peu actif",IF(AND(N($I31)>=Params!$F$4,N($E31)<=Params!$B$2,N($F31)<=Params!$C$2),"Efficace",IF(AND(N($F31)>=Params!$C$4,OR(N($I31)<=Params!$F$3,N($E31)>=Params!$B$4)),"Bloqué",IF(AND(OR(N($G31)>=Params!$D$4,N($H31)>=Params!$E$4),N($I31)<=Params!$F$3),"Persévérant",IF(AND(N($J31)>=Params!$G$4,OR(N($G31)<=Params!$D$3,N($H31)<=Params!$E$3)),"Sporadique","Intermédiaire")))))) -> Bloqué | E31: {=XLOOKUP(A31, EQ!A:A, EQ!B:B, "")} -> 0.7 | F31: {=XLOOKUP(A31, RED!A:A, RED!B:B, "")} -> 0.6125 | G31: =XLOOKUP(A31, INDIRECT("'"&G$1&"'!A:A"), INDIRECT("'"&G$1&"'!B:B"), "") -> 11 | H31: =XLOOKUP($A31, INDIRECT("'"&H$1&"'!A:A"), INDIRECT("'"&H$1&"'!B:B"), "") -> 3 | I31: =XLOOKUP($A31, INDIRECT("'"&I$1&"'!A:A"), INDIRECT("'"&I$1&"'!B:B"), "") -> 0.27272727 | J31: =XLOOKUP($A31, INDIRECT("'"&J$1&"'!A:A"), INDIRECT("'"&J$1&"'!B:B"), "") -> 0.2 | K31: =XLOOKUP($A31, INDIRECT("'"&K$1&"'!A:A"), INDIRECT("'"&K$1&"'!B:B"), "") -> 0.24901191 | L31: =XLOOKUP($A31, INDIRECT("'"&L$1&"'!A:A"), INDIRECT("'"&L$1&"'!B:B"), "") -> 9.55 | M31: =XLOOKUP($A31, INDIRECT("'"&M$1&"'!A:A"), INDIRECT("'"&M$1&"'!B:B"), "") -> 37.9 | N31: =XLOOKUP($A31, INDIRECT("'"&N$1&"'!A:A"), INDIRECT("'"&N$1&"'!B:B"), "") -> 11.116667 | O31: =XLOOKUP($A31, INDIRECT("'"&O$1&"'!A:A"), INDIRECT("'"&O$1&"'!B:B"), "") -> 60
A32: =EQ!A57 -> 88faa9b4e525ea83f6efab60ae88469da5222f0b0f52c16c3af4e4763baa1daf | B32: {=XLOOKUP(A32, Notes!A:A, Notes!B:B, "")} -> 59.75 | C32: =IFERROR(IMAGE(VLOOKUP(A32,DriveImages!A:C,3,FALSE),4,240,520),"") | D32: =IF($A32="","",IF(AND(N($G32)<=Params!$D$2,N($H32)<=Params!$E$2),"Peu actif",IF(AND(N($I32)>=Params!$F$4,N($E32)<=Params!$B$2,N($F32)<=Params!$C$2),"Efficace",IF(AND(N($F32)>=Params!$C$4,OR(N($I32)<=Params!$F$3,N($E32)>=Params!$B$4)),"Bloqué",IF(AND(OR(N($G32)>=Params!$D$4,N($H32)>=Params!$E$4),N($I32)<=Params!$F$3),"Persévérant",IF(AND(N($J32)>=Params!$G$4,OR(N($G32)<=Params!$D$3,N($H32)<=Params!$E$3)),"Sporadique","Intermédiaire")))))) -> Intermédiaire | E32: {=XLOOKUP(A32, EQ!A:A, EQ!B:B, "")} -> 0.16666667 | F32: {=XLOOKUP(A32, RED!A:A, RED!B:B, "")} -> 0.11111111 | G32: =XLOOKUP(A32, INDIRECT("'"&G$1&"'!A:A"), INDIRECT("'"&G$1&"'!B:B"), "") -> 14 | H32: =XLOOKUP($A32, INDIRECT("'"&H$1&"'!A:A"), INDIRECT("'"&H$1&"'!B:B"), "") -> 1 | I32: =XLOOKUP($A32, INDIRECT("'"&I$1&"'!A:A"), INDIRECT("'"&I$1&"'!B:B"), "") -> 0.64285714 | J32: =XLOOKUP($A32, INDIRECT("'"&J$1&"'!A:A"), INDIRECT("'"&J$1&"'!B:B"), "") -> 0 | K32: =XLOOKUP($A32, INDIRECT("'"&K$1&"'!A:A"), INDIRECT("'"&K$1&"'!B:B"), "") -> 0.48701307 | L32: =XLOOKUP($A32, INDIRECT("'"&L$1&"'!A:A"), INDIRECT("'"&L$1&"'!B:B"), "") -> 9.7833333 | M32: =XLOOKUP($A32, INDIRECT("'"&M$1&"'!A:A"), INDIRECT("'"&M$1&"'!B:B"), "") -> 10.05 | N32: =XLOOKUP($A32, INDIRECT("'"&N$1&"'!A:A"), INDIRECT("'"&N$1&"'!B:B"), "") -> 38.733333 | O32: =XLOOKUP($A32, INDIRECT("'"&O$1&"'!A:A"), INDIRECT("'"&O$1&"'!B:B"), "") -> 2.5333333
A33: =EQ!A108 -> fa7805c1d46ef49851de43750a665a993eef750b560159967106d3b96821759c | B33: {=XLOOKUP(A33, Notes!A:A, Notes!B:B, "")} -> 69.63 | C33: =IFERROR(IMAGE(VLOOKUP(A33,DriveImages!A:C,3,FALSE),4,240,520),"") | D33: =IF($A33="","",IF(AND(N($G33)<=Params!$D$2,N($H33)<=Params!$E$2),"Peu actif",IF(AND(N($I33)>=Params!$F$4,N($E33)<=Params!$B$2,N($F33)<=Params!$C$2),"Efficace",IF(AND(N($F33)>=Params!$C$4,OR(N($I33)<=Params!$F$3,N($E33)>=Params!$B$4)),"Bloqué",IF(AND(OR(N($G33)>=Params!$D$4,N($H33)>=Params!$E$4),N($I33)<=Params!$F$3),"Persévérant",IF(AND(N($J33)>=Params!$G$4,OR(N($G33)<=Params!$D$3,N($H33)<=Params!$E$3)),"Sporadique","Intermédiaire")))))) -> Intermédiaire | E33: {=XLOOKUP(A33, EQ!A:A, EQ!B:B, "")} -> 0.5 | F33: {=XLOOKUP(A33, RED!A:A, RED!B:B, "")} -> 0.34027778 | G33: =XLOOKUP(A33, INDIRECT("'"&G$1&"'!A:A"), INDIRECT("'"&G$1&"'!B:B"), "") -> 17 | H33: =XLOOKUP($A33, INDIRECT("'"&H$1&"'!A:A"), INDIRECT("'"&H$1&"'!B:B"), "") -> 2 | I33: =XLOOKUP($A33, INDIRECT("'"&I$1&"'!A:A"), INDIRECT("'"&I$1&"'!B:B"), "") -> 0.41176471 | J33: =XLOOKUP($A33, INDIRECT("'"&J$1&"'!A:A"), INDIRECT("'"&J$1&"'!B:B"), "") -> 0.0625 | K33: =XLOOKUP($A33, INDIRECT("'"&K$1&"'!A:A"), INDIRECT("'"&K$1&"'!B:B"), "") -> 0.31181324 | L33: =XLOOKUP($A33, INDIRECT("'"&L$1&"'!A:A"), INDIRECT("'"&L$1&"'!B:B"), "") -> 10.166667 | M33: =XLOOKUP($A33, INDIRECT("'"&M$1&"'!A:A"), INDIRECT("'"&M$1&"'!B:B"), "") -> 27.183333 | N33: =XLOOKUP($A33, INDIRECT("'"&N$1&"'!A:A"), INDIRECT("'"&N$1&"'!B:B"), "") -> 21.216667 | O33: =XLOOKUP($A33, INDIRECT("'"&O$1&"'!A:A"), INDIRECT("'"&O$1&"'!B:B"), "") -> 20.466667
A34: =EQ!A3 -> 080e819b7f2ec7fdf5df10abc0092a6ae39db49584244ea555a9ce18c8d57c53 | B34: {=XLOOKUP(A34, Notes!A:A, Notes!B:B, "")} -> 56.19 | C34: =IFERROR(IMAGE(VLOOKUP(A34,DriveImages!A:C,3,FALSE),4,240,520),"") | D34: =IF($A34="","",IF(AND(N($G34)<=Params!$D$2,N($H34)<=Params!$E$2),"Peu actif",IF(AND(N($I34)>=Params!$F$4,N($E34)<=Params!$B$2,N($F34)<=Params!$C$2),"Efficace",IF(AND(N($F34)>=Params!$C$4,OR(N($I34)<=Params!$F$3,N($E34)>=Params!$B$4)),"Bloqué",IF(AND(OR(N($G34)>=Params!$D$4,N($H34)>=Params!$E$4),N($I34)<=Params!$F$3),"Persévérant",IF(AND(N($J34)>=Params!$G$4,OR(N($G34)<=Params!$D$3,N($H34)<=Params!$E$3)),"Sporadique","Intermédiaire")))))) -> Peu actif | E34: {=XLOOKUP(A34, EQ!A:A, EQ!B:B, "")} -> 0.75 | F34: {=XLOOKUP(A34, RED!A:A, RED!B:B, "")} -> 0.5625 | G34: =XLOOKUP(A34, INDIRECT("'"&G$1&"'!A:A"), INDIRECT("'"&G$1&"'!B:B"), "") -> 5 | H34: =XLOOKUP($A34, INDIRECT("'"&H$1&"'!A:A"), INDIRECT("'"&H$1&"'!B:B"), "") -> 1 | I34: =XLOOKUP($A34, INDIRECT("'"&I$1&"'!A:A"), INDIRECT("'"&I$1&"'!B:B"), "") -> 0.2 | J34: =XLOOKUP($A34, INDIRECT("'"&J$1&"'!A:A"), INDIRECT("'"&J$1&"'!B:B"), "") -> 0 | K34: =XLOOKUP($A34, INDIRECT("'"&K$1&"'!A:A"), INDIRECT("'"&K$1&"'!B:B"), "") -> 0.2 | L34: =XLOOKUP($A34, INDIRECT("'"&L$1&"'!A:A"), INDIRECT("'"&L$1&"'!B:B"), "") -> 10.216667 | M34: =XLOOKUP($A34, INDIRECT("'"&M$1&"'!A:A"), INDIRECT("'"&M$1&"'!B:B"), "") -> 4.5666667 | N34: =XLOOKUP($A34, INDIRECT("'"&N$1&"'!A:A"), INDIRECT("'"&N$1&"'!B:B"), "") -> 43.783333 | O34: =XLOOKUP($A34, INDIRECT("'"&O$1&"'!A:A"), INDIRECT("'"&O$1&"'!B:B"), "") -> 4.5666667
A35: =EQ!A102 -> effa5fafd71a87510e477792561dc4c6a0d7a624d93f5ee78db77ac7c2a41d63 | B35: {=XLOOKUP(A35, Notes!A:A, Notes!B:B, "")} -> 63.66 | C35: =IFERROR(IMAGE(VLOOKUP(A35,DriveImages!A:C,3,FALSE),4,240,520),"") | D35: =IF($A35="","",IF(AND(N($G35)<=Params!$D$2,N($H35)<=Params!$E$2),"Peu actif",IF(AND(N($I35)>=Params!$F$4,N($E35)<=Params!$B$2,N($F35)<=Params!$C$2),"Efficace",IF(AND(N($F35)>=Params!$C$4,OR(N($I35)<=Params!$F$3,N($E35)>=Params!$B$4)),"Bloqué",IF(AND(OR(N($G35)>=Params!$D$4,N($H35)>=Params!$E$4),N($I35)<=Params!$F$3),"Persévérant",IF(AND(N($J35)>=Params!$G$4,OR(N($G35)<=Params!$D$3,N($H35)<=Params!$E$3)),"Sporadique","Intermédiaire")))))) -> Intermédiaire | E35: {=XLOOKUP(A35, EQ!A:A, EQ!B:B, "")} -> 0.21428571 | F35: {=XLOOKUP(A35, RED!A:A, RED!B:B, "")} -> 0.16190476 | G35: =XLOOKUP(A35, INDIRECT("'"&G$1&"'!A:A"), INDIRECT("'"&G$1&"'!B:B"), "") -> 33 | H35: =XLOOKUP($A35, INDIRECT("'"&H$1&"'!A:A"), INDIRECT("'"&H$1&"'!B:B"), "") -> 2 | I35: =XLOOKUP($A35, INDIRECT("'"&I$1&"'!A:A"), INDIRECT("'"&I$1&"'!B:B"), "") -> 0.6969697 | J35: =XLOOKUP($A35, INDIRECT("'"&J$1&"'!A:A"), INDIRECT("'"&J$1&"'!B:B"), "") -> 0.03125 | K35: =XLOOKUP($A35, INDIRECT("'"&K$1&"'!A:A"), INDIRECT("'"&K$1&"'!B:B"), "") -> 0.55661003 | L35: =XLOOKUP($A35, INDIRECT("'"&L$1&"'!A:A"), INDIRECT("'"&L$1&"'!B:B"), "") -> 10.25 | M35: =XLOOKUP($A35, INDIRECT("'"&M$1&"'!A:A"), INDIRECT("'"&M$1&"'!B:B"), "") -> 41.566667 | N35: =XLOOKUP($A35, INDIRECT("'"&N$1&"'!A:A"), INDIRECT("'"&N$1&"'!B:B"), "") -> 6.75 | O35: =XLOOKUP($A35, INDIRECT("'"&O$1&"'!A:A"), INDIRECT("'"&O$1&"'!B:B"), "") -> 0
A36: =EQ!A101 -> eefcecf5c7183df8d369a35df238dd9fd990564264dcadc7bafacbafbef888ac | B36: {=XLOOKUP(A36, Notes!A:A, Notes!B:B, "")} -> 39.81 | C36: =IFERROR(IMAGE(VLOOKUP(A36,DriveImages!A:C,3,FALSE),4,240,520),"") | D36: =IF($A36="","",IF(AND(N($G36)<=Params!$D$2,N($H36)<=Params!$E$2),"Peu actif",IF(AND(N($I36)>=Params!$F$4,N($E36)<=Params!$B$2,N($F36)<=Params!$C$2),"Efficace",IF(AND(N($F36)>=Params!$C$4,OR(N($I36)<=Params!$F$3,N($E36)>=Params!$B$4)),"Bloqué",IF(AND(OR(N($G36)>=Params!$D$4,N($H36)>=Params!$E$4),N($I36)<=Params!$F$3),"Persévérant",IF(AND(N($J36)>=Params!$G$4,OR(N($G36)<=Params!$D$3,N($H36)<=Params!$E$3)),"Sporadique","Intermédiaire")))))) -> Bloqué | E36: {=XLOOKUP(A36, EQ!A:A, EQ!B:B, "")} -> 1 | F36: {=XLOOKUP(A36, RED!A:A, RED!B:B, "")} -> 0.83333333 | G36: =XLOOKUP(A36, INDIRECT("'"&G$1&"'!A:A"), INDIRECT("'"&G$1&"'!B:B"), "") -> 6 | H36: =XLOOKUP($A36, INDIRECT("'"&H$1&"'!A:A"), INDIRECT("'"&H$1&"'!B:B"), "") -> 1 | I36: =XLOOKUP($A36, INDIRECT("'"&I$1&"'!A:A"), INDIRECT("'"&I$1&"'!B:B"), "") -> 0 | J36: =XLOOKUP($A36, INDIRECT("'"&J$1&"'!A:A"), INDIRECT("'"&J$1&"'!B:B"), "") -> 0 | K36: =XLOOKUP($A36, INDIRECT("'"&K$1&"'!A:A"), INDIRECT("'"&K$1&"'!B:B"), "") -> 0 | L36: =XLOOKUP($A36, INDIRECT("'"&L$1&"'!A:A"), INDIRECT("'"&L$1&"'!B:B"), "") -> 10.416667 | M36: =XLOOKUP($A36, INDIRECT("'"&M$1&"'!A:A"), INDIRECT("'"&M$1&"'!B:B"), "") -> 4.1833333 | N36: =XLOOKUP($A36, INDIRECT("'"&N$1&"'!A:A"), INDIRECT("'"&N$1&"'!B:B"), "") -> 43.966667 | O36: =XLOOKUP($A36, INDIRECT("'"&O$1&"'!A:A"), INDIRECT("'"&O$1&"'!B:B"), "") -> 60
A37: =EQ!A13 -> 23d73ca299f02110f10fe0b18902fd2ea5ad124d3a061f110083353b3899c369 | B37: {=XLOOKUP(A37, Notes!A:A, Notes!B:B, "")} -> 89.25 | C37: =IFERROR(IMAGE(VLOOKUP(A37,DriveImages!A:C,3,FALSE),4,240,520),"") | D37: =IF($A37="","",IF(AND(N($G37)<=Params!$D$2,N($H37)<=Params!$E$2),"Peu actif",IF(AND(N($I37)>=Params!$F$4,N($E37)<=Params!$B$2,N($F37)<=Params!$C$2),"Efficace",IF(AND(N($F37)>=Params!$C$4,OR(N($I37)<=Params!$F$3,N($E37)>=Params!$B$4)),"Bloqué",IF(AND(OR(N($G37)>=Params!$D$4,N($H37)>=Params!$E$4),N($I37)<=Params!$F$3),"Persévérant",IF(AND(N($J37)>=Params!$G$4,OR(N($G37)<=Params!$D$3,N($H37)<=Params!$E$3)),"Sporadique","Intermédiaire")))))) -> Intermédiaire | E37: {=XLOOKUP(A37, EQ!A:A, EQ!B:B, "")} -> 0.28571429 | F37: {=XLOOKUP(A37, RED!A:A, RED!B:B, "")} -> 0.16666667 | G37: =XLOOKUP(A37, INDIRECT("'"&G$1&"'!A:A"), INDIRECT("'"&G$1&"'!B:B"), "") -> 18 | H37: =XLOOKUP($A37, INDIRECT("'"&H$1&"'!A:A"), INDIRECT("'"&H$1&"'!B:B"), "") -> 3 | I37: =XLOOKUP($A37, INDIRECT("'"&I$1&"'!A:A"), INDIRECT("'"&I$1&"'!B:B"), "") -> 0.55555556 | J37: =XLOOKUP($A37, INDIRECT("'"&J$1&"'!A:A"), INDIRECT("'"&J$1&"'!B:B"), "") -> 0.11764706 | K37: =XLOOKUP($A37, INDIRECT("'"&K$1&"'!A:A"), INDIRECT("'"&K$1&"'!B:B"), "") -> 0.41388889 | L37: =XLOOKUP($A37, INDIRECT("'"&L$1&"'!A:A"), INDIRECT("'"&L$1&"'!B:B"), "") -> 10.55 | M37: =XLOOKUP($A37, INDIRECT("'"&M$1&"'!A:A"), INDIRECT("'"&M$1&"'!B:B"), "") -> 35.933333 | N37: =XLOOKUP($A37, INDIRECT("'"&N$1&"'!A:A"), INDIRECT("'"&N$1&"'!B:B"), "") -> 12.083333 | O37: =XLOOKUP($A37, INDIRECT("'"&O$1&"'!A:A"), INDIRECT("'"&O$1&"'!B:B"), "") -> 0
A38: =EQ!A49 -> 753b3dfbf00b265816877af61db67c39ee3fae2b4e0a7b8f387b5163ff85b1bc | B38: {=XLOOKUP(A38, Notes!A:A, Notes!B:B, "")} -> 53.44 | C38: =IFERROR(IMAGE(VLOOKUP(A38,DriveImages!A:C,3,FALSE),4,240,520),"") | D38: =IF($A38="","",IF(AND(N($G38)<=Params!$D$2,N($H38)<=Params!$E$2),"Peu actif",IF(AND(N($I38)>=Params!$F$4,N($E38)<=Params!$B$2,N($F38)<=Params!$C$2),"Efficace",IF(AND(N($F38)>=Params!$C$4,OR(N($I38)<=Params!$F$3,N($E38)>=Params!$B$4)),"Bloqué",IF(AND(OR(N($G38)>=Params!$D$4,N($H38)>=Params!$E$4),N($I38)<=Params!$F$3),"Persévérant",IF(AND(N($J38)>=Params!$G$4,OR(N($G38)<=Params!$D$3,N($H38)<=Params!$E$3)),"Sporadique","Intermédiaire")))))) -> Sporadique | E38: {=XLOOKUP(A38, EQ!A:A, EQ!B:B, "")} -> 0 | F38: {=XLOOKUP(A38, RED!A:A, RED!B:B, "")} -> 0 | G38: =XLOOKUP(A38, INDIRECT("'"&G$1&"'!A:A"), INDIRECT("'"&G$1&"'!B:B"), "") -> 9 | H38: =XLOOKUP($A38, INDIRECT("'"&H$1&"'!A:A"), INDIRECT("'"&H$1&"'!B:B"), "") -> 4 | I38: =XLOOKUP($A38, INDIRECT("'"&I$1&"'!A:A"), INDIRECT("'"&I$1&"'!B:B"), "") -> 0.66666667 | J38: =XLOOKUP($A38, INDIRECT("'"&J$1&"'!A:A"), INDIRECT("'"&J$1&"'!B:B"), "") -> 0.375 | K38: =XLOOKUP($A38, INDIRECT("'"&K$1&"'!A:A"), INDIRECT("'"&K$1&"'!B:B"), "") -> 0.459596 | L38: =XLOOKUP($A38, INDIRECT("'"&L$1&"'!A:A"), INDIRECT("'"&L$1&"'!B:B"), "") -> 10.633333 | M38: =XLOOKUP($A38, INDIRECT("'"&M$1&"'!A:A"), INDIRECT("'"&M$1&"'!B:B"), "") -> 41.05 | N38: =XLOOKUP($A38, INDIRECT("'"&N$1&"'!A:A"), INDIRECT("'"&N$1&"'!B:B"), "") -> 6.8833333 | O38: =XLOOKUP($A38, INDIRECT("'"&O$1&"'!A:A"), INDIRECT("'"&O$1&"'!B:B"), "") -> 1.7666667
A39: =EQ!A79 -> bd7739509fa70c858197ea24926c2c696b797f60240eac8fe389b1d67ce663be | B39: {=XLOOKUP(A39, Notes!A:A, Notes!B:B, "")} -> 61.66 | C39: =IFERROR(IMAGE(VLOOKUP(A39,DriveImages!A:C,3,FALSE),4,240,520),"") | D39: =IF($A39="","",IF(AND(N($G39)<=Params!$D$2,N($H39)<=Params!$E$2),"Peu actif",IF(AND(N($I39)>=Params!$F$4,N($E39)<=Params!$B$2,N($F39)<=Params!$C$2),"Efficace",IF(AND(N($F39)>=Params!$C$4,OR(N($I39)<=Params!$F$3,N($E39)>=Params!$B$4)),"Bloqué",IF(AND(OR(N($G39)>=Params!$D$4,N($H39)>=Params!$E$4),N($I39)<=Params!$F$3),"Persévérant",IF(AND(N($J39)>=Params!$G$4,OR(N($G39)<=Params!$D$3,N($H39)<=Params!$E$3)),"Sporadique","Intermédiaire")))))) -> Bloqué | E39: {=XLOOKUP(A39, EQ!A:A, EQ!B:B, "")} -> 0.8 | F39: {=XLOOKUP(A39, RED!A:A, RED!B:B, "")} -> 0.53333333 | G39: =XLOOKUP(A39, INDIRECT("'"&G$1&"'!A:A"), INDIRECT("'"&G$1&"'!B:B"), "") -> 7 | H39: =XLOOKUP($A39, INDIRECT("'"&H$1&"'!A:A"), INDIRECT("'"&H$1&"'!B:B"), "") -> 1 | I39: =XLOOKUP($A39, INDIRECT("'"&I$1&"'!A:A"), INDIRECT("'"&I$1&"'!B:B"), "") -> 0.14285714 | J39: =XLOOKUP($A39, INDIRECT("'"&J$1&"'!A:A"), INDIRECT("'"&J$1&"'!B:B"), "") -> 0 | K39: =XLOOKUP($A39, INDIRECT("'"&K$1&"'!A:A"), INDIRECT("'"&K$1&"'!B:B"), "") -> 0.05142857 | L39: =XLOOKUP($A39, INDIRECT("'"&L$1&"'!A:A"), INDIRECT("'"&L$1&"'!B:B"), "") -> 10.683333 | M39: =XLOOKUP($A39, INDIRECT("'"&M$1&"'!A:A"), INDIRECT("'"&M$1&"'!B:B"), "") -> 3.5333333 | N39: =XLOOKUP($A39, INDIRECT("'"&N$1&"'!A:A"), INDIRECT("'"&N$1&"'!B:B"), "") -> 44.35 | O39: =XLOOKUP($A39, INDIRECT("'"&O$1&"'!A:A"), INDIRECT("'"&O$1&"'!B:B"), "") -> 60
A40: =EQ!A89 -> cf13a4b65841c7dceb8412708517c5be0cdedb328ac511655c4a95ee813d548b | B40: {=XLOOKUP(A40, Notes!A:A, Notes!B:B, "")} -> 38.25 | C40: =IFERROR(IMAGE(VLOOKUP(A40,DriveImages!A:C,3,FALSE),4,240,520),"") | D40: =IF($A40="","",IF(AND(N($G40)<=Params!$D$2,N($H40)<=Params!$E$2),"Peu actif",IF(AND(N($I40)>=Params!$F$4,N($E40)<=Params!$B$2,N($F40)<=Params!$C$2),"Efficace",IF(AND(N($F40)>=Params!$C$4,OR(N($I40)<=Params!$F$3,N($E40)>=Params!$B$4)),"Bloqué",IF(AND(OR(N($G40)>=Params!$D$4,N($H40)>=Params!$E$4),N($I40)<=Params!$F$3),"Persévérant",IF(AND(N($J40)>=Params!$G$4,OR(N($G40)<=Params!$D$3,N($H40)<=Params!$E$3)),"Sporadique","Intermédiaire")))))) -> Peu actif | E40: {=XLOOKUP(A40, EQ!A:A, EQ!B:B, "")} -> 0.5 | F40: {=XLOOKUP(A40, RED!A:A, RED!B:B, "")} -> 0.33333333 | G40: =XLOOKUP(A40, INDIRECT("'"&G$1&"'!A:A"), INDIRECT("'"&G$1&"'!B:B"), "") -> 5 | H40: =XLOOKUP($A40, INDIRECT("'"&H$1&"'!A:A"), INDIRECT("'"&H$1&"'!B:B"), "") -> 1 | I40: =XLOOKUP($A40, INDIRECT("'"&I$1&"'!A:A"), INDIRECT("'"&I$1&"'!B:B"), "") -> 0.4 | J40: =XLOOKUP($A40, INDIRECT("'"&J$1&"'!A:A"), INDIRECT("'"&J$1&"'!B:B"), "") -> 0 | K40: =XLOOKUP($A40, INDIRECT("'"&K$1&"'!A:A"), INDIRECT("'"&K$1&"'!B:B"), "") -> 0.4 | L40: =XLOOKUP($A40, INDIRECT("'"&L$1&"'!A:A"), INDIRECT("'"&L$1&"'!B:B"), "") -> 10.9 | M40: =XLOOKUP($A40, INDIRECT("'"&M$1&"'!A:A"), INDIRECT("'"&M$1&"'!B:B"), "") -> 1.5666667 | N40: =XLOOKUP($A40, INDIRECT("'"&N$1&"'!A:A"), INDIRECT("'"&N$1&"'!B:B"), "") -> 46.1 | O40: =XLOOKUP($A40, INDIRECT("'"&O$1&"'!A:A"), INDIRECT("'"&O$1&"'!B:B"), "") -> 1.5333333
A41: =EQ!A34 -> 53b87d41de61b0eb5ef6562222f1f3bcd5b5ce1da053e57f47b6ed23d7aa8502 | B41: {=XLOOKUP(A41, Notes!A:A, Notes!B:B, "")} -> 47.66 | C41: =IFERROR(IMAGE(VLOOKUP(A41,DriveImages!A:C,3,FALSE),4,240,520),"") | D41: =IF($A41="","",IF(AND(N($G41)<=Params!$D$2,N($H41)<=Params!$E$2),"Peu actif",IF(AND(N($I41)>=Params!$F$4,N($E41)<=Params!$B$2,N($F41)<=Params!$C$2),"Efficace",IF(AND(N($F41)>=Params!$C$4,OR(N($I41)<=Params!$F$3,N($E41)>=Params!$B$4)),"Bloqué",IF(AND(OR(N($G41)>=Params!$D$4,N($H41)>=Params!$E$4),N($I41)<=Params!$F$3),"Persévérant",IF(AND(N($J41)>=Params!$G$4,OR(N($G41)<=Params!$D$3,N($H41)<=Params!$E$3)),"Sporadique","Intermédiaire")))))) -> Persévérant | E41: {=XLOOKUP(A41, EQ!A:A, EQ!B:B, "")} -> 0.58 | F41: {=XLOOKUP(A41, RED!A:A, RED!B:B, "")} -> 0.51855263 | G41: =XLOOKUP(A41, INDIRECT("'"&G$1&"'!A:A"), INDIRECT("'"&G$1&"'!B:B"), "") -> 60 | H41: =XLOOKUP($A41, INDIRECT("'"&H$1&"'!A:A"), INDIRECT("'"&H$1&"'!B:B"), "") -> 2 | I41: =XLOOKUP($A41, INDIRECT("'"&I$1&"'!A:A"), INDIRECT("'"&I$1&"'!B:B"), "") -> 0.43333333 | J41: =XLOOKUP($A41, INDIRECT("'"&J$1&"'!A:A"), INDIRECT("'"&J$1&"'!B:B"), "") -> 0.016949153 | K41: =XLOOKUP($A41, INDIRECT("'"&K$1&"'!A:A"), INDIRECT("'"&K$1&"'!B:B"), "") -> 0.41845237 | L41: =XLOOKUP($A41, INDIRECT("'"&L$1&"'!A:A"), INDIRECT("'"&L$1&"'!B:B"), "") -> 11.05 | M41: =XLOOKUP($A41, INDIRECT("'"&M$1&"'!A:A"), INDIRECT("'"&M$1&"'!B:B"), "") -> 40.333333 | N41: =XLOOKUP($A41, INDIRECT("'"&N$1&"'!A:A"), INDIRECT("'"&N$1&"'!B:B"), "") -> 7.1833333 | O41: =XLOOKUP($A41, INDIRECT("'"&O$1&"'!A:A"), INDIRECT("'"&O$1&"'!B:B"), "") -> 0.73333333
A42: =EQ!A90 -> d24b87329bb09b449a89676a4e96858c289cdfad521c03fb9ce166a83aceb603 | B42: {=XLOOKUP(A42, Notes!A:A, Notes!B:B, "")} -> 63.22 | C42: =IFERROR(IMAGE(VLOOKUP(A42,DriveImages!A:C,3,FALSE),4,240,520),"") | D42: =IF($A42="","",IF(AND(N($G42)<=Params!$D$2,N($H42)<=Params!$E$2),"Peu actif",IF(AND(N($I42)>=Params!$F$4,N($E42)<=Params!$B$2,N($F42)<=Params!$C$2),"Efficace",IF(AND(N($F42)>=Params!$C$4,OR(N($I42)<=Params!$F$3,N($E42)>=Params!$B$4)),"Bloqué",IF(AND(OR(N($G42)>=Params!$D$4,N($H42)>=Params!$E$4),N($I42)<=Params!$F$3),"Persévérant",IF(AND(N($J42)>=Params!$G$4,OR(N($G42)<=Params!$D$3,N($H42)<=Params!$E$3)),"Sporadique","Intermédiaire")))))) -> Sporadique | E42: {=XLOOKUP(A42, EQ!A:A, EQ!B:B, "")} -> 0.5 | F42: {=XLOOKUP(A42, RED!A:A, RED!B:B, "")} -> 0.25 | G42: =XLOOKUP(A42, INDIRECT("'"&G$1&"'!A:A"), INDIRECT("'"&G$1&"'!B:B"), "") -> 5 | H42: =XLOOKUP($A42, INDIRECT("'"&H$1&"'!A:A"), INDIRECT("'"&H$1&"'!B:B"), "") -> 2 | I42: =XLOOKUP($A42, INDIRECT("'"&I$1&"'!A:A"), INDIRECT("'"&I$1&"'!B:B"), "") -> 0.2 | J42: =XLOOKUP($A42, INDIRECT("'"&J$1&"'!A:A"), INDIRECT("'"&J$1&"'!B:B"), "") -> 0.25 | K42: =XLOOKUP($A42, INDIRECT("'"&K$1&"'!A:A"), INDIRECT("'"&K$1&"'!B:B"), "") -> 0.2 | L42: =XLOOKUP($A42, INDIRECT("'"&L$1&"'!A:A"), INDIRECT("'"&L$1&"'!B:B"), "") -> 11.216667 | M42: =XLOOKUP($A42, INDIRECT("'"&M$1&"'!A:A"), INDIRECT("'"&M$1&"'!B:B"), "") -> 11.4 | N42: =XLOOKUP($A42, INDIRECT("'"&N$1&"'!A:A"), INDIRECT("'"&N$1&"'!B:B"), "") -> 35.95 | O42: =XLOOKUP($A42, INDIRECT("'"&O$1&"'!A:A"), INDIRECT("'"&O$1&"'!B:B"), "") -> 1
A43: =EQ!A5 -> 0973288c77f97c9245c444f90526bc6137bc40b48200197fd5bb6134f618f165 | B43: {=XLOOKUP(A43, Notes!A:A, Notes!B:B, "")} -> 49.89 | C43: =IFERROR(IMAGE(VLOOKUP(A43,DriveImages!A:C,3,FALSE),4,240,520),"") | D43: =IF($A43="","",IF(AND(N($G43)<=Params!$D$2,N($H43)<=Params!$E$2),"Peu actif",IF(AND(N($I43)>=Params!$F$4,N($E43)<=Params!$B$2,N($F43)<=Params!$C$2),"Efficace",IF(AND(N($F43)>=Params!$C$4,OR(N($I43)<=Params!$F$3,N($E43)>=Params!$B$4)),"Bloqué",IF(AND(OR(N($G43)>=Params!$D$4,N($H43)>=Params!$E$4),N($I43)<=Params!$F$3),"Persévérant",IF(AND(N($J43)>=Params!$G$4,OR(N($G43)<=Params!$D$3,N($H43)<=Params!$E$3)),"Sporadique","Intermédiaire")))))) -> Efficace | E43: {=XLOOKUP(A43, EQ!A:A, EQ!B:B, "")} -> 0.125 | F43: {=XLOOKUP(A43, RED!A:A, RED!B:B, "")} -> 0.0625 | G43: =XLOOKUP(A43, INDIRECT("'"&G$1&"'!A:A"), INDIRECT("'"&G$1&"'!B:B"), "") -> 16 | H43: =XLOOKUP($A43, INDIRECT("'"&H$1&"'!A:A"), INDIRECT("'"&H$1&"'!B:B"), "") -> 1 | I43: =XLOOKUP($A43, INDIRECT("'"&I$1&"'!A:A"), INDIRECT("'"&I$1&"'!B:B"), "") -> 0.8125 | J43: =XLOOKUP($A43, INDIRECT("'"&J$1&"'!A:A"), INDIRECT("'"&J$1&"'!B:B"), "") -> 0 | K43: =XLOOKUP($A43, INDIRECT("'"&K$1&"'!A:A"), INDIRECT("'"&K$1&"'!B:B"), "") -> 0.74572175 | L43: =XLOOKUP($A43, INDIRECT("'"&L$1&"'!A:A"), INDIRECT("'"&L$1&"'!B:B"), "") -> 11.3 | M43: =XLOOKUP($A43, INDIRECT("'"&M$1&"'!A:A"), INDIRECT("'"&M$1&"'!B:B"), "") -> 27.183333 | N43: =XLOOKUP($A43, INDIRECT("'"&N$1&"'!A:A"), INDIRECT("'"&N$1&"'!B:B"), "") -> 20.083333 | O43: =XLOOKUP($A43, INDIRECT("'"&O$1&"'!A:A"), INDIRECT("'"&O$1&"'!B:B"), "") -> 3.1333333
A44: =EQ!A61 -> 9181e670a018653889d5263448f199379588274b90c51348445093423b56396b | B44: {=XLOOKUP(A44, Notes!A:A, Notes!B:B, "")} -> 62.16 | C44: =IFERROR(IMAGE(VLOOKUP(A44,DriveImages!A:C,3,FALSE),4,240,520),"") | D44: =IF($A44="","",IF(AND(N($G44)<=Params!$D$2,N($H44)<=Params!$E$2),"Peu actif",IF(AND(N($I44)>=Params!$F$4,N($E44)<=Params!$B$2,N($F44)<=Params!$C$2),"Efficace",IF(AND(N($F44)>=Params!$C$4,OR(N($I44)<=Params!$F$3,N($E44)>=Params!$B$4)),"Bloqué",IF(AND(OR(N($G44)>=Params!$D$4,N($H44)>=Params!$E$4),N($I44)<=Params!$F$3),"Persévérant",IF(AND(N($J44)>=Params!$G$4,OR(N($G44)<=Params!$D$3,N($H44)<=Params!$E$3)),"Sporadique","Intermédiaire")))))) -> Intermédiaire | E44: {=XLOOKUP(A44, EQ!A:A, EQ!B:B, "")} -> 0.20833333 | F44: {=XLOOKUP(A44, RED!A:A, RED!B:B, "")} -> 0.13541667 | G44: =XLOOKUP(A44, INDIRECT("'"&G$1&"'!A:A"), INDIRECT("'"&G$1&"'!B:B"), "") -> 31 | H44: =XLOOKUP($A44, INDIRECT("'"&H$1&"'!A:A"), INDIRECT("'"&H$1&"'!B:B"), "") -> 1 | I44: =XLOOKUP($A44, INDIRECT("'"&I$1&"'!A:A"), INDIRECT("'"&I$1&"'!B:B"), "") -> 0.61290323 | J44: =XLOOKUP($A44, INDIRECT("'"&J$1&"'!A:A"), INDIRECT("'"&J$1&"'!B:B"), "") -> 0 | K44: =XLOOKUP($A44, INDIRECT("'"&K$1&"'!A:A"), INDIRECT("'"&K$1&"'!B:B"), "") -> 0.50194326 | L44: =XLOOKUP($A44, INDIRECT("'"&L$1&"'!A:A"), INDIRECT("'"&L$1&"'!B:B"), "") -> 11.483333 | M44: =XLOOKUP($A44, INDIRECT("'"&M$1&"'!A:A"), INDIRECT("'"&M$1&"'!B:B"), "") -> 39.933333 | N44: =XLOOKUP($A44, INDIRECT("'"&N$1&"'!A:A"), INDIRECT("'"&N$1&"'!B:B"), "") -> 7.15 | O44: =XLOOKUP($A44, INDIRECT("'"&O$1&"'!A:A"), INDIRECT("'"&O$1&"'!B:B"), "") -> 7.5333333
A45: =EQ!A7 -> 0ff8e00eabc873cbfaa0832c3aa0e4a4b03e6f72593a71ecf7e5b2e4d0c82e06 | B45: {=XLOOKUP(A45, Notes!A:A, Notes!B:B, "")} -> 83.25 | C45: =IFERROR(IMAGE(VLOOKUP(A45,DriveImages!A:C,3,FALSE),4,240,520),"") | D45: =IF($A45="","",IF(AND(N($G45)<=Params!$D$2,N($H45)<=Params!$E$2),"Peu actif",IF(AND(N($I45)>=Params!$F$4,N($E45)<=Params!$B$2,N($F45)<=Params!$C$2),"Efficace",IF(AND(N($F45)>=Params!$C$4,OR(N($I45)<=Params!$F$3,N($E45)>=Params!$B$4)),"Bloqué",IF(AND(OR(N($G45)>=Params!$D$4,N($H45)>=Params!$E$4),N($I45)<=Params!$F$3),"Persévérant",IF(AND(N($J45)>=Params!$G$4,OR(N($G45)<=Params!$D$3,N($H45)<=Params!$E$3)),"Sporadique","Intermédiaire")))))) -> Efficace | E45: {=XLOOKUP(A45, EQ!A:A, EQ!B:B, "")} -> 0 | F45: {=XLOOKUP(A45, RED!A:A, RED!B:B, "")} -> 0 | G45: =XLOOKUP(A45, INDIRECT("'"&G$1&"'!A:A"), INDIRECT("'"&G$1&"'!B:B"), "") -> 15 | H45: =XLOOKUP($A45, INDIRECT("'"&H$1&"'!A:A"), INDIRECT("'"&H$1&"'!B:B"), "") -> 1 | I45: =XLOOKUP($A45, INDIRECT("'"&I$1&"'!A:A"), INDIRECT("'"&I$1&"'!B:B"), "") -> 0.86666667 | J45: =XLOOKUP($A45, INDIRECT("'"&J$1&"'!A:A"), INDIRECT("'"&J$1&"'!B:B"), "") -> 0 | K45: =XLOOKUP($A45, INDIRECT("'"&K$1&"'!A:A"), INDIRECT("'"&K$1&"'!B:B"), "") -> 0.82559527 | L45: =XLOOKUP($A45, INDIRECT("'"&L$1&"'!A:A"), INDIRECT("'"&L$1&"'!B:B"), "") -> 11.516667 | M45: =XLOOKUP($A45, INDIRECT("'"&M$1&"'!A:A"), INDIRECT("'"&M$1&"'!B:B"), "") -> 24.6 | N45: =XLOOKUP($A45, INDIRECT("'"&N$1&"'!A:A"), INDIRECT("'"&N$1&"'!B:B"), "") -> 22.45 | O45: =XLOOKUP($A45, INDIRECT("'"&O$1&"'!A:A"), INDIRECT("'"&O$1&"'!B:B"), "") -> 0.38333333
A46: =EQ!A111 -> fe48d6db483ac4bd61b017d826272e803a5ba40fca9dcc14ce181a1331e1fa18 | B46: {=XLOOKUP(A46, Notes!A:A, Notes!B:B, "")} -> 35.25 | C46: =IFERROR(IMAGE(VLOOKUP(A46,DriveImages!A:C,3,FALSE),4,240,520),"") | D46: =IF($A46="","",IF(AND(N($G46)<=Params!$D$2,N($H46)<=Params!$E$2),"Peu actif",IF(AND(N($I46)>=Params!$F$4,N($E46)<=Params!$B$2,N($F46)<=Params!$C$2),"Efficace",IF(AND(N($F46)>=Params!$C$4,OR(N($I46)<=Params!$F$3,N($E46)>=Params!$B$4)),"Bloqué",IF(AND(OR(N($G46)>=Params!$D$4,N($H46)>=Params!$E$4),N($I46)<=Params!$F$3),"Persévérant",IF(AND(N($J46)>=Params!$G$4,OR(N($G46)<=Params!$D$3,N($H46)<=Params!$E$3)),"Sporadique","Intermédiaire")))))) -> Bloqué | E46: {=XLOOKUP(A46, EQ!A:A, EQ!B:B, "")} -> 0.83333333 | F46: {=XLOOKUP(A46, RED!A:A, RED!B:B, "")} -> 0.69444444 | G46: =XLOOKUP(A46, INDIRECT("'"&G$1&"'!A:A"), INDIRECT("'"&G$1&"'!B:B"), "") -> 7 | H46: =XLOOKUP($A46, INDIRECT("'"&H$1&"'!A:A"), INDIRECT("'"&H$1&"'!B:B"), "") -> 1 | I46: =XLOOKUP($A46, INDIRECT("'"&I$1&"'!A:A"), INDIRECT("'"&I$1&"'!B:B"), "") -> 0.14285714 | J46: =XLOOKUP($A46, INDIRECT("'"&J$1&"'!A:A"), INDIRECT("'"&J$1&"'!B:B"), "") -> 0 | K46: =XLOOKUP($A46, INDIRECT("'"&K$1&"'!A:A"), INDIRECT("'"&K$1&"'!B:B"), "") -> 0.10204086 | L46: =XLOOKUP($A46, INDIRECT("'"&L$1&"'!A:A"), INDIRECT("'"&L$1&"'!B:B"), "") -> 11.566667 | M46: =XLOOKUP($A46, INDIRECT("'"&M$1&"'!A:A"), INDIRECT("'"&M$1&"'!B:B"), "") -> 6.3333333 | N46: =XLOOKUP($A46, INDIRECT("'"&N$1&"'!A:A"), INDIRECT("'"&N$1&"'!B:B"), "") -> 40.666667 | O46: =XLOOKUP($A46, INDIRECT("'"&O$1&"'!A:A"), INDIRECT("'"&O$1&"'!B:B"), "") -> 60
A47: =EQ!A84 -> c8d01afd1e4a742fb48896441f92f6f4f1c21f02b0059b58f21e1c6efb099eb2 | B47: {=XLOOKUP(A47, Notes!A:A, Notes!B:B, "")} -> 89.48 | C47: =IFERROR(IMAGE(VLOOKUP(A47,DriveImages!A:C,3,FALSE),4,240,520),"") | D47: =IF($A47="","",IF(AND(N($G47)<=Params!$D$2,N($H47)<=Params!$E$2),"Peu actif",IF(AND(N($I47)>=Params!$F$4,N($E47)<=Params!$B$2,N($F47)<=Params!$C$2),"Efficace",IF(AND(N($F47)>=Params!$C$4,OR(N($I47)<=Params!$F$3,N($E47)>=Params!$B$4)),"Bloqué",IF(AND(OR(N($G47)>=Params!$D$4,N($H47)>=Params!$E$4),N($I47)<=Params!$F$3),"Persévérant",IF(AND(N($J47)>=Params!$G$4,OR(N($G47)<=Params!$D$3,N($H47)<=Params!$E$3)),"Sporadique","Intermédiaire")))))) -> Persévérant | E47: {=XLOOKUP(A47, EQ!A:A, EQ!B:B, "")} -> 0.38461538 | F47: {=XLOOKUP(A47, RED!A:A, RED!B:B, "")} -> 0.29326923 | G47: =XLOOKUP(A47, INDIRECT("'"&G$1&"'!A:A"), INDIRECT("'"&G$1&"'!B:B"), "") -> 30 | H47: =XLOOKUP($A47, INDIRECT("'"&H$1&"'!A:A"), INDIRECT("'"&H$1&"'!B:B"), "") -> 3 | I47: =XLOOKUP($A47, INDIRECT("'"&I$1&"'!A:A"), INDIRECT("'"&I$1&"'!B:B"), "") -> 0.4 | J47: =XLOOKUP($A47, INDIRECT("'"&J$1&"'!A:A"), INDIRECT("'"&J$1&"'!B:B"), "") -> 0.068965517 | K47: =XLOOKUP($A47, INDIRECT("'"&K$1&"'!A:A"), INDIRECT("'"&K$1&"'!B:B"), "") -> 0.27229007 | L47: =XLOOKUP($A47, INDIRECT("'"&L$1&"'!A:A"), INDIRECT("'"&L$1&"'!B:B"), "") -> 11.6 | M47: =XLOOKUP($A47, INDIRECT("'"&M$1&"'!A:A"), INDIRECT("'"&M$1&"'!B:B"), "") -> 40.05 | N47: =XLOOKUP($A47, INDIRECT("'"&N$1&"'!A:A"), INDIRECT("'"&N$1&"'!B:B"), "") -> 6.9166667 | O47: =XLOOKUP($A47, INDIRECT("'"&O$1&"'!A:A"), INDIRECT("'"&O$1&"'!B:B"), "") -> 1.4833333
A48: =EQ!A91 -> d3f0d126711eb978e948a2cbeb9c2b2b0ffa79541fe717c41575d91f5e21aa61 | B48: {=XLOOKUP(A48, Notes!A:A, Notes!B:B, "")} -> 82.96 | C48: =IFERROR(IMAGE(VLOOKUP(A48,DriveImages!A:C,3,FALSE),4,240,520),"") | D48: =IF($A48="","",IF(AND(N($G48)<=Params!$D$2,N($H48)<=Params!$E$2),"Peu actif",IF(AND(N($I48)>=Params!$F$4,N($E48)<=Params!$B$2,N($F48)<=Params!$C$2),"Efficace",IF(AND(N($F48)>=Params!$C$4,OR(N($I48)<=Params!$F$3,N($E48)>=Params!$B$4)),"Bloqué",IF(AND(OR(N($G48)>=Params!$D$4,N($H48)>=Params!$E$4),N($I48)<=Params!$F$3),"Persévérant",IF(AND(N($J48)>=Params!$G$4,OR(N($G48)<=Params!$D$3,N($H48)<=Params!$E$3)),"Sporadique","Intermédiaire")))))) -> Efficace | E48: {=XLOOKUP(A48, EQ!A:A, EQ!B:B, "")} -> 0 | F48: {=XLOOKUP(A48, RED!A:A, RED!B:B, "")} -> 0 | G48: =XLOOKUP(A48, INDIRECT("'"&G$1&"'!A:A"), INDIRECT("'"&G$1&"'!B:B"), "") -> 18 | H48: =XLOOKUP($A48, INDIRECT("'"&H$1&"'!A:A"), INDIRECT("'"&H$1&"'!B:B"), "") -> 3 | I48: =XLOOKUP($A48, INDIRECT("'"&I$1&"'!A:A"), INDIRECT("'"&I$1&"'!B:B"), "") -> 0.88888889 | J48: =XLOOKUP($A48, INDIRECT("'"&J$1&"'!A:A"), INDIRECT("'"&J$1&"'!B:B"), "") -> 0.11764706 | K48: =XLOOKUP($A48, INDIRECT("'"&K$1&"'!A:A"), INDIRECT("'"&K$1&"'!B:B"), "") -> 0.79307572 | L48: =XLOOKUP($A48, INDIRECT("'"&L$1&"'!A:A"), INDIRECT("'"&L$1&"'!B:B"), "") -> 11.8 | M48: =XLOOKUP($A48, INDIRECT("'"&M$1&"'!A:A"), INDIRECT("'"&M$1&"'!B:B"), "") -> 30.65 | N48: =XLOOKUP($A48, INDIRECT("'"&N$1&"'!A:A"), INDIRECT("'"&N$1&"'!B:B"), "") -> 16.116667 | O48: =XLOOKUP($A48, INDIRECT("'"&O$1&"'!A:A"), INDIRECT("'"&O$1&"'!B:B"), "") -> 0.46666667
A49: =EQ!A106 -> f8461dec16e4e6cc62d1cadd424373bdf634bdc01764d3df74cd9fff9658baff | B49: {=XLOOKUP(A49, Notes!A:A, Notes!B:B, "")} -> 0 | C49: =IFERROR(IMAGE(VLOOKUP(A49,DriveImages!A:C,3,FALSE),4,240,520),"") | D49: =IF($A49="","",IF(AND(N($G49)<=Params!$D$2,N($H49)<=Params!$E$2),"Peu actif",IF(AND(N($I49)>=Params!$F$4,N($E49)<=Params!$B$2,N($F49)<=Params!$C$2),"Efficace",IF(AND(N($F49)>=Params!$C$4,OR(N($I49)<=Params!$F$3,N($E49)>=Params!$B$4)),"Bloqué",IF(AND(OR(N($G49)>=Params!$D$4,N($H49)>=Params!$E$4),N($I49)<=Params!$F$3),"Persévérant",IF(AND(N($J49)>=Params!$G$4,OR(N($G49)<=Params!$D$3,N($H49)<=Params!$E$3)),"Sporadique","Intermédiaire")))))) -> Persévérant | E49: {=XLOOKUP(A49, EQ!A:A, EQ!B:B, "")} -> 0.63636364 | F49: {=XLOOKUP(A49, RED!A:A, RED!B:B, "")} -> 0.5004329 | G49: =XLOOKUP(A49, INDIRECT("'"&G$1&"'!A:A"), INDIRECT("'"&G$1&"'!B:B"), "") -> 29 | H49: =XLOOKUP($A49, INDIRECT("'"&H$1&"'!A:A"), INDIRECT("'"&H$1&"'!B:B"), "") -> 1 | I49: =XLOOKUP($A49, INDIRECT("'"&I$1&"'!A:A"), INDIRECT("'"&I$1&"'!B:B"), "") -> 0.34482759 | J49: =XLOOKUP($A49, INDIRECT("'"&J$1&"'!A:A"), INDIRECT("'"&J$1&"'!B:B"), "") -> 0 | K49: =XLOOKUP($A49, INDIRECT("'"&K$1&"'!A:A"), INDIRECT("'"&K$1&"'!B:B"), "") -> 0.2942279 | L49: =XLOOKUP($A49, INDIRECT("'"&L$1&"'!A:A"), INDIRECT("'"&L$1&"'!B:B"), "") -> 11.95 | M49: =XLOOKUP($A49, INDIRECT("'"&M$1&"'!A:A"), INDIRECT("'"&M$1&"'!B:B"), "") -> 40.366667 | N49: =XLOOKUP($A49, INDIRECT("'"&N$1&"'!A:A"), INDIRECT("'"&N$1&"'!B:B"), "") -> 6.25 | O49: =XLOOKUP($A49, INDIRECT("'"&O$1&"'!A:A"), INDIRECT("'"&O$1&"'!B:B"), "") -> 1.35
A50: =EQ!A29 -> 4557b3c2bc31d36048e3c48befc7212d35b7d0d885d3d1f102c9060238b5090a | B50: {=XLOOKUP(A50, Notes!A:A, Notes!B:B, "")} -> 55.11 | C50: =IFERROR(IMAGE(VLOOKUP(A50,DriveImages!A:C,3,FALSE),4,240,520),"") | D50: =IF($A50="","",IF(AND(N($G50)<=Params!$D$2,N($H50)<=Params!$E$2),"Peu actif",IF(AND(N($I50)>=Params!$F$4,N($E50)<=Params!$B$2,N($F50)<=Params!$C$2),"Efficace",IF(AND(N($F50)>=Params!$C$4,OR(N($I50)<=Params!$F$3,N($E50)>=Params!$B$4)),"Bloqué",IF(AND(OR(N($G50)>=Params!$D$4,N($H50)>=Params!$E$4),N($I50)<=Params!$F$3),"Persévérant",IF(AND(N($J50)>=Params!$G$4,OR(N($G50)<=Params!$D$3,N($H50)<=Params!$E$3)),"Sporadique","Intermédiaire")))))) -> Bloqué | E50: {=XLOOKUP(A50, EQ!A:A, EQ!B:B, "")} -> 0.69230769 | F50: {=XLOOKUP(A50, RED!A:A, RED!B:B, "")} -> 0.58547009 | G50: =XLOOKUP(A50, INDIRECT("'"&G$1&"'!A:A"), INDIRECT("'"&G$1&"'!B:B"), "") -> 15 | H50: =XLOOKUP($A50, INDIRECT("'"&H$1&"'!A:A"), INDIRECT("'"&H$1&"'!B:B"), "") -> 2 | I50: =XLOOKUP($A50, INDIRECT("'"&I$1&"'!A:A"), INDIRECT("'"&I$1&"'!B:B"), "") -> 0.26666667 | J50: =XLOOKUP($A50, INDIRECT("'"&J$1&"'!A:A"), INDIRECT("'"&J$1&"'!B:B"), "") -> 0.071428571 | K50: =XLOOKUP($A50, INDIRECT("'"&K$1&"'!A:A"), INDIRECT("'"&K$1&"'!B:B"), "") -> 0.22028987 | L50: =XLOOKUP($A50, INDIRECT("'"&L$1&"'!A:A"), INDIRECT("'"&L$1&"'!B:B"), "") -> 12.05 | M50: =XLOOKUP($A50, INDIRECT("'"&M$1&"'!A:A"), INDIRECT("'"&M$1&"'!B:B"), "") -> 26.616667 | N50: =XLOOKUP($A50, INDIRECT("'"&N$1&"'!A:A"), INDIRECT("'"&N$1&"'!B:B"), "") -> 19.9 | O50: =XLOOKUP($A50, INDIRECT("'"&O$1&"'!A:A"), INDIRECT("'"&O$1&"'!B:B"), "") -> 7.1
A51: =EQ!A19 -> 33d11b837cec96010145671e6661210fd68f3004627f8929038256ca7a8d8ebf | B51: {=XLOOKUP(A51, Notes!A:A, Notes!B:B, "")} -> 84.65 | C51: =IFERROR(IMAGE(VLOOKUP(A51,DriveImages!A:C,3,FALSE),4,240,520),"") | D51: =IF($A51="","",IF(AND(N($G51)<=Params!$D$2,N($H51)<=Params!$E$2),"Peu actif",IF(AND(N($I51)>=Params!$F$4,N($E51)<=Params!$B$2,N($F51)<=Params!$C$2),"Efficace",IF(AND(N($F51)>=Params!$C$4,OR(N($I51)<=Params!$F$3,N($E51)>=Params!$B$4)),"Bloqué",IF(AND(OR(N($G51)>=Params!$D$4,N($H51)>=Params!$E$4),N($I51)<=Params!$F$3),"Persévérant",IF(AND(N($J51)>=Params!$G$4,OR(N($G51)<=Params!$D$3,N($H51)<=Params!$E$3)),"Sporadique","Intermédiaire")))))) -> Efficace | E51: {=XLOOKUP(A51, EQ!A:A, EQ!B:B, "")} -> 0 | F51: {=XLOOKUP(A51, RED!A:A, RED!B:B, "")} -> 0 | G51: =XLOOKUP(A51, INDIRECT("'"&G$1&"'!A:A"), INDIRECT("'"&G$1&"'!B:B"), "") -> 11 | H51: =XLOOKUP($A51, INDIRECT("'"&H$1&"'!A:A"), INDIRECT("'"&H$1&"'!B:B"), "") -> 2 | I51: =XLOOKUP($A51, INDIRECT("'"&I$1&"'!A:A"), INDIRECT("'"&I$1&"'!B:B"), "") -> 0.81818182 | J51: =XLOOKUP($A51, INDIRECT("'"&J$1&"'!A:A"), INDIRECT("'"&J$1&"'!B:B"), "") -> 0.1 | K51: =XLOOKUP($A51, INDIRECT("'"&K$1&"'!A:A"), INDIRECT("'"&K$1&"'!B:B"), "") -> 0.33734255 | L51: =XLOOKUP($A51, INDIRECT("'"&L$1&"'!A:A"), INDIRECT("'"&L$1&"'!B:B"), "") -> 12.066667 | M51: =XLOOKUP($A51, INDIRECT("'"&M$1&"'!A:A"), INDIRECT("'"&M$1&"'!B:B"), "") -> 30.516667 | N51: =XLOOKUP($A51, INDIRECT("'"&N$1&"'!A:A"), INDIRECT("'"&N$1&"'!B:B"), "") -> 15.983333 | O51: =XLOOKUP($A51, INDIRECT("'"&O$1&"'!A:A"), INDIRECT("'"&O$1&"'!B:B"), "") -> 4.35
A52: =EQ!A39 -> 60dc13afd9db46855db7cb4b46b2429c473ae61d93c867bb13914cc0ee137a78 | B52: {=XLOOKUP(A52, Notes!A:A, Notes!B:B, "")} -> 84.25 | C52: =IFERROR(IMAGE(VLOOKUP(A52,DriveImages!A:C,3,FALSE),4,240,520),"") | D52: =IF($A52="","",IF(AND(N($G52)<=Params!$D$2,N($H52)<=Params!$E$2),"Peu actif",IF(AND(N($I52)>=Params!$F$4,N($E52)<=Params!$B$2,N($F52)<=Params!$C$2),"Efficace",IF(AND(N($F52)>=Params!$C$4,OR(N($I52)<=Params!$F$3,N($E52)>=Params!$B$4)),"Bloqué",IF(AND(OR(N($G52)>=Params!$D$4,N($H52)>=Params!$E$4),N($I52)<=Params!$F$3),"Persévérant",IF(AND(N($J52)>=Params!$G$4,OR(N($G52)<=Params!$D$3,N($H52)<=Params!$E$3)),"Sporadique","Intermédiaire")))))) -> Efficace | E52: {=XLOOKUP(A52, EQ!A:A, EQ!B:B, "")} -> 0.055555556 | F52: {=XLOOKUP(A52, RED!A:A, RED!B:B, "")} -> 0.02777778 | G52: =XLOOKUP(A52, INDIRECT("'"&G$1&"'!A:A"), INDIRECT("'"&G$1&"'!B:B"), "") -> 21 | H52: =XLOOKUP($A52, INDIRECT("'"&H$1&"'!A:A"), INDIRECT("'"&H$1&"'!B:B"), "") -> 3 | I52: =XLOOKUP($A52, INDIRECT("'"&I$1&"'!A:A"), INDIRECT("'"&I$1&"'!B:B"), "") -> 0.80952381 | J52: =XLOOKUP($A52, INDIRECT("'"&J$1&"'!A:A"), INDIRECT("'"&J$1&"'!B:B"), "") -> 0.1 | K52: =XLOOKUP($A52, INDIRECT("'"&K$1&"'!A:A"), INDIRECT("'"&K$1&"'!B:B"), "") -> 0.3177551 | L52: =XLOOKUP($A52, INDIRECT("'"&L$1&"'!A:A"), INDIRECT("'"&L$1&"'!B:B"), "") -> 12.066667 | M52: =XLOOKUP($A52, INDIRECT("'"&M$1&"'!A:A"), INDIRECT("'"&M$1&"'!B:B"), "") -> 31.35 | N52: =XLOOKUP($A52, INDIRECT("'"&N$1&"'!A:A"), INDIRECT("'"&N$1&"'!B:B"), "") -> 15.15 | O52: =XLOOKUP($A52, INDIRECT("'"&O$1&"'!A:A"), INDIRECT("'"&O$1&"'!B:B"), "") -> 0
A53: =EQ!A2 -> 0685c8001a43b03e0a155e1afa0c7bec2f4e82d24f7ce4843b25a441c45dd335 | B53: {=XLOOKUP(A53, Notes!A:A, Notes!B:B, "")} -> 70.2 | C53: =IFERROR(IMAGE(VLOOKUP(A53,DriveImages!A:C,3,FALSE),4,240,520),"") | D53: =IF($A53="","",IF(AND(N($G53)<=Params!$D$2,N($H53)<=Params!$E$2),"Peu actif",IF(AND(N($I53)>=Params!$F$4,N($E53)<=Params!$B$2,N($F53)<=Params!$C$2),"Efficace",IF(AND(N($F53)>=Params!$C$4,OR(N($I53)<=Params!$F$3,N($E53)>=Params!$B$4)),"Bloqué",IF(AND(OR(N($G53)>=Params!$D$4,N($H53)>=Params!$E$4),N($I53)<=Params!$F$3),"Persévérant",IF(AND(N($J53)>=Params!$G$4,OR(N($G53)<=Params!$D$3,N($H53)<=Params!$E$3)),"Sporadique","Intermédiaire")))))) -> Peu actif | E53: {=XLOOKUP(A53, EQ!A:A, EQ!B:B, "")} -> 0 | F53: {=XLOOKUP(A53, RED!A:A, RED!B:B, "")} -> 0 | G53: =XLOOKUP(A53, INDIRECT("'"&G$1&"'!A:A"), INDIRECT("'"&G$1&"'!B:B"), "") -> 4 | H53: =XLOOKUP($A53, INDIRECT("'"&H$1&"'!A:A"), INDIRECT("'"&H$1&"'!B:B"), "") -> 1 | I53: =XLOOKUP($A53, INDIRECT("'"&I$1&"'!A:A"), INDIRECT("'"&I$1&"'!B:B"), "") -> 1 | J53: =XLOOKUP($A53, INDIRECT("'"&J$1&"'!A:A"), INDIRECT("'"&J$1&"'!B:B"), "") -> 0 | K53: =XLOOKUP($A53, INDIRECT("'"&K$1&"'!A:A"), INDIRECT("'"&K$1&"'!B:B"), "") -> 0.9565215 | L53: =XLOOKUP($A53, INDIRECT("'"&L$1&"'!A:A"), INDIRECT("'"&L$1&"'!B:B"), "") -> 12.366667 | M53: =XLOOKUP($A53, INDIRECT("'"&M$1&"'!A:A"), INDIRECT("'"&M$1&"'!B:B"), "") -> 5.6833333 | N53: =XLOOKUP($A53, INDIRECT("'"&N$1&"'!A:A"), INDIRECT("'"&N$1&"'!B:B"), "") -> 40.516667 | O53: =XLOOKUP($A53, INDIRECT("'"&O$1&"'!A:A"), INDIRECT("'"&O$1&"'!B:B"), "") -> 0
A54: =EQ!A44 -> 6d7f68c6bb26c8342bf3a3e21bb30c4a24aa6ccd9d3319af32684e6641052dcd | B54: {=XLOOKUP(A54, Notes!A:A, Notes!B:B, "")} -> 66.03 | C54: =IFERROR(IMAGE(VLOOKUP(A54,DriveImages!A:C,3,FALSE),4,240,520),"") | D54: =IF($A54="","",IF(AND(N($G54)<=Params!$D$2,N($H54)<=Params!$E$2),"Peu actif",IF(AND(N($I54)>=Params!$F$4,N($E54)<=Params!$B$2,N($F54)<=Params!$C$2),"Efficace",IF(AND(N($F54)>=Params!$C$4,OR(N($I54)<=Params!$F$3,N($E54)>=Params!$B$4)),"Bloqué",IF(AND(OR(N($G54)>=Params!$D$4,N($H54)>=Params!$E$4),N($I54)<=Params!$F$3),"Persévérant",IF(AND(N($J54)>=Params!$G$4,OR(N($G54)<=Params!$D$3,N($H54)<=Params!$E$3)),"Sporadique","Intermédiaire")))))) -> Intermédiaire | E54: {=XLOOKUP(A54, EQ!A:A, EQ!B:B, "")} -> 0.33333333 | F54: {=XLOOKUP(A54, RED!A:A, RED!B:B, "")} -> 0.16666667 | G54: =XLOOKUP(A54, INDIRECT("'"&G$1&"'!A:A"), INDIRECT("'"&G$1&"'!B:B"), "") -> 7 | H54: =XLOOKUP($A54, INDIRECT("'"&H$1&"'!A:A"), INDIRECT("'"&H$1&"'!B:B"), "") -> 1 | I54: =XLOOKUP($A54, INDIRECT("'"&I$1&"'!A:A"), INDIRECT("'"&I$1&"'!B:B"), "") -> 0.42857143 | J54: =XLOOKUP($A54, INDIRECT("'"&J$1&"'!A:A"), INDIRECT("'"&J$1&"'!B:B"), "") -> 0 | K54: =XLOOKUP($A54, INDIRECT("'"&K$1&"'!A:A"), INDIRECT("'"&K$1&"'!B:B"), "") -> 0.39795914 | L54: =XLOOKUP($A54, INDIRECT("'"&L$1&"'!A:A"), INDIRECT("'"&L$1&"'!B:B"), "") -> 12.383333 | M54: =XLOOKUP($A54, INDIRECT("'"&M$1&"'!A:A"), INDIRECT("'"&M$1&"'!B:B"), "") -> 9.7666667 | N54: =XLOOKUP($A54, INDIRECT("'"&N$1&"'!A:A"), INDIRECT("'"&N$1&"'!B:B"), "") -> 36.416667 | O54: =XLOOKUP($A54, INDIRECT("'"&O$1&"'!A:A"), INDIRECT("'"&O$1&"'!B:B"), "") -> 9.7666667
A55: =EQ!A43 -> 6b6e8c7036722d03a34126403e7106d3512a2d4b72bcd8bde651614e8ad42d7b | B55: {=XLOOKUP(A55, Notes!A:A, Notes!B:B, "")} -> 56.75 | C55: =IFERROR(IMAGE(VLOOKUP(A55,DriveImages!A:C,3,FALSE),4,240,520),"") | D55: =IF($A55="","",IF(AND(N($G55)<=Params!$D$2,N($H55)<=Params!$E$2),"Peu actif",IF(AND(N($I55)>=Params!$F$4,N($E55)<=Params!$B$2,N($F55)<=Params!$C$2),"Efficace",IF(AND(N($F55)>=Params!$C$4,OR(N($I55)<=Params!$F$3,N($E55)>=Params!$B$4)),"Bloqué",IF(AND(OR(N($G55)>=Params!$D$4,N($H55)>=Params!$E$4),N($I55)<=Params!$F$3),"Persévérant",IF(AND(N($J55)>=Params!$G$4,OR(N($G55)<=Params!$D$3,N($H55)<=Params!$E$3)),"Sporadique","Intermédiaire")))))) -> Sporadique | E55: {=XLOOKUP(A55, EQ!A:A, EQ!B:B, "")} -> 0.25 | F55: {=XLOOKUP(A55, RED!A:A, RED!B:B, "")} -> 0.125 | G55: =XLOOKUP(A55, INDIRECT("'"&G$1&"'!A:A"), INDIRECT("'"&G$1&"'!B:B"), "") -> 6 | H55: =XLOOKUP($A55, INDIRECT("'"&H$1&"'!A:A"), INDIRECT("'"&H$1&"'!B:B"), "") -> 2 | I55: =XLOOKUP($A55, INDIRECT("'"&I$1&"'!A:A"), INDIRECT("'"&I$1&"'!B:B"), "") -> 0.66666667 | J55: =XLOOKUP($A55, INDIRECT("'"&J$1&"'!A:A"), INDIRECT("'"&J$1&"'!B:B"), "") -> 0.2 | K55: =XLOOKUP($A55, INDIRECT("'"&K$1&"'!A:A"), INDIRECT("'"&K$1&"'!B:B"), "") -> 0.63095233 | L55: =XLOOKUP($A55, INDIRECT("'"&L$1&"'!A:A"), INDIRECT("'"&L$1&"'!B:B"), "") -> 12.45 | M55: =XLOOKUP($A55, INDIRECT("'"&M$1&"'!A:A"), INDIRECT("'"&M$1&"'!B:B"), "") -> 10.85 | N55: =XLOOKUP($A55, INDIRECT("'"&N$1&"'!A:A"), INDIRECT("'"&N$1&"'!B:B"), "") -> 35.266667 | O55: =XLOOKUP($A55, INDIRECT("'"&O$1&"'!A:A"), INDIRECT("'"&O$1&"'!B:B"), "") -> 0.56666667
A56: =EQ!A73 -> aeff5cdc8c731a2b16beb6f260aeeca455401bc2ddb229aa87a464475f95b1ca | B56: {=XLOOKUP(A56, Notes!A:A, Notes!B:B, "")} -> 54.53 | C56: =IFERROR(IMAGE(VLOOKUP(A56,DriveImages!A:C,3,FALSE),4,240,520),"") | D56: =IF($A56="","",IF(AND(N($G56)<=Params!$D$2,N($H56)<=Params!$E$2),"Peu actif",IF(AND(N($I56)>=Params!$F$4,N($E56)<=Params!$B$2,N($F56)<=Params!$C$2),"Efficace",IF(AND(N($F56)>=Params!$C$4,OR(N($I56)<=Params!$F$3,N($E56)>=Params!$B$4)),"Bloqué",IF(AND(OR(N($G56)>=Params!$D$4,N($H56)>=Params!$E$4),N($I56)<=Params!$F$3),"Persévérant",IF(AND(N($J56)>=Params!$G$4,OR(N($G56)<=Params!$D$3,N($H56)<=Params!$E$3)),"Sporadique","Intermédiaire")))))) -> Bloqué | E56: {=XLOOKUP(A56, EQ!A:A, EQ!B:B, "")} -> 1 | F56: {=XLOOKUP(A56, RED!A:A, RED!B:B, "")} -> 0.75 | G56: =XLOOKUP(A56, INDIRECT("'"&G$1&"'!A:A"), INDIRECT("'"&G$1&"'!B:B"), "") -> 4 | H56: =XLOOKUP($A56, INDIRECT("'"&H$1&"'!A:A"), INDIRECT("'"&H$1&"'!B:B"), "") -> 2 | I56: =XLOOKUP($A56, INDIRECT("'"&I$1&"'!A:A"), INDIRECT("'"&I$1&"'!B:B"), "") -> 0 | J56: =XLOOKUP($A56, INDIRECT("'"&J$1&"'!A:A"), INDIRECT("'"&J$1&"'!B:B"), "") -> 0.33333333 | K56: =XLOOKUP($A56, INDIRECT("'"&K$1&"'!A:A"), INDIRECT("'"&K$1&"'!B:B"), "") -> 0 | L56: =XLOOKUP($A56, INDIRECT("'"&L$1&"'!A:A"), INDIRECT("'"&L$1&"'!B:B"), "") -> 12.566667 | M56: =XLOOKUP($A56, INDIRECT("'"&M$1&"'!A:A"), INDIRECT("'"&M$1&"'!B:B"), "") -> 6.8833333 | N56: =XLOOKUP($A56, INDIRECT("'"&N$1&"'!A:A"), INDIRECT("'"&N$1&"'!B:B"), "") -> 39.116667 | O56: =XLOOKUP($A56, INDIRECT("'"&O$1&"'!A:A"), INDIRECT("'"&O$1&"'!B:B"), "") -> 60
A57: =EQ!A40 -> 69ea8e8a316c3f982db0286a71ca33c251b858994e27bb848e628967df9d15f9 | B57: {=XLOOKUP(A57, Notes!A:A, Notes!B:B, "")} -> 73.15 | C57: =IFERROR(IMAGE(VLOOKUP(A57,DriveImages!A:C,3,FALSE),4,240,520),"") | D57: =IF($A57="","",IF(AND(N($G57)<=Params!$D$2,N($H57)<=Params!$E$2),"Peu actif",IF(AND(N($I57)>=Params!$F$4,N($E57)<=Params!$B$2,N($F57)<=Params!$C$2),"Efficace",IF(AND(N($F57)>=Params!$C$4,OR(N($I57)<=Params!$F$3,N($E57)>=Params!$B$4)),"Bloqué",IF(AND(OR(N($G57)>=Params!$D$4,N($H57)>=Params!$E$4),N($I57)<=Params!$F$3),"Persévérant",IF(AND(N($J57)>=Params!$G$4,OR(N($G57)<=Params!$D$3,N($H57)<=Params!$E$3)),"Sporadique","Intermédiaire")))))) -> Efficace | E57: {=XLOOKUP(A57, EQ!A:A, EQ!B:B, "")} -> 0 | F57: {=XLOOKUP(A57, RED!A:A, RED!B:B, "")} -> 0 | G57: =XLOOKUP(A57, INDIRECT("'"&G$1&"'!A:A"), INDIRECT("'"&G$1&"'!B:B"), "") -> 4 | H57: =XLOOKUP($A57, INDIRECT("'"&H$1&"'!A:A"), INDIRECT("'"&H$1&"'!B:B"), "") -> 3 | I57: =XLOOKUP($A57, INDIRECT("'"&I$1&"'!A:A"), INDIRECT("'"&I$1&"'!B:B"), "") -> 1 | J57: =XLOOKUP($A57, INDIRECT("'"&J$1&"'!A:A"), INDIRECT("'"&J$1&"'!B:B"), "") -> 0.66666667 | K57: =XLOOKUP($A57, INDIRECT("'"&K$1&"'!A:A"), INDIRECT("'"&K$1&"'!B:B"), "") -> 0.9285715 | L57: =XLOOKUP($A57, INDIRECT("'"&L$1&"'!A:A"), INDIRECT("'"&L$1&"'!B:B"), "") -> 12.75 | M57: =XLOOKUP($A57, INDIRECT("'"&M$1&"'!A:A"), INDIRECT("'"&M$1&"'!B:B"), "") -> 34.5 | N57: =XLOOKUP($A57, INDIRECT("'"&N$1&"'!A:A"), INDIRECT("'"&N$1&"'!B:B"), "") -> 11.316667 | O57: =XLOOKUP($A57, INDIRECT("'"&O$1&"'!A:A"), INDIRECT("'"&O$1&"'!B:B"), "") -> 0
A58: =EQ!A67 -> a000fa4903a3a8290435e1735ea6773bf2f2a14d1b5e564b6ab0e060b8e38688 | B58: {=XLOOKUP(A58, Notes!A:A, Notes!B:B, "")} -> 71.44 | C58: =IFERROR(IMAGE(VLOOKUP(A58,DriveImages!A:C,3,FALSE),4,240,520),"") | D58: =IF($A58="","",IF(AND(N($G58)<=Params!$D$2,N($H58)<=Params!$E$2),"Peu actif",IF(AND(N($I58)>=Params!$F$4,N($E58)<=Params!$B$2,N($F58)<=Params!$C$2),"Efficace",IF(AND(N($F58)>=Params!$C$4,OR(N($I58)<=Params!$F$3,N($E58)>=Params!$B$4)),"Bloqué",IF(AND(OR(N($G58)>=Params!$D$4,N($H58)>=Params!$E$4),N($I58)<=Params!$F$3),"Persévérant",IF(AND(N($J58)>=Params!$G$4,OR(N($G58)<=Params!$D$3,N($H58)<=Params!$E$3)),"Sporadique","Intermédiaire")))))) -> Bloqué | E58: {=XLOOKUP(A58, EQ!A:A, EQ!B:B, "")} -> 0.66666667 | F58: {=XLOOKUP(A58, RED!A:A, RED!B:B, "")} -> 0.57142857 | G58: =XLOOKUP(A58, INDIRECT("'"&G$1&"'!A:A"), INDIRECT("'"&G$1&"'!B:B"), "") -> 13 | H58: =XLOOKUP($A58, INDIRECT("'"&H$1&"'!A:A"), INDIRECT("'"&H$1&"'!B:B"), "") -> 4 | I58: =XLOOKUP($A58, INDIRECT("'"&I$1&"'!A:A"), INDIRECT("'"&I$1&"'!B:B"), "") -> 0.38461538 | J58: =XLOOKUP($A58, INDIRECT("'"&J$1&"'!A:A"), INDIRECT("'"&J$1&"'!B:B"), "") -> 0.25 | K58: =XLOOKUP($A58, INDIRECT("'"&K$1&"'!A:A"), INDIRECT("'"&K$1&"'!B:B"), "") -> 0.25 | L58: =XLOOKUP($A58, INDIRECT("'"&L$1&"'!A:A"), INDIRECT("'"&L$1&"'!B:B"), "") -> 12.75 | M58: =XLOOKUP($A58, INDIRECT("'"&M$1&"'!A:A"), INDIRECT("'"&M$1&"'!B:B"), "") -> 31.35 | N58: =XLOOKUP($A58, INDIRECT("'"&N$1&"'!A:A"), INDIRECT("'"&N$1&"'!B:B"), "") -> 14.466667 | O58: =XLOOKUP($A58, INDIRECT("'"&O$1&"'!A:A"), INDIRECT("'"&O$1&"'!B:B"), "") -> 0
A59: =EQ!A58 -> 89b998636f98304acf1f5a475b5fad130ac8020d521969a48412173d2ac0971f | B59: {=XLOOKUP(A59, Notes!A:A, Notes!B:B, "")} -> 41.78 | C59: =IFERROR(IMAGE(VLOOKUP(A59,DriveImages!A:C,3,FALSE),4,240,520),"") | D59: =IF($A59="","",IF(AND(N($G59)<=Params!$D$2,N($H59)<=Params!$E$2),"Peu actif",IF(AND(N($I59)>=Params!$F$4,N($E59)<=Params!$B$2,N($F59)<=Params!$C$2),"Efficace",IF(AND(N($F59)>=Params!$C$4,OR(N($I59)<=Params!$F$3,N($E59)>=Params!$B$4)),"Bloqué",IF(AND(OR(N($G59)>=Params!$D$4,N($H59)>=Params!$E$4),N($I59)<=Params!$F$3),"Persévérant",IF(AND(N($J59)>=Params!$G$4,OR(N($G59)<=Params!$D$3,N($H59)<=Params!$E$3)),"Sporadique","Intermédiaire")))))) -> Peu actif | E59: {=XLOOKUP(A59, EQ!A:A, EQ!B:B, "")} -> 0.5 | F59: {=XLOOKUP(A59, RED!A:A, RED!B:B, "")} -> 0.25 | G59: =XLOOKUP(A59, INDIRECT("'"&G$1&"'!A:A"), INDIRECT("'"&G$1&"'!B:B"), "") -> 4 | H59: =XLOOKUP($A59, INDIRECT("'"&H$1&"'!A:A"), INDIRECT("'"&H$1&"'!B:B"), "") -> 1 | I59: =XLOOKUP($A59, INDIRECT("'"&I$1&"'!A:A"), INDIRECT("'"&I$1&"'!B:B"), "") -> 0.5 | J59: =XLOOKUP($A59, INDIRECT("'"&J$1&"'!A:A"), INDIRECT("'"&J$1&"'!B:B"), "") -> 0 | K59: =XLOOKUP($A59, INDIRECT("'"&K$1&"'!A:A"), INDIRECT("'"&K$1&"'!B:B"), "") -> 0.44318175 | L59: =XLOOKUP($A59, INDIRECT("'"&L$1&"'!A:A"), INDIRECT("'"&L$1&"'!B:B"), "") -> 12.833333 | M59: =XLOOKUP($A59, INDIRECT("'"&M$1&"'!A:A"), INDIRECT("'"&M$1&"'!B:B"), "") -> 5.0166667 | N59: =XLOOKUP($A59, INDIRECT("'"&N$1&"'!A:A"), INDIRECT("'"&N$1&"'!B:B"), "") -> 40.716667 | O59: =XLOOKUP($A59, INDIRECT("'"&O$1&"'!A:A"), INDIRECT("'"&O$1&"'!B:B"), "") -> 1.9666667
A60: =EQ!A14 -> 23e416c6f9deb987ac8f8f136e8551133ba63c734122e2f82eaeec72b03bad9e | B60: {=XLOOKUP(A60, Notes!A:A, Notes!B:B, "")} -> 65.54 | C60: =IFERROR(IMAGE(VLOOKUP(A60,DriveImages!A:C,3,FALSE),4,240,520),"") | D60: =IF($A60="","",IF(AND(N($G60)<=Params!$D$2,N($H60)<=Params!$E$2),"Peu actif",IF(AND(N($I60)>=Params!$F$4,N($E60)<=Params!$B$2,N($F60)<=Params!$C$2),"Efficace",IF(AND(N($F60)>=Params!$C$4,OR(N($I60)<=Params!$F$3,N($E60)>=Params!$B$4)),"Bloqué",IF(AND(OR(N($G60)>=Params!$D$4,N($H60)>=Params!$E$4),N($I60)<=Params!$F$3),"Persévérant",IF(AND(N($J60)>=Params!$G$4,OR(N($G60)<=Params!$D$3,N($H60)<=Params!$E$3)),"Sporadique","Intermédiaire")))))) -> Persévérant | E60: {=XLOOKUP(A60, EQ!A:A, EQ!B:B, "")} -> 0.54166667 | F60: {=XLOOKUP(A60, RED!A:A, RED!B:B, "")} -> 0.46180556 | G60: =XLOOKUP(A60, INDIRECT("'"&G$1&"'!A:A"), INDIRECT("'"&G$1&"'!B:B"), "") -> 32 | H60: =XLOOKUP($A60, INDIRECT("'"&H$1&"'!A:A"), INDIRECT("'"&H$1&"'!B:B"), "") -> 2 | I60: =XLOOKUP($A60, INDIRECT("'"&I$1&"'!A:A"), INDIRECT("'"&I$1&"'!B:B"), "") -> 0.375 | J60: =XLOOKUP($A60, INDIRECT("'"&J$1&"'!A:A"), INDIRECT("'"&J$1&"'!B:B"), "") -> 0.032258065 | K60: =XLOOKUP($A60, INDIRECT("'"&K$1&"'!A:A"), INDIRECT("'"&K$1&"'!B:B"), "") -> 0.35602675 | L60: =XLOOKUP($A60, INDIRECT("'"&L$1&"'!A:A"), INDIRECT("'"&L$1&"'!B:B"), "") -> 12.833333 | M60: =XLOOKUP($A60, INDIRECT("'"&M$1&"'!A:A"), INDIRECT("'"&M$1&"'!B:B"), "") -> 39.333333 | N60: =XLOOKUP($A60, INDIRECT("'"&N$1&"'!A:A"), INDIRECT("'"&N$1&"'!B:B"), "") -> 6.4 | O60: =XLOOKUP($A60, INDIRECT("'"&O$1&"'!A:A"), INDIRECT("'"&O$1&"'!B:B"), "") -> 8.2666667
A61: =EQ!A21 -> 349cf265b30475874348c4e1b4520dc39d2668fe73f446cde11ed834aef06f6d | B61: {=XLOOKUP(A61, Notes!A:A, Notes!B:B, "")} -> 69.17 | C61: =IFERROR(IMAGE(VLOOKUP(A61,DriveImages!A:C,3,FALSE),4,240,520),"") | D61: =IF($A61="","",IF(AND(N($G61)<=Params!$D$2,N($H61)<=Params!$E$2),"Peu actif",IF(AND(N($I61)>=Params!$F$4,N($E61)<=Params!$B$2,N($F61)<=Params!$C$2),"Efficace",IF(AND(N($F61)>=Params!$C$4,OR(N($I61)<=Params!$F$3,N($E61)>=Params!$B$4)),"Bloqué",IF(AND(OR(N($G61)>=Params!$D$4,N($H61)>=Params!$E$4),N($I61)<=Params!$F$3),"Persévérant",IF(AND(N($J61)>=Params!$G$4,OR(N($G61)<=Params!$D$3,N($H61)<=Params!$E$3)),"Sporadique","Intermédiaire")))))) -> Intermédiaire | E61: {=XLOOKUP(A61, EQ!A:A, EQ!B:B, "")} -> 0.2 | F61: {=XLOOKUP(A61, RED!A:A, RED!B:B, "")} -> 0.1 | G61: =XLOOKUP(A61, INDIRECT("'"&G$1&"'!A:A"), INDIRECT("'"&G$1&"'!B:B"), "") -> 9 | H61: =XLOOKUP($A61, INDIRECT("'"&H$1&"'!A:A"), INDIRECT("'"&H$1&"'!B:B"), "") -> 2 | I61: =XLOOKUP($A61, INDIRECT("'"&I$1&"'!A:A"), INDIRECT("'"&I$1&"'!B:B"), "") -> 0.66666667 | J61: =XLOOKUP($A61, INDIRECT("'"&J$1&"'!A:A"), INDIRECT("'"&J$1&"'!B:B"), "") -> 0.125 | K61: =XLOOKUP($A61, INDIRECT("'"&K$1&"'!A:A"), INDIRECT("'"&K$1&"'!B:B"), "") -> 0.59788367 | L61: =XLOOKUP($A61, INDIRECT("'"&L$1&"'!A:A"), INDIRECT("'"&L$1&"'!B:B"), "") -> 12.883333 | M61: =XLOOKUP($A61, INDIRECT("'"&M$1&"'!A:A"), INDIRECT("'"&M$1&"'!B:B"), "") -> 21.516667 | N61: =XLOOKUP($A61, INDIRECT("'"&N$1&"'!A:A"), INDIRECT("'"&N$1&"'!B:B"), "") -> 24.166667 | O61: =XLOOKUP($A61, INDIRECT("'"&O$1&"'!A:A"), INDIRECT("'"&O$1&"'!B:B"), "") -> 0
A62: =EQ!A30 -> 48002b47ecdcaeb4828400130c7d77959319f9ae612dfbd03a91f7422c093ac7 | B62: {=XLOOKUP(A62, Notes!A:A, Notes!B:B, "")} -> 66.71 | C62: =IFERROR(IMAGE(VLOOKUP(A62,DriveImages!A:C,3,FALSE),4,240,520),"") | D62: =IF($A62="","",IF(AND(N($G62)<=Params!$D$2,N($H62)<=Params!$E$2),"Peu actif",IF(AND(N($I62)>=Params!$F$4,N($E62)<=Params!$B$2,N($F62)<=Params!$C$2),"Efficace",IF(AND(N($F62)>=Params!$C$4,OR(N($I62)<=Params!$F$3,N($E62)>=Params!$B$4)),"Bloqué",IF(AND(OR(N($G62)>=Params!$D$4,N($H62)>=Params!$E$4),N($I62)<=Params!$F$3),"Persévérant",IF(AND(N($J62)>=Params!$G$4,OR(N($G62)<=Params!$D$3,N($H62)<=Params!$E$3)),"Sporadique","Intermédiaire")))))) -> Sporadique | E62: {=XLOOKUP(A62, EQ!A:A, EQ!B:B, "")} -> 0.25 | F62: {=XLOOKUP(A62, RED!A:A, RED!B:B, "")} -> 0.125 | G62: =XLOOKUP(A62, INDIRECT("'"&G$1&"'!A:A"), INDIRECT("'"&G$1&"'!B:B"), "") -> 7 | H62: =XLOOKUP($A62, INDIRECT("'"&H$1&"'!A:A"), INDIRECT("'"&H$1&"'!B:B"), "") -> 3 | I62: =XLOOKUP($A62, INDIRECT("'"&I$1&"'!A:A"), INDIRECT("'"&I$1&"'!B:B"), "") -> 0.57142857 | J62: =XLOOKUP($A62, INDIRECT("'"&J$1&"'!A:A"), INDIRECT("'"&J$1&"'!B:B"), "") -> 0.33333333 | K62: =XLOOKUP($A62, INDIRECT("'"&K$1&"'!A:A"), INDIRECT("'"&K$1&"'!B:B"), "") -> 0.43428571 | L62: =XLOOKUP($A62, INDIRECT("'"&L$1&"'!A:A"), INDIRECT("'"&L$1&"'!B:B"), "") -> 13.033333 | M62: =XLOOKUP($A62, INDIRECT("'"&M$1&"'!A:A"), INDIRECT("'"&M$1&"'!B:B"), "") -> 27.716667 | N62: =XLOOKUP($A62, INDIRECT("'"&N$1&"'!A:A"), INDIRECT("'"&N$1&"'!B:B"), "") -> 17.816667 | O62: =XLOOKUP($A62, INDIRECT("'"&O$1&"'!A:A"), INDIRECT("'"&O$1&"'!B:B"), "") -> 0.5
A63: =EQ!A105 -> f837bce807410ac6f8b52fcee81a1ffaa2d7f77755861f2e6f2b482bff0f6fe9 | B63: {=XLOOKUP(A63, Notes!A:A, Notes!B:B, "")} -> 80.65 | C63: =IFERROR(IMAGE(VLOOKUP(A63,DriveImages!A:C,3,FALSE),4,240,520),"") | D63: =IF($A63="","",IF(AND(N($G63)<=Params!$D$2,N($H63)<=Params!$E$2),"Peu actif",IF(AND(N($I63)>=Params!$F$4,N($E63)<=Params!$B$2,N($F63)<=Params!$C$2),"Efficace",IF(AND(N($F63)>=Params!$C$4,OR(N($I63)<=Params!$F$3,N($E63)>=Params!$B$4)),"Bloqué",IF(AND(OR(N($G63)>=Params!$D$4,N($H63)>=Params!$E$4),N($I63)<=Params!$F$3),"Persévérant",IF(AND(N($J63)>=Params!$G$4,OR(N($G63)<=Params!$D$3,N($H63)<=Params!$E$3)),"Sporadique","Intermédiaire")))))) -> Bloqué | E63: {=XLOOKUP(A63, EQ!A:A, EQ!B:B, "")} -> 1 | F63: {=XLOOKUP(A63, RED!A:A, RED!B:B, "")} -> 0.86675824 | G63: =XLOOKUP(A63, INDIRECT("'"&G$1&"'!A:A"), INDIRECT("'"&G$1&"'!B:B"), "") -> 15 | H63: =XLOOKUP($A63, INDIRECT("'"&H$1&"'!A:A"), INDIRECT("'"&H$1&"'!B:B"), "") -> 4 | I63: =XLOOKUP($A63, INDIRECT("'"&I$1&"'!A:A"), INDIRECT("'"&I$1&"'!B:B"), "") -> 0 | J63: =XLOOKUP($A63, INDIRECT("'"&J$1&"'!A:A"), INDIRECT("'"&J$1&"'!B:B"), "") -> 0.21428571 | K63: =XLOOKUP($A63, INDIRECT("'"&K$1&"'!A:A"), INDIRECT("'"&K$1&"'!B:B"), "") -> 0 | L63: =XLOOKUP($A63, INDIRECT("'"&L$1&"'!A:A"), INDIRECT("'"&L$1&"'!B:B"), "") -> 13.066667 | M63: =XLOOKUP($A63, INDIRECT("'"&M$1&"'!A:A"), INDIRECT("'"&M$1&"'!B:B"), "") -> 31.233333 | N63: =XLOOKUP($A63, INDIRECT("'"&N$1&"'!A:A"), INDIRECT("'"&N$1&"'!B:B"), "") -> 14.266667 | O63: =XLOOKUP($A63, INDIRECT("'"&O$1&"'!A:A"), INDIRECT("'"&O$1&"'!B:B"), "") -> 60
A64: =EQ!A93 -> d87811d4a1e9ba86c382fda19de6f7d1ad04b42f8c0dceeb81cd7cafc1008ed8 | B64: {=XLOOKUP(A64, Notes!A:A, Notes!B:B, "")} -> 73.16 | C64: =IFERROR(IMAGE(VLOOKUP(A64,DriveImages!A:C,3,FALSE),4,240,520),"") | D64: =IF($A64="","",IF(AND(N($G64)<=Params!$D$2,N($H64)<=Params!$E$2),"Peu actif",IF(AND(N($I64)>=Params!$F$4,N($E64)<=Params!$B$2,N($F64)<=Params!$C$2),"Efficace",IF(AND(N($F64)>=Params!$C$4,OR(N($I64)<=Params!$F$3,N($E64)>=Params!$B$4)),"Bloqué",IF(AND(OR(N($G64)>=Params!$D$4,N($H64)>=Params!$E$4),N($I64)<=Params!$F$3),"Persévérant",IF(AND(N($J64)>=Params!$G$4,OR(N($G64)<=Params!$D$3,N($H64)<=Params!$E$3)),"Sporadique","Intermédiaire")))))) -> Intermédiaire | E64: {=XLOOKUP(A64, EQ!A:A, EQ!B:B, "")} -> 0.31818182 | F64: {=XLOOKUP(A64, RED!A:A, RED!B:B, "")} -> 0.25649351 | G64: =XLOOKUP(A64, INDIRECT("'"&G$1&"'!A:A"), INDIRECT("'"&G$1&"'!B:B"), "") -> 24 | H64: =XLOOKUP($A64, INDIRECT("'"&H$1&"'!A:A"), INDIRECT("'"&H$1&"'!B:B"), "") -> 3 | I64: =XLOOKUP($A64, INDIRECT("'"&I$1&"'!A:A"), INDIRECT("'"&I$1&"'!B:B"), "") -> 0.58333333 | J64: =XLOOKUP($A64, INDIRECT("'"&J$1&"'!A:A"), INDIRECT("'"&J$1&"'!B:B"), "") -> 0.086956522 | K64: =XLOOKUP($A64, INDIRECT("'"&K$1&"'!A:A"), INDIRECT("'"&K$1&"'!B:B"), "") -> 0.43318183 | L64: =XLOOKUP($A64, INDIRECT("'"&L$1&"'!A:A"), INDIRECT("'"&L$1&"'!B:B"), "") -> 13.15 | M64: =XLOOKUP($A64, INDIRECT("'"&M$1&"'!A:A"), INDIRECT("'"&M$1&"'!B:B"), "") -> 35.666667 | N64: =XLOOKUP($A64, INDIRECT("'"&N$1&"'!A:A"), INDIRECT("'"&N$1&"'!B:B"), "") -> 9.75 | O64: =XLOOKUP($A64, INDIRECT("'"&O$1&"'!A:A"), INDIRECT("'"&O$1&"'!B:B"), "") -> 14.583333
A65: =EQ!A65 -> 95944dae06f4e15b8e63e41064092bc51db9f568df5abcdb866112b0a58a759a | B65: {=XLOOKUP(A65, Notes!A:A, Notes!B:B, "")} -> 82.53 | C65: =IFERROR(IMAGE(VLOOKUP(A65,DriveImages!A:C,3,FALSE),4,240,520),"") | D65: =IF($A65="","",IF(AND(N($G65)<=Params!$D$2,N($H65)<=Params!$E$2),"Peu actif",IF(AND(N($I65)>=Params!$F$4,N($E65)<=Params!$B$2,N($F65)<=Params!$C$2),"Efficace",IF(AND(N($F65)>=Params!$C$4,OR(N($I65)<=Params!$F$3,N($E65)>=Params!$B$4)),"Bloqué",IF(AND(OR(N($G65)>=Params!$D$4,N($H65)>=Params!$E$4),N($I65)<=Params!$F$3),"Persévérant",IF(AND(N($J65)>=Params!$G$4,OR(N($G65)<=Params!$D$3,N($H65)<=Params!$E$3)),"Sporadique","Intermédiaire")))))) -> Efficace | E65: {=XLOOKUP(A65, EQ!A:A, EQ!B:B, "")} -> 0 | F65: {=XLOOKUP(A65, RED!A:A, RED!B:B, "")} -> 0 | G65: =XLOOKUP(A65, INDIRECT("'"&G$1&"'!A:A"), INDIRECT("'"&G$1&"'!B:B"), "") -> 6 | H65: =XLOOKUP($A65, INDIRECT("'"&H$1&"'!A:A"), INDIRECT("'"&H$1&"'!B:B"), "") -> 1 | I65: =XLOOKUP($A65, INDIRECT("'"&I$1&"'!A:A"), INDIRECT("'"&I$1&"'!B:B"), "") -> 0.83333333 | J65: =XLOOKUP($A65, INDIRECT("'"&J$1&"'!A:A"), INDIRECT("'"&J$1&"'!B:B"), "") -> 0 | K65: =XLOOKUP($A65, INDIRECT("'"&K$1&"'!A:A"), INDIRECT("'"&K$1&"'!B:B"), "") -> 0.83333333 | L65: =XLOOKUP($A65, INDIRECT("'"&L$1&"'!A:A"), INDIRECT("'"&L$1&"'!B:B"), "") -> 13.166667 | M65: =XLOOKUP($A65, INDIRECT("'"&M$1&"'!A:A"), INDIRECT("'"&M$1&"'!B:B"), "") -> 0.91666667 | N65: =XLOOKUP($A65, INDIRECT("'"&N$1&"'!A:A"), INDIRECT("'"&N$1&"'!B:B"), "") -> 44.483333 | O65: =XLOOKUP($A65, INDIRECT("'"&O$1&"'!A:A"), INDIRECT("'"&O$1&"'!B:B"), "") -> 0.21666667
A66: =EQ!A100 -> ea47fdcc277117bd663900f36ab09bad41ea1af083ccbc63647b5838e1056ebc | B66: {=XLOOKUP(A66, Notes!A:A, Notes!B:B, "")} -> 83.25 | C66: =IFERROR(IMAGE(VLOOKUP(A66,DriveImages!A:C,3,FALSE),4,240,520),"") | D66: =IF($A66="","",IF(AND(N($G66)<=Params!$D$2,N($H66)<=Params!$E$2),"Peu actif",IF(AND(N($I66)>=Params!$F$4,N($E66)<=Params!$B$2,N($F66)<=Params!$C$2),"Efficace",IF(AND(N($F66)>=Params!$C$4,OR(N($I66)<=Params!$F$3,N($E66)>=Params!$B$4)),"Bloqué",IF(AND(OR(N($G66)>=Params!$D$4,N($H66)>=Params!$E$4),N($I66)<=Params!$F$3),"Persévérant",IF(AND(N($J66)>=Params!$G$4,OR(N($G66)<=Params!$D$3,N($H66)<=Params!$E$3)),"Sporadique","Intermédiaire")))))) -> Efficace | E66: {=XLOOKUP(A66, EQ!A:A, EQ!B:B, "")} -> 0 | F66: {=XLOOKUP(A66, RED!A:A, RED!B:B, "")} -> 0 | G66: =XLOOKUP(A66, INDIRECT("'"&G$1&"'!A:A"), INDIRECT("'"&G$1&"'!B:B"), "") -> 19 | H66: =XLOOKUP($A66, INDIRECT("'"&H$1&"'!A:A"), INDIRECT("'"&H$1&"'!B:B"), "") -> 1 | I66: =XLOOKUP($A66, INDIRECT("'"&I$1&"'!A:A"), INDIRECT("'"&I$1&"'!B:B"), "") -> 0.84210526 | J66: =XLOOKUP($A66, INDIRECT("'"&J$1&"'!A:A"), INDIRECT("'"&J$1&"'!B:B"), "") -> 0 | K66: =XLOOKUP($A66, INDIRECT("'"&K$1&"'!A:A"), INDIRECT("'"&K$1&"'!B:B"), "") -> 0.77161658 | L66: =XLOOKUP($A66, INDIRECT("'"&L$1&"'!A:A"), INDIRECT("'"&L$1&"'!B:B"), "") -> 13.2 | M66: =XLOOKUP($A66, INDIRECT("'"&M$1&"'!A:A"), INDIRECT("'"&M$1&"'!B:B"), "") -> 33.25 | N66: =XLOOKUP($A66, INDIRECT("'"&N$1&"'!A:A"), INDIRECT("'"&N$1&"'!B:B"), "") -> 12.116667 | O66: =XLOOKUP($A66, INDIRECT("'"&O$1&"'!A:A"), INDIRECT("'"&O$1&"'!B:B"), "") -> 0
A67: =EQ!A81 -> bfe01fd74f4a333b18002bc2d02ce800bee2e244cc59a5156ca3fcc5a0cdce00 | B67: {=XLOOKUP(A67, Notes!A:A, Notes!B:B, "")} -> 73.25 | C67: =IFERROR(IMAGE(VLOOKUP(A67,DriveImages!A:C,3,FALSE),4,240,520),"") | D67: =IF($A67="","",IF(AND(N($G67)<=Params!$D$2,N($H67)<=Params!$E$2),"Peu actif",IF(AND(N($I67)>=Params!$F$4,N($E67)<=Params!$B$2,N($F67)<=Params!$C$2),"Efficace",IF(AND(N($F67)>=Params!$C$4,OR(N($I67)<=Params!$F$3,N($E67)>=Params!$B$4)),"Bloqué",IF(AND(OR(N($G67)>=Params!$D$4,N($H67)>=Params!$E$4),N($I67)<=Params!$F$3),"Persévérant",IF(AND(N($J67)>=Params!$G$4,OR(N($G67)<=Params!$D$3,N($H67)<=Params!$E$3)),"Sporadique","Intermédiaire")))))) -> Intermédiaire | E67: {=XLOOKUP(A67, EQ!A:A, EQ!B:B, "")} -> 0.4 | F67: {=XLOOKUP(A67, RED!A:A, RED!B:B, "")} -> 0.26666667 | G67: =XLOOKUP(A67, INDIRECT("'"&G$1&"'!A:A"), INDIRECT("'"&G$1&"'!B:B"), "") -> 6 | H67: =XLOOKUP($A67, INDIRECT("'"&H$1&"'!A:A"), INDIRECT("'"&H$1&"'!B:B"), "") -> 1 | I67: =XLOOKUP($A67, INDIRECT("'"&I$1&"'!A:A"), INDIRECT("'"&I$1&"'!B:B"), "") -> 0.5 | J67: =XLOOKUP($A67, INDIRECT("'"&J$1&"'!A:A"), INDIRECT("'"&J$1&"'!B:B"), "") -> 0 | K67: =XLOOKUP($A67, INDIRECT("'"&K$1&"'!A:A"), INDIRECT("'"&K$1&"'!B:B"), "") -> 0.26 | L67: =XLOOKUP($A67, INDIRECT("'"&L$1&"'!A:A"), INDIRECT("'"&L$1&"'!B:B"), "") -> 13.416667 | M67: =XLOOKUP($A67, INDIRECT("'"&M$1&"'!A:A"), INDIRECT("'"&M$1&"'!B:B"), "") -> 5.9333333 | N67: =XLOOKUP($A67, INDIRECT("'"&N$1&"'!A:A"), INDIRECT("'"&N$1&"'!B:B"), "") -> 39.216667 | O67: =XLOOKUP($A67, INDIRECT("'"&O$1&"'!A:A"), INDIRECT("'"&O$1&"'!B:B"), "") -> 5.9333333
A68: =EQ!A20 -> 345dad5114b3cd453211fb2463b2677b927fb8bed5528f041e0451dfd0f2dca2 | B68: {=XLOOKUP(A68, Notes!A:A, Notes!B:B, "")} -> 64.44 | C68: =IFERROR(IMAGE(VLOOKUP(A68,DriveImages!A:C,3,FALSE),4,240,520),"") | D68: =IF($A68="","",IF(AND(N($G68)<=Params!$D$2,N($H68)<=Params!$E$2),"Peu actif",IF(AND(N($I68)>=Params!$F$4,N($E68)<=Params!$B$2,N($F68)<=Params!$C$2),"Efficace",IF(AND(N($F68)>=Params!$C$4,OR(N($I68)<=Params!$F$3,N($E68)>=Params!$B$4)),"Bloqué",IF(AND(OR(N($G68)>=Params!$D$4,N($H68)>=Params!$E$4),N($I68)<=Params!$F$3),"Persévérant",IF(AND(N($J68)>=Params!$G$4,OR(N($G68)<=Params!$D$3,N($H68)<=Params!$E$3)),"Sporadique","Intermédiaire")))))) -> Intermédiaire | E68: {=XLOOKUP(A68, EQ!A:A, EQ!B:B, "")} -> 0.26086957 | F68: {=XLOOKUP(A68, RED!A:A, RED!B:B, "")} -> 0.20289855 | G68: =XLOOKUP(A68, INDIRECT("'"&G$1&"'!A:A"), INDIRECT("'"&G$1&"'!B:B"), "") -> 26 | H68: =XLOOKUP($A68, INDIRECT("'"&H$1&"'!A:A"), INDIRECT("'"&H$1&"'!B:B"), "") -> 3 | I68: =XLOOKUP($A68, INDIRECT("'"&I$1&"'!A:A"), INDIRECT("'"&I$1&"'!B:B"), "") -> 0.57692308 | J68: =XLOOKUP($A68, INDIRECT("'"&J$1&"'!A:A"), INDIRECT("'"&J$1&"'!B:B"), "") -> 0.08 | K68: =XLOOKUP($A68, INDIRECT("'"&K$1&"'!A:A"), INDIRECT("'"&K$1&"'!B:B"), "") -> 0.28227772 | L68: =XLOOKUP($A68, INDIRECT("'"&L$1&"'!A:A"), INDIRECT("'"&L$1&"'!B:B"), "") -> 13.5 | M68: =XLOOKUP($A68, INDIRECT("'"&M$1&"'!A:A"), INDIRECT("'"&M$1&"'!B:B"), "") -> 37.9 | N68: =XLOOKUP($A68, INDIRECT("'"&N$1&"'!A:A"), INDIRECT("'"&N$1&"'!B:B"), "") -> 7.1666667 | O68: =XLOOKUP($A68, INDIRECT("'"&O$1&"'!A:A"), INDIRECT("'"&O$1&"'!B:B"), "") -> 5.2
A69: =EQ!A12 -> 22d436278c2d2678362e2b3102b5bfa9227eecad30f599801b730e0cc7acd1c6 | B69: {=XLOOKUP(A69, Notes!A:A, Notes!B:B, "")} -> 67.1 | C69: =IFERROR(IMAGE(VLOOKUP(A69,DriveImages!A:C,3,FALSE),4,240,520),"") | D69: =IF($A69="","",IF(AND(N($G69)<=Params!$D$2,N($H69)<=Params!$E$2),"Peu actif",IF(AND(N($I69)>=Params!$F$4,N($E69)<=Params!$B$2,N($F69)<=Params!$C$2),"Efficace",IF(AND(N($F69)>=Params!$C$4,OR(N($I69)<=Params!$F$3,N($E69)>=Params!$B$4)),"Bloqué",IF(AND(OR(N($G69)>=Params!$D$4,N($H69)>=Params!$E$4),N($I69)<=Params!$F$3),"Persévérant",IF(AND(N($J69)>=Params!$G$4,OR(N($G69)<=Params!$D$3,N($H69)<=Params!$E$3)),"Sporadique","Intermédiaire")))))) -> Intermédiaire | E69: {=XLOOKUP(A69, EQ!A:A, EQ!B:B, "")} -> 0.14285714 | F69: {=XLOOKUP(A69, RED!A:A, RED!B:B, "")} -> 0.07142857 | G69: =XLOOKUP(A69, INDIRECT("'"&G$1&"'!A:A"), INDIRECT("'"&G$1&"'!B:B"), "") -> 13 | H69: =XLOOKUP($A69, INDIRECT("'"&H$1&"'!A:A"), INDIRECT("'"&H$1&"'!B:B"), "") -> 5 | I69: =XLOOKUP($A69, INDIRECT("'"&I$1&"'!A:A"), INDIRECT("'"&I$1&"'!B:B"), "") -> 0.76923077 | J69: =XLOOKUP($A69, INDIRECT("'"&J$1&"'!A:A"), INDIRECT("'"&J$1&"'!B:B"), "") -> 0.33333333 | K69: =XLOOKUP($A69, INDIRECT("'"&K$1&"'!A:A"), INDIRECT("'"&K$1&"'!B:B"), "") -> 0.67445054 | L69: =XLOOKUP($A69, INDIRECT("'"&L$1&"'!A:A"), INDIRECT("'"&L$1&"'!B:B"), "") -> 13.633333 | M69: =XLOOKUP($A69, INDIRECT("'"&M$1&"'!A:A"), INDIRECT("'"&M$1&"'!B:B"), "") -> 35.616667 | N69: =XLOOKUP($A69, INDIRECT("'"&N$1&"'!A:A"), INDIRECT("'"&N$1&"'!B:B"), "") -> 9.3166667 | O69: =XLOOKUP($A69, INDIRECT("'"&O$1&"'!A:A"), INDIRECT("'"&O$1&"'!B:B"), "") -> 0.56666667
A70: =EQ!A16 -> 2a9dda5adde456cb4c1ec3735fde1d4591c3b0780ef3d82b8c7fed613382e82f | B70: {=XLOOKUP(A70, Notes!A:A, Notes!B:B, "")} -> 77.44 | C70: =IFERROR(IMAGE(VLOOKUP(A70,DriveImages!A:C,3,FALSE),4,240,520),"") | D70: =IF($A70="","",IF(AND(N($G70)<=Params!$D$2,N($H70)<=Params!$E$2),"Peu actif",IF(AND(N($I70)>=Params!$F$4,N($E70)<=Params!$B$2,N($F70)<=Params!$C$2),"Efficace",IF(AND(N($F70)>=Params!$C$4,OR(N($I70)<=Params!$F$3,N($E70)>=Params!$B$4)),"Bloqué",IF(AND(OR(N($G70)>=Params!$D$4,N($H70)>=Params!$E$4),N($I70)<=Params!$F$3),"Persévérant",IF(AND(N($J70)>=Params!$G$4,OR(N($G70)<=Params!$D$3,N($H70)<=Params!$E$3)),"Sporadique","Intermédiaire")))))) -> Intermédiaire | E70: {=XLOOKUP(A70, EQ!A:A, EQ!B:B, "")} -> 0.375 | F70: {=XLOOKUP(A70, RED!A:A, RED!B:B, "")} -> 0.28125 | G70: =XLOOKUP(A70, INDIRECT("'"&G$1&"'!A:A"), INDIRECT("'"&G$1&"'!B:B"), "") -> 17 | H70: =XLOOKUP($A70, INDIRECT("'"&H$1&"'!A:A"), INDIRECT("'"&H$1&"'!B:B"), "") -> 1 | I70: =XLOOKUP($A70, INDIRECT("'"&I$1&"'!A:A"), INDIRECT("'"&I$1&"'!B:B"), "") -> 0.70588235 | J70: =XLOOKUP($A70, INDIRECT("'"&J$1&"'!A:A"), INDIRECT("'"&J$1&"'!B:B"), "") -> 0 | K70: =XLOOKUP($A70, INDIRECT("'"&K$1&"'!A:A"), INDIRECT("'"&K$1&"'!B:B"), "") -> 0.66666671 | L70: =XLOOKUP($A70, INDIRECT("'"&L$1&"'!A:A"), INDIRECT("'"&L$1&"'!B:B"), "") -> 13.666667 | M70: =XLOOKUP($A70, INDIRECT("'"&M$1&"'!A:A"), INDIRECT("'"&M$1&"'!B:B"), "") -> 36.183333 | N70: =XLOOKUP($A70, INDIRECT("'"&N$1&"'!A:A"), INDIRECT("'"&N$1&"'!B:B"), "") -> 8.7166667 | O70: =XLOOKUP($A70, INDIRECT("'"&O$1&"'!A:A"), INDIRECT("'"&O$1&"'!B:B"), "") -> 7.3166667
A71: =EQ!A71 -> aa3e744d9ea1bfef5bac5c29b695be41bbe453b6bf59bb5ff04d04fe3ddb9b7e | B71: {=XLOOKUP(A71, Notes!A:A, Notes!B:B, "")} -> 76.25 | C71: =IFERROR(IMAGE(VLOOKUP(A71,DriveImages!A:C,3,FALSE),4,240,520),"") | D71: =IF($A71="","",IF(AND(N($G71)<=Params!$D$2,N($H71)<=Params!$E$2),"Peu actif",IF(AND(N($I71)>=Params!$F$4,N($E71)<=Params!$B$2,N($F71)<=Params!$C$2),"Efficace",IF(AND(N($F71)>=Params!$C$4,OR(N($I71)<=Params!$F$3,N($E71)>=Params!$B$4)),"Bloqué",IF(AND(OR(N($G71)>=Params!$D$4,N($H71)>=Params!$E$4),N($I71)<=Params!$F$3),"Persévérant",IF(AND(N($J71)>=Params!$G$4,OR(N($G71)<=Params!$D$3,N($H71)<=Params!$E$3)),"Sporadique","Intermédiaire")))))) -> Intermédiaire | E71: {=XLOOKUP(A71, EQ!A:A, EQ!B:B, "")} -> 0.26315789 | F71: {=XLOOKUP(A71, RED!A:A, RED!B:B, "")} -> 0.19473684 | G71: =XLOOKUP(A71, INDIRECT("'"&G$1&"'!A:A"), INDIRECT("'"&G$1&"'!B:B"), "") -> 23 | H71: =XLOOKUP($A71, INDIRECT("'"&H$1&"'!A:A"), INDIRECT("'"&H$1&"'!B:B"), "") -> 4 | I71: =XLOOKUP($A71, INDIRECT("'"&I$1&"'!A:A"), INDIRECT("'"&I$1&"'!B:B"), "") -> 0.52173913 | J71: =XLOOKUP($A71, INDIRECT("'"&J$1&"'!A:A"), INDIRECT("'"&J$1&"'!B:B"), "") -> 0.13636364 | K71: =XLOOKUP($A71, INDIRECT("'"&K$1&"'!A:A"), INDIRECT("'"&K$1&"'!B:B"), "") -> 0.31991483 | L71: =XLOOKUP($A71, INDIRECT("'"&L$1&"'!A:A"), INDIRECT("'"&L$1&"'!B:B"), "") -> 13.85 | M71: =XLOOKUP($A71, INDIRECT("'"&M$1&"'!A:A"), INDIRECT("'"&M$1&"'!B:B"), "") -> 41.05 | N71: =XLOOKUP($A71, INDIRECT("'"&N$1&"'!A:A"), INDIRECT("'"&N$1&"'!B:B"), "") -> 3.6666667 | O71: =XLOOKUP($A71, INDIRECT("'"&O$1&"'!A:A"), INDIRECT("'"&O$1&"'!B:B"), "") -> 8.5333333
A72: =EQ!A99 -> e4380b18857e28837873b807b4ee2bee2e199a3536f56fb56fb5949de4c17a77 | B72: {=XLOOKUP(A72, Notes!A:A, Notes!B:B, "")} -> 66.48 | C72: =IFERROR(IMAGE(VLOOKUP(A72,DriveImages!A:C,3,FALSE),4,240,520),"") | D72: =IF($A72="","",IF(AND(N($G72)<=Params!$D$2,N($H72)<=Params!$E$2),"Peu actif",IF(AND(N($I72)>=Params!$F$4,N($E72)<=Params!$B$2,N($F72)<=Params!$C$2),"Efficace",IF(AND(N($F72)>=Params!$C$4,OR(N($I72)<=Params!$F$3,N($E72)>=Params!$B$4)),"Bloqué",IF(AND(OR(N($G72)>=Params!$D$4,N($H72)>=Params!$E$4),N($I72)<=Params!$F$3),"Persévérant",IF(AND(N($J72)>=Params!$G$4,OR(N($G72)<=Params!$D$3,N($H72)<=Params!$E$3)),"Sporadique","Intermédiaire")))))) -> Peu actif | E72: {=XLOOKUP(A72, EQ!A:A, EQ!B:B, "")} -> 0.66666667 | F72: {=XLOOKUP(A72, RED!A:A, RED!B:B, "")} -> 0.44444444 | G72: =XLOOKUP(A72, INDIRECT("'"&G$1&"'!A:A"), INDIRECT("'"&G$1&"'!B:B"), "") -> 4 | H72: =XLOOKUP($A72, INDIRECT("'"&H$1&"'!A:A"), INDIRECT("'"&H$1&"'!B:B"), "") -> 1 | I72: =XLOOKUP($A72, INDIRECT("'"&I$1&"'!A:A"), INDIRECT("'"&I$1&"'!B:B"), "") -> 0.25 | J72: =XLOOKUP($A72, INDIRECT("'"&J$1&"'!A:A"), INDIRECT("'"&J$1&"'!B:B"), "") -> 0 | K72: =XLOOKUP($A72, INDIRECT("'"&K$1&"'!A:A"), INDIRECT("'"&K$1&"'!B:B"), "") -> 0.25 | L72: =XLOOKUP($A72, INDIRECT("'"&L$1&"'!A:A"), INDIRECT("'"&L$1&"'!B:B"), "") -> 13.95 | M72: =XLOOKUP($A72, INDIRECT("'"&M$1&"'!A:A"), INDIRECT("'"&M$1&"'!B:B"), "") -> 1.9166667 | N72: =XLOOKUP($A72, INDIRECT("'"&N$1&"'!A:A"), INDIRECT("'"&N$1&"'!B:B"), "") -> 42.7 | O72: =XLOOKUP($A72, INDIRECT("'"&O$1&"'!A:A"), INDIRECT("'"&O$1&"'!B:B"), "") -> 1.9166667
A73: =EQ!A86 -> cbdbb864a7b15c5903aa09adff018a3d184f25c250b86926a5bc3fd9d9169037 | B73: {=XLOOKUP(A73, Notes!A:A, Notes!B:B, "")} -> 0 | C73: =IFERROR(IMAGE(VLOOKUP(A73,DriveImages!A:C,3,FALSE),4,240,520),"") | D73: =IF($A73="","",IF(AND(N($G73)<=Params!$D$2,N($H73)<=Params!$E$2),"Peu actif",IF(AND(N($I73)>=Params!$F$4,N($E73)<=Params!$B$2,N($F73)<=Params!$C$2),"Efficace",IF(AND(N($F73)>=Params!$C$4,OR(N($I73)<=Params!$F$3,N($E73)>=Params!$B$4)),"Bloqué",IF(AND(OR(N($G73)>=Params!$D$4,N($H73)>=Params!$E$4),N($I73)<=Params!$F$3),"Persévérant",IF(AND(N($J73)>=Params!$G$4,OR(N($G73)<=Params!$D$3,N($H73)<=Params!$E$3)),"Sporadique","Intermédiaire")))))) -> Intermédiaire | E73: {=XLOOKUP(A73, EQ!A:A, EQ!B:B, "")} -> 0.25 | F73: {=XLOOKUP(A73, RED!A:A, RED!B:B, "")} -> 0.125 | G73: =XLOOKUP(A73, INDIRECT("'"&G$1&"'!A:A"), INDIRECT("'"&G$1&"'!B:B"), "") -> 14 | H73: =XLOOKUP($A73, INDIRECT("'"&H$1&"'!A:A"), INDIRECT("'"&H$1&"'!B:B"), "") -> 1 | I73: =XLOOKUP($A73, INDIRECT("'"&I$1&"'!A:A"), INDIRECT("'"&I$1&"'!B:B"), "") -> 0.85714286 | J73: =XLOOKUP($A73, INDIRECT("'"&J$1&"'!A:A"), INDIRECT("'"&J$1&"'!B:B"), "") -> 0 | K73: =XLOOKUP($A73, INDIRECT("'"&K$1&"'!A:A"), INDIRECT("'"&K$1&"'!B:B"), "") -> 0.83392486 | L73: =XLOOKUP($A73, INDIRECT("'"&L$1&"'!A:A"), INDIRECT("'"&L$1&"'!B:B"), "") -> 13.983333 | M73: =XLOOKUP($A73, INDIRECT("'"&M$1&"'!A:A"), INDIRECT("'"&M$1&"'!B:B"), "") -> 18.333333 | N73: =XLOOKUP($A73, INDIRECT("'"&N$1&"'!A:A"), INDIRECT("'"&N$1&"'!B:B"), "") -> 26.25 | O73: =XLOOKUP($A73, INDIRECT("'"&O$1&"'!A:A"), INDIRECT("'"&O$1&"'!B:B"), "") -> 0.3
A74: =EQ!A24 -> 4082ac64b81101cbebcabd3b8b597bf7966896898674d507e118e3c0367ac800 | B74: {=XLOOKUP(A74, Notes!A:A, Notes!B:B, "")} -> 41.55 | C74: =IFERROR(IMAGE(VLOOKUP(A74,DriveImages!A:C,3,FALSE),4,240,520),"") | D74: =IF($A74="","",IF(AND(N($G74)<=Params!$D$2,N($H74)<=Params!$E$2),"Peu actif",IF(AND(N($I74)>=Params!$F$4,N($E74)<=Params!$B$2,N($F74)<=Params!$C$2),"Efficace",IF(AND(N($F74)>=Params!$C$4,OR(N($I74)<=Params!$F$3,N($E74)>=Params!$B$4)),"Bloqué",IF(AND(OR(N($G74)>=Params!$D$4,N($H74)>=Params!$E$4),N($I74)<=Params!$F$3),"Persévérant",IF(AND(N($J74)>=Params!$G$4,OR(N($G74)<=Params!$D$3,N($H74)<=Params!$E$3)),"Sporadique","Intermédiaire")))))) -> Peu actif | E74: {=XLOOKUP(A74, EQ!A:A, EQ!B:B, "")} -> 1 | F74: {=XLOOKUP(A74, RED!A:A, RED!B:B, "")} -> 0.8 | G74: =XLOOKUP(A74, INDIRECT("'"&G$1&"'!A:A"), INDIRECT("'"&G$1&"'!B:B"), "") -> 5 | H74: =XLOOKUP($A74, INDIRECT("'"&H$1&"'!A:A"), INDIRECT("'"&H$1&"'!B:B"), "") -> 1 | I74: =XLOOKUP($A74, INDIRECT("'"&I$1&"'!A:A"), INDIRECT("'"&I$1&"'!B:B"), "") -> 0 | J74: =XLOOKUP($A74, INDIRECT("'"&J$1&"'!A:A"), INDIRECT("'"&J$1&"'!B:B"), "") -> 0 | K74: =XLOOKUP($A74, INDIRECT("'"&K$1&"'!A:A"), INDIRECT("'"&K$1&"'!B:B"), "") -> 0 | L74: =XLOOKUP($A74, INDIRECT("'"&L$1&"'!A:A"), INDIRECT("'"&L$1&"'!B:B"), "") -> 14.016667 | M74: =XLOOKUP($A74, INDIRECT("'"&M$1&"'!A:A"), INDIRECT("'"&M$1&"'!B:B"), "") -> 0.41666667 | N74: =XLOOKUP($A74, INDIRECT("'"&N$1&"'!A:A"), INDIRECT("'"&N$1&"'!B:B"), "") -> 44.133333 | O74: =XLOOKUP($A74, INDIRECT("'"&O$1&"'!A:A"), INDIRECT("'"&O$1&"'!B:B"), "") -> 60
A75: =EQ!A103 -> f1adcb66d665ecba393da1490aca01e322bebd658ae2ef41aadee9ec7106def2 | B75: {=XLOOKUP(A75, Notes!A:A, Notes!B:B, "")} -> 93.16 | C75: =IFERROR(IMAGE(VLOOKUP(A75,DriveImages!A:C,3,FALSE),4,240,520),"") | D75: =IF($A75="","",IF(AND(N($G75)<=Params!$D$2,N($H75)<=Params!$E$2),"Peu actif",IF(AND(N($I75)>=Params!$F$4,N($E75)<=Params!$B$2,N($F75)<=Params!$C$2),"Efficace",IF(AND(N($F75)>=Params!$C$4,OR(N($I75)<=Params!$F$3,N($E75)>=Params!$B$4)),"Bloqué",IF(AND(OR(N($G75)>=Params!$D$4,N($H75)>=Params!$E$4),N($I75)<=Params!$F$3),"Persévérant",IF(AND(N($J75)>=Params!$G$4,OR(N($G75)<=Params!$D$3,N($H75)<=Params!$E$3)),"Sporadique","Intermédiaire")))))) -> Efficace | E75: {=XLOOKUP(A75, EQ!A:A, EQ!B:B, "")} -> 0 | F75: {=XLOOKUP(A75, RED!A:A, RED!B:B, "")} -> 0 | G75: =XLOOKUP(A75, INDIRECT("'"&G$1&"'!A:A"), INDIRECT("'"&G$1&"'!B:B"), "") -> 4 | H75: =XLOOKUP($A75, INDIRECT("'"&H$1&"'!A:A"), INDIRECT("'"&H$1&"'!B:B"), "") -> 2 | I75: =XLOOKUP($A75, INDIRECT("'"&I$1&"'!A:A"), INDIRECT("'"&I$1&"'!B:B"), "") -> 0.75 | J75: =XLOOKUP($A75, INDIRECT("'"&J$1&"'!A:A"), INDIRECT("'"&J$1&"'!B:B"), "") -> 0.33333333 | K75: =XLOOKUP($A75, INDIRECT("'"&K$1&"'!A:A"), INDIRECT("'"&K$1&"'!B:B"), "") -> 0.659091 | L75: =XLOOKUP($A75, INDIRECT("'"&L$1&"'!A:A"), INDIRECT("'"&L$1&"'!B:B"), "") -> 14.1 | M75: =XLOOKUP($A75, INDIRECT("'"&M$1&"'!A:A"), INDIRECT("'"&M$1&"'!B:B"), "") -> 9.9666667 | N75: =XLOOKUP($A75, INDIRECT("'"&N$1&"'!A:A"), INDIRECT("'"&N$1&"'!B:B"), "") -> 34.5 | O75: =XLOOKUP($A75, INDIRECT("'"&O$1&"'!A:A"), INDIRECT("'"&O$1&"'!B:B"), "") -> 9.9666667
A76: =EQ!A47 -> 7026047c5e9f18234ed92d0bc1518a2a4944fc2a9a0bb90628e20b2d93e7f9ae | B76: {=XLOOKUP(A76, Notes!A:A, Notes!B:B, "")} -> 63.01 | C76: =IFERROR(IMAGE(VLOOKUP(A76,DriveImages!A:C,3,FALSE),4,240,520),"") | D76: =IF($A76="","",IF(AND(N($G76)<=Params!$D$2,N($H76)<=Params!$E$2),"Peu actif",IF(AND(N($I76)>=Params!$F$4,N($E76)<=Params!$B$2,N($F76)<=Params!$C$2),"Efficace",IF(AND(N($F76)>=Params!$C$4,OR(N($I76)<=Params!$F$3,N($E76)>=Params!$B$4)),"Bloqué",IF(AND(OR(N($G76)>=Params!$D$4,N($H76)>=Params!$E$4),N($I76)<=Params!$F$3),"Persévérant",IF(AND(N($J76)>=Params!$G$4,OR(N($G76)<=Params!$D$3,N($H76)<=Params!$E$3)),"Sporadique","Intermédiaire")))))) -> Intermédiaire | E76: {=XLOOKUP(A76, EQ!A:A, EQ!B:B, "")} -> 0.57142857 | F76: {=XLOOKUP(A76, RED!A:A, RED!B:B, "")} -> 0.45714286 | G76: =XLOOKUP(A76, INDIRECT("'"&G$1&"'!A:A"), INDIRECT("'"&G$1&"'!B:B"), "") -> 9 | H76: =XLOOKUP($A76, INDIRECT("'"&H$1&"'!A:A"), INDIRECT("'"&H$1&"'!B:B"), "") -> 2 | I76: =XLOOKUP($A76, INDIRECT("'"&I$1&"'!A:A"), INDIRECT("'"&I$1&"'!B:B"), "") -> 0.44444444 | J76: =XLOOKUP($A76, INDIRECT("'"&J$1&"'!A:A"), INDIRECT("'"&J$1&"'!B:B"), "") -> 0.125 | K76: =XLOOKUP($A76, INDIRECT("'"&K$1&"'!A:A"), INDIRECT("'"&K$1&"'!B:B"), "") -> 0.15476184 | L76: =XLOOKUP($A76, INDIRECT("'"&L$1&"'!A:A"), INDIRECT("'"&L$1&"'!B:B"), "") -> 14.433333 | M76: =XLOOKUP($A76, INDIRECT("'"&M$1&"'!A:A"), INDIRECT("'"&M$1&"'!B:B"), "") -> 13.333333 | N76: =XLOOKUP($A76, INDIRECT("'"&N$1&"'!A:A"), INDIRECT("'"&N$1&"'!B:B"), "") -> 30.8 | O76: =XLOOKUP($A76, INDIRECT("'"&O$1&"'!A:A"), INDIRECT("'"&O$1&"'!B:B"), "") -> 0
A77: =EQ!A82 -> c38594bec27d288cfe5bd031cde0cff4c46de188336f74ff3f79854c88c65b00 | B77: {=XLOOKUP(A77, Notes!A:A, Notes!B:B, "")} -> 63.31 | C77: =IFERROR(IMAGE(VLOOKUP(A77,DriveImages!A:C,3,FALSE),4,240,520),"") | D77: =IF($A77="","",IF(AND(N($G77)<=Params!$D$2,N($H77)<=Params!$E$2),"Peu actif",IF(AND(N($I77)>=Params!$F$4,N($E77)<=Params!$B$2,N($F77)<=Params!$C$2),"Efficace",IF(AND(N($F77)>=Params!$C$4,OR(N($I77)<=Params!$F$3,N($E77)>=Params!$B$4)),"Bloqué",IF(AND(OR(N($G77)>=Params!$D$4,N($H77)>=Params!$E$4),N($I77)<=Params!$F$3),"Persévérant",IF(AND(N($J77)>=Params!$G$4,OR(N($G77)<=Params!$D$3,N($H77)<=Params!$E$3)),"Sporadique","Intermédiaire")))))) -> Sporadique | E77: {=XLOOKUP(A77, EQ!A:A, EQ!B:B, "")} -> 0.14285714 | F77: {=XLOOKUP(A77, RED!A:A, RED!B:B, "")} -> 0.07142857 | G77: =XLOOKUP(A77, INDIRECT("'"&G$1&"'!A:A"), INDIRECT("'"&G$1&"'!B:B"), "") -> 10 | H77: =XLOOKUP($A77, INDIRECT("'"&H$1&"'!A:A"), INDIRECT("'"&H$1&"'!B:B"), "") -> 3 | I77: =XLOOKUP($A77, INDIRECT("'"&I$1&"'!A:A"), INDIRECT("'"&I$1&"'!B:B"), "") -> 0.6 | J77: =XLOOKUP($A77, INDIRECT("'"&J$1&"'!A:A"), INDIRECT("'"&J$1&"'!B:B"), "") -> 0.22222222 | K77: =XLOOKUP($A77, INDIRECT("'"&K$1&"'!A:A"), INDIRECT("'"&K$1&"'!B:B"), "") -> 0.4647273 | L77: =XLOOKUP($A77, INDIRECT("'"&L$1&"'!A:A"), INDIRECT("'"&L$1&"'!B:B"), "") -> 14.5 | M77: =XLOOKUP($A77, INDIRECT("'"&M$1&"'!A:A"), INDIRECT("'"&M$1&"'!B:B"), "") -> 32.4 | N77: =XLOOKUP($A77, INDIRECT("'"&N$1&"'!A:A"), INDIRECT("'"&N$1&"'!B:B"), "") -> 11.666667 | O77: =XLOOKUP($A77, INDIRECT("'"&O$1&"'!A:A"), INDIRECT("'"&O$1&"'!B:B"), "") -> 1.3666667
A78: =EQ!A32 -> 4d1ccd3b1393438168aeac88ee6d753d95c33c77fcc46afa13a5415a265323c2 | B78: {=XLOOKUP(A78, Notes!A:A, Notes!B:B, "")} -> 51 | C78: =IFERROR(IMAGE(VLOOKUP(A78,DriveImages!A:C,3,FALSE),4,240,520),"") | D78: =IF($A78="","",IF(AND(N($G78)<=Params!$D$2,N($H78)<=Params!$E$2),"Peu actif",IF(AND(N($I78)>=Params!$F$4,N($E78)<=Params!$B$2,N($F78)<=Params!$C$2),"Efficace",IF(AND(N($F78)>=Params!$C$4,OR(N($I78)<=Params!$F$3,N($E78)>=Params!$B$4)),"Bloqué",IF(AND(OR(N($G78)>=Params!$D$4,N($H78)>=Params!$E$4),N($I78)<=Params!$F$3),"Persévérant",IF(AND(N($J78)>=Params!$G$4,OR(N($G78)<=Params!$D$3,N($H78)<=Params!$E$3)),"Sporadique","Intermédiaire")))))) -> Persévérant | E78: {=XLOOKUP(A78, EQ!A:A, EQ!B:B, "")} -> 0.34615385 | F78: {=XLOOKUP(A78, RED!A:A, RED!B:B, "")} -> 0.25 | G78: =XLOOKUP(A78, INDIRECT("'"&G$1&"'!A:A"), INDIRECT("'"&G$1&"'!B:B"), "") -> 27 | H78: =XLOOKUP($A78, INDIRECT("'"&H$1&"'!A:A"), INDIRECT("'"&H$1&"'!B:B"), "") -> 2 | I78: =XLOOKUP($A78, INDIRECT("'"&I$1&"'!A:A"), INDIRECT("'"&I$1&"'!B:B"), "") -> 0.40740741 | J78: =XLOOKUP($A78, INDIRECT("'"&J$1&"'!A:A"), INDIRECT("'"&J$1&"'!B:B"), "") -> 0.038461538 | K78: =XLOOKUP($A78, INDIRECT("'"&K$1&"'!A:A"), INDIRECT("'"&K$1&"'!B:B"), "") -> 0.2323233 | L78: =XLOOKUP($A78, INDIRECT("'"&L$1&"'!A:A"), INDIRECT("'"&L$1&"'!B:B"), "") -> 14.516667 | M78: =XLOOKUP($A78, INDIRECT("'"&M$1&"'!A:A"), INDIRECT("'"&M$1&"'!B:B"), "") -> 31.366667 | N78: =XLOOKUP($A78, INDIRECT("'"&N$1&"'!A:A"), INDIRECT("'"&N$1&"'!B:B"), "") -> 12.683333 | O78: =XLOOKUP($A78, INDIRECT("'"&O$1&"'!A:A"), INDIRECT("'"&O$1&"'!B:B"), "") -> 31.366667
A79: =EQ!A97 -> de14d69ecb05cea275dcf6a7cb707626315f3e81931958d7d7b15131368cf4d6 | B79: {=XLOOKUP(A79, Notes!A:A, Notes!B:B, "")} -> 57.33 | C79: =IFERROR(IMAGE(VLOOKUP(A79,DriveImages!A:C,3,FALSE),4,240,520),"") | D79: =IF($A79="","",IF(AND(N($G79)<=Params!$D$2,N($H79)<=Params!$E$2),"Peu actif",IF(AND(N($I79)>=Params!$F$4,N($E79)<=Params!$B$2,N($F79)<=Params!$C$2),"Efficace",IF(AND(N($F79)>=Params!$C$4,OR(N($I79)<=Params!$F$3,N($E79)>=Params!$B$4)),"Bloqué",IF(AND(OR(N($G79)>=Params!$D$4,N($H79)>=Params!$E$4),N($I79)<=Params!$F$3),"Persévérant",IF(AND(N($J79)>=Params!$G$4,OR(N($G79)<=Params!$D$3,N($H79)<=Params!$E$3)),"Sporadique","Intermédiaire")))))) -> Sporadique | E79: {=XLOOKUP(A79, EQ!A:A, EQ!B:B, "")} -> 0 | F79: {=XLOOKUP(A79, RED!A:A, RED!B:B, "")} -> 0 | G79: =XLOOKUP(A79, INDIRECT("'"&G$1&"'!A:A"), INDIRECT("'"&G$1&"'!B:B"), "") -> 9 | H79: =XLOOKUP($A79, INDIRECT("'"&H$1&"'!A:A"), INDIRECT("'"&H$1&"'!B:B"), "") -> 3 | I79: =XLOOKUP($A79, INDIRECT("'"&I$1&"'!A:A"), INDIRECT("'"&I$1&"'!B:B"), "") -> 0.55555556 | J79: =XLOOKUP($A79, INDIRECT("'"&J$1&"'!A:A"), INDIRECT("'"&J$1&"'!B:B"), "") -> 0.25 | K79: =XLOOKUP($A79, INDIRECT("'"&K$1&"'!A:A"), INDIRECT("'"&K$1&"'!B:B"), "") -> 0.50448578 | L79: =XLOOKUP($A79, INDIRECT("'"&L$1&"'!A:A"), INDIRECT("'"&L$1&"'!B:B"), "") -> 15.333333 | M79: =XLOOKUP($A79, INDIRECT("'"&M$1&"'!A:A"), INDIRECT("'"&M$1&"'!B:B"), "") -> 35.666667 | N79: =XLOOKUP($A79, INDIRECT("'"&N$1&"'!A:A"), INDIRECT("'"&N$1&"'!B:B"), "") -> 7.5666667 | O79: =XLOOKUP($A79, INDIRECT("'"&O$1&"'!A:A"), INDIRECT("'"&O$1&"'!B:B"), "") -> 27.883333
A80: =EQ!A104 -> f421319a6d338f4c75d9ce493c2ab35aa31da5115a045fb9149446903d5f1141 | B80: {=XLOOKUP(A80, Notes!A:A, Notes!B:B, "")} -> 72.98 | C80: =IFERROR(IMAGE(VLOOKUP(A80,DriveImages!A:C,3,FALSE),4,240,520),"") | D80: =IF($A80="","",IF(AND(N($G80)<=Params!$D$2,N($H80)<=Params!$E$2),"Peu actif",IF(AND(N($I80)>=Params!$F$4,N($E80)<=Params!$B$2,N($F80)<=Params!$C$2),"Efficace",IF(AND(N($F80)>=Params!$C$4,OR(N($I80)<=Params!$F$3,N($E80)>=Params!$B$4)),"Bloqué",IF(AND(OR(N($G80)>=Params!$D$4,N($H80)>=Params!$E$4),N($I80)<=Params!$F$3),"Persévérant",IF(AND(N($J80)>=Params!$G$4,OR(N($G80)<=Params!$D$3,N($H80)<=Params!$E$3)),"Sporadique","Intermédiaire")))))) -> Intermédiaire | E80: {=XLOOKUP(A80, EQ!A:A, EQ!B:B, "")} -> 0.4 | F80: {=XLOOKUP(A80, RED!A:A, RED!B:B, "")} -> 0.26666667 | G80: =XLOOKUP(A80, INDIRECT("'"&G$1&"'!A:A"), INDIRECT("'"&G$1&"'!B:B"), "") -> 14 | H80: =XLOOKUP($A80, INDIRECT("'"&H$1&"'!A:A"), INDIRECT("'"&H$1&"'!B:B"), "") -> 2 | I80: =XLOOKUP($A80, INDIRECT("'"&I$1&"'!A:A"), INDIRECT("'"&I$1&"'!B:B"), "") -> 0.64285714 | J80: =XLOOKUP($A80, INDIRECT("'"&J$1&"'!A:A"), INDIRECT("'"&J$1&"'!B:B"), "") -> 0.076923077 | K80: =XLOOKUP($A80, INDIRECT("'"&K$1&"'!A:A"), INDIRECT("'"&K$1&"'!B:B"), "") -> 0.622449 | L80: =XLOOKUP($A80, INDIRECT("'"&L$1&"'!A:A"), INDIRECT("'"&L$1&"'!B:B"), "") -> 15.466667 | M80: =XLOOKUP($A80, INDIRECT("'"&M$1&"'!A:A"), INDIRECT("'"&M$1&"'!B:B"), "") -> 36.283333 | N80: =XLOOKUP($A80, INDIRECT("'"&N$1&"'!A:A"), INDIRECT("'"&N$1&"'!B:B"), "") -> 6.8166667 | O80: =XLOOKUP($A80, INDIRECT("'"&O$1&"'!A:A"), INDIRECT("'"&O$1&"'!B:B"), "") -> 1.2333333
A81: =EQ!A96 -> db2e162c7c1734ed5a58abc1706b9efbbdadbd2ba5f77bea6911a1aabd5e0831 | B81: {=XLOOKUP(A81, Notes!A:A, Notes!B:B, "")} -> 66 | C81: =IFERROR(IMAGE(VLOOKUP(A81,DriveImages!A:C,3,FALSE),4,240,520),"") | D81: =IF($A81="","",IF(AND(N($G81)<=Params!$D$2,N($H81)<=Params!$E$2),"Peu actif",IF(AND(N($I81)>=Params!$F$4,N($E81)<=Params!$B$2,N($F81)<=Params!$C$2),"Efficace",IF(AND(N($F81)>=Params!$C$4,OR(N($I81)<=Params!$F$3,N($E81)>=Params!$B$4)),"Bloqué",IF(AND(OR(N($G81)>=Params!$D$4,N($H81)>=Params!$E$4),N($I81)<=Params!$F$3),"Persévérant",IF(AND(N($J81)>=Params!$G$4,OR(N($G81)<=Params!$D$3,N($H81)<=Params!$E$3)),"Sporadique","Intermédiaire")))))) -> Bloqué | E81: {=XLOOKUP(A81, EQ!A:A, EQ!B:B, "")} -> 0.86666667 | F81: {=XLOOKUP(A81, RED!A:A, RED!B:B, "")} -> 0.78175439 | G81: =XLOOKUP(A81, INDIRECT("'"&G$1&"'!A:A"), INDIRECT("'"&G$1&"'!B:B"), "") -> 31 | H81: =XLOOKUP($A81, INDIRECT("'"&H$1&"'!A:A"), INDIRECT("'"&H$1&"'!B:B"), "") -> 4 | I81: =XLOOKUP($A81, INDIRECT("'"&I$1&"'!A:A"), INDIRECT("'"&I$1&"'!B:B"), "") -> 0.064516129 | J81: =XLOOKUP($A81, INDIRECT("'"&J$1&"'!A:A"), INDIRECT("'"&J$1&"'!B:B"), "") -> 0.1 | K81: =XLOOKUP($A81, INDIRECT("'"&K$1&"'!A:A"), INDIRECT("'"&K$1&"'!B:B"), "") -> 0.04488077 | L81: =XLOOKUP($A81, INDIRECT("'"&L$1&"'!A:A"), INDIRECT("'"&L$1&"'!B:B"), "") -> 15.55 | M81: =XLOOKUP($A81, INDIRECT("'"&M$1&"'!A:A"), INDIRECT("'"&M$1&"'!B:B"), "") -> 31.916667 | N81: =XLOOKUP($A81, INDIRECT("'"&N$1&"'!A:A"), INDIRECT("'"&N$1&"'!B:B"), "") -> 11.1 | O81: =XLOOKUP($A81, INDIRECT("'"&O$1&"'!A:A"), INDIRECT("'"&O$1&"'!B:B"), "") -> 60
A82: =EQ!A35 -> 570df8c7a9f77bb2889ba29eb35271e4e2340fd1709d075882800ac637643e15 | B82: {=XLOOKUP(A82, Notes!A:A, Notes!B:B, "")} -> 37.75 | C82: =IFERROR(IMAGE(VLOOKUP(A82,DriveImages!A:C,3,FALSE),4,240,520),"") | D82: =IF($A82="","",IF(AND(N($G82)<=Params!$D$2,N($H82)<=Params!$E$2),"Peu actif",IF(AND(N($I82)>=Params!$F$4,N($E82)<=Params!$B$2,N($F82)<=Params!$C$2),"Efficace",IF(AND(N($F82)>=Params!$C$4,OR(N($I82)<=Params!$F$3,N($E82)>=Params!$B$4)),"Bloqué",IF(AND(OR(N($G82)>=Params!$D$4,N($H82)>=Params!$E$4),N($I82)<=Params!$F$3),"Persévérant",IF(AND(N($J82)>=Params!$G$4,OR(N($G82)<=Params!$D$3,N($H82)<=Params!$E$3)),"Sporadique","Intermédiaire")))))) -> Peu actif | E82: {=XLOOKUP(A82, EQ!A:A, EQ!B:B, "")} -> 1 | F82: {=XLOOKUP(A82, RED!A:A, RED!B:B, "")} -> 0.75 | G82: =XLOOKUP(A82, INDIRECT("'"&G$1&"'!A:A"), INDIRECT("'"&G$1&"'!B:B"), "") -> 4 | H82: =XLOOKUP($A82, INDIRECT("'"&H$1&"'!A:A"), INDIRECT("'"&H$1&"'!B:B"), "") -> 1 | I82: =XLOOKUP($A82, INDIRECT("'"&I$1&"'!A:A"), INDIRECT("'"&I$1&"'!B:B"), "") -> 0 | J82: =XLOOKUP($A82, INDIRECT("'"&J$1&"'!A:A"), INDIRECT("'"&J$1&"'!B:B"), "") -> 0 | K82: =XLOOKUP($A82, INDIRECT("'"&K$1&"'!A:A"), INDIRECT("'"&K$1&"'!B:B"), "") -> 0 | L82: =XLOOKUP($A82, INDIRECT("'"&L$1&"'!A:A"), INDIRECT("'"&L$1&"'!B:B"), "") -> 15.733333 | M82: =XLOOKUP($A82, INDIRECT("'"&M$1&"'!A:A"), INDIRECT("'"&M$1&"'!B:B"), "") -> 2.4 | N82: =XLOOKUP($A82, INDIRECT("'"&N$1&"'!A:A"), INDIRECT("'"&N$1&"'!B:B"), "") -> 40.433333 | O82: =XLOOKUP($A82, INDIRECT("'"&O$1&"'!A:A"), INDIRECT("'"&O$1&"'!B:B"), "") -> 60
A83: =EQ!A87 -> cec0a384f41fb2446aff0043657c7e32479dd58e701084dde0bcc28f161aa2b1 | B83: {=XLOOKUP(A83, Notes!A:A, Notes!B:B, "")} -> 0 | C83: =IFERROR(IMAGE(VLOOKUP(A83,DriveImages!A:C,3,FALSE),4,240,520),"") | D83: =IF($A83="","",IF(AND(N($G83)<=Params!$D$2,N($H83)<=Params!$E$2),"Peu actif",IF(AND(N($I83)>=Params!$F$4,N($E83)<=Params!$B$2,N($F83)<=Params!$C$2),"Efficace",IF(AND(N($F83)>=Params!$C$4,OR(N($I83)<=Params!$F$3,N($E83)>=Params!$B$4)),"Bloqué",IF(AND(OR(N($G83)>=Params!$D$4,N($H83)>=Params!$E$4),N($I83)<=Params!$F$3),"Persévérant",IF(AND(N($J83)>=Params!$G$4,OR(N($G83)<=Params!$D$3,N($H83)<=Params!$E$3)),"Sporadique","Intermédiaire")))))) -> Intermédiaire | E83: {=XLOOKUP(A83, EQ!A:A, EQ!B:B, "")} -> 0.27272727 | F83: {=XLOOKUP(A83, RED!A:A, RED!B:B, "")} -> 0.16666667 | G83: =XLOOKUP(A83, INDIRECT("'"&G$1&"'!A:A"), INDIRECT("'"&G$1&"'!B:B"), "") -> 16 | H83: =XLOOKUP($A83, INDIRECT("'"&H$1&"'!A:A"), INDIRECT("'"&H$1&"'!B:B"), "") -> 4 | I83: =XLOOKUP($A83, INDIRECT("'"&I$1&"'!A:A"), INDIRECT("'"&I$1&"'!B:B"), "") -> 0.625 | J83: =XLOOKUP($A83, INDIRECT("'"&J$1&"'!A:A"), INDIRECT("'"&J$1&"'!B:B"), "") -> 0.2 | K83: =XLOOKUP($A83, INDIRECT("'"&K$1&"'!A:A"), INDIRECT("'"&K$1&"'!B:B"), "") -> 0.43540981 | L83: =XLOOKUP($A83, INDIRECT("'"&L$1&"'!A:A"), INDIRECT("'"&L$1&"'!B:B"), "") -> 17.183333 | M83: =XLOOKUP($A83, INDIRECT("'"&M$1&"'!A:A"), INDIRECT("'"&M$1&"'!B:B"), "") -> 32.366667 | N83: =XLOOKUP($A83, INDIRECT("'"&N$1&"'!A:A"), INDIRECT("'"&N$1&"'!B:B"), "") -> 9.0166667 | O83: =XLOOKUP($A83, INDIRECT("'"&O$1&"'!A:A"), INDIRECT("'"&O$1&"'!B:B"), "") -> 7.35
A84: =EQ!A17 -> 2f002333e3ee078069a370adede771895a413b747a8039cfe1f8b6d5f579fcc5 | B84: {=XLOOKUP(A84, Notes!A:A, Notes!B:B, "")} -> 88.66 | C84: =IFERROR(IMAGE(VLOOKUP(A84,DriveImages!A:C,3,FALSE),4,240,520),"") | D84: =IF($A84="","",IF(AND(N($G84)<=Params!$D$2,N($H84)<=Params!$E$2),"Peu actif",IF(AND(N($I84)>=Params!$F$4,N($E84)<=Params!$B$2,N($F84)<=Params!$C$2),"Efficace",IF(AND(N($F84)>=Params!$C$4,OR(N($I84)<=Params!$F$3,N($E84)>=Params!$B$4)),"Bloqué",IF(AND(OR(N($G84)>=Params!$D$4,N($H84)>=Params!$E$4),N($I84)<=Params!$F$3),"Persévérant",IF(AND(N($J84)>=Params!$G$4,OR(N($G84)<=Params!$D$3,N($H84)<=Params!$E$3)),"Sporadique","Intermédiaire")))))) -> Persévérant | E84: {=XLOOKUP(A84, EQ!A:A, EQ!B:B, "")} -> 0.52 | F84: {=XLOOKUP(A84, RED!A:A, RED!B:B, "")} -> 0.386 | G84: =XLOOKUP(A84, INDIRECT("'"&G$1&"'!A:A"), INDIRECT("'"&G$1&"'!B:B"), "") -> 30 | H84: =XLOOKUP($A84, INDIRECT("'"&H$1&"'!A:A"), INDIRECT("'"&H$1&"'!B:B"), "") -> 2 | I84: =XLOOKUP($A84, INDIRECT("'"&I$1&"'!A:A"), INDIRECT("'"&I$1&"'!B:B"), "") -> 0.36666667 | J84: =XLOOKUP($A84, INDIRECT("'"&J$1&"'!A:A"), INDIRECT("'"&J$1&"'!B:B"), "") -> 0.034482759 | K84: =XLOOKUP($A84, INDIRECT("'"&K$1&"'!A:A"), INDIRECT("'"&K$1&"'!B:B"), "") -> 0.22630303 | L84: =XLOOKUP($A84, INDIRECT("'"&L$1&"'!A:A"), INDIRECT("'"&L$1&"'!B:B"), "") -> 17.216667 | M84: =XLOOKUP($A84, INDIRECT("'"&M$1&"'!A:A"), INDIRECT("'"&M$1&"'!B:B"), "") -> 34.683333 | N84: =XLOOKUP($A84, INDIRECT("'"&N$1&"'!A:A"), INDIRECT("'"&N$1&"'!B:B"), "") -> 6.6666667 | O84: =XLOOKUP($A84, INDIRECT("'"&O$1&"'!A:A"), INDIRECT("'"&O$1&"'!B:B"), "") -> 5.1666667
A85: =EQ!A9 -> 125ae2e6409e498cf96017e4f7168a1612ea2f181a0ea99530cfafb7b3a64807 | B85: {=XLOOKUP(A85, Notes!A:A, Notes!B:B, "")} -> 89.91 | C85: =IFERROR(IMAGE(VLOOKUP(A85,DriveImages!A:C,3,FALSE),4,240,520),"") | D85: =IF($A85="","",IF(AND(N($G85)<=Params!$D$2,N($H85)<=Params!$E$2),"Peu actif",IF(AND(N($I85)>=Params!$F$4,N($E85)<=Params!$B$2,N($F85)<=Params!$C$2),"Efficace",IF(AND(N($F85)>=Params!$C$4,OR(N($I85)<=Params!$F$3,N($E85)>=Params!$B$4)),"Bloqué",IF(AND(OR(N($G85)>=Params!$D$4,N($H85)>=Params!$E$4),N($I85)<=Params!$F$3),"Persévérant",IF(AND(N($J85)>=Params!$G$4,OR(N($G85)<=Params!$D$3,N($H85)<=Params!$E$3)),"Sporadique","Intermédiaire")))))) -> Intermédiaire | E85: {=XLOOKUP(A85, EQ!A:A, EQ!B:B, "")} -> 0.53333333 | F85: {=XLOOKUP(A85, RED!A:A, RED!B:B, "")} -> 0.42777778 | G85: =XLOOKUP(A85, INDIRECT("'"&G$1&"'!A:A"), INDIRECT("'"&G$1&"'!B:B"), "") -> 17 | H85: =XLOOKUP($A85, INDIRECT("'"&H$1&"'!A:A"), INDIRECT("'"&H$1&"'!B:B"), "") -> 2 | I85: =XLOOKUP($A85, INDIRECT("'"&I$1&"'!A:A"), INDIRECT("'"&I$1&"'!B:B"), "") -> 0.35294118 | J85: =XLOOKUP($A85, INDIRECT("'"&J$1&"'!A:A"), INDIRECT("'"&J$1&"'!B:B"), "") -> 0.0625 | K85: =XLOOKUP($A85, INDIRECT("'"&K$1&"'!A:A"), INDIRECT("'"&K$1&"'!B:B"), "") -> 0.25668447 | L85: =XLOOKUP($A85, INDIRECT("'"&L$1&"'!A:A"), INDIRECT("'"&L$1&"'!B:B"), "") -> 17.683333 | M85: =XLOOKUP($A85, INDIRECT("'"&M$1&"'!A:A"), INDIRECT("'"&M$1&"'!B:B"), "") -> 29.833333 | N85: =XLOOKUP($A85, INDIRECT("'"&N$1&"'!A:A"), INDIRECT("'"&N$1&"'!B:B"), "") -> 11.05 | O85: =XLOOKUP($A85, INDIRECT("'"&O$1&"'!A:A"), INDIRECT("'"&O$1&"'!B:B"), "") -> 5.0166667
A86: =EQ!A70 -> a35833a67176bfc8c1457633e2e41ffb5e4bf6aac7127377e8b9881caf1cf52e | B86: {=XLOOKUP(A86, Notes!A:A, Notes!B:B, "")} -> 47.22 | C86: =IFERROR(IMAGE(VLOOKUP(A86,DriveImages!A:C,3,FALSE),4,240,520),"") | D86: =IF($A86="","",IF(AND(N($G86)<=Params!$D$2,N($H86)<=Params!$E$2),"Peu actif",IF(AND(N($I86)>=Params!$F$4,N($E86)<=Params!$B$2,N($F86)<=Params!$C$2),"Efficace",IF(AND(N($F86)>=Params!$C$4,OR(N($I86)<=Params!$F$3,N($E86)>=Params!$B$4)),"Bloqué",IF(AND(OR(N($G86)>=Params!$D$4,N($H86)>=Params!$E$4),N($I86)<=Params!$F$3),"Persévérant",IF(AND(N($J86)>=Params!$G$4,OR(N($G86)<=Params!$D$3,N($H86)<=Params!$E$3)),"Sporadique","Intermédiaire")))))) -> Peu actif | E86: {=XLOOKUP(A86, EQ!A:A, EQ!B:B, "")} -> 0.75 | F86: {=XLOOKUP(A86, RED!A:A, RED!B:B, "")} -> 0.5625 | G86: =XLOOKUP(A86, INDIRECT("'"&G$1&"'!A:A"), INDIRECT("'"&G$1&"'!B:B"), "") -> 5 | H86: =XLOOKUP($A86, INDIRECT("'"&H$1&"'!A:A"), INDIRECT("'"&H$1&"'!B:B"), "") -> 1 | I86: =XLOOKUP($A86, INDIRECT("'"&I$1&"'!A:A"), INDIRECT("'"&I$1&"'!B:B"), "") -> 0.2 | J86: =XLOOKUP($A86, INDIRECT("'"&J$1&"'!A:A"), INDIRECT("'"&J$1&"'!B:B"), "") -> 0 | K86: =XLOOKUP($A86, INDIRECT("'"&K$1&"'!A:A"), INDIRECT("'"&K$1&"'!B:B"), "") -> 0.2 | L86: =XLOOKUP($A86, INDIRECT("'"&L$1&"'!A:A"), INDIRECT("'"&L$1&"'!B:B"), "") -> 17.733333 | M86: =XLOOKUP($A86, INDIRECT("'"&M$1&"'!A:A"), INDIRECT("'"&M$1&"'!B:B"), "") -> 3.9166667 | N86: =XLOOKUP($A86, INDIRECT("'"&N$1&"'!A:A"), INDIRECT("'"&N$1&"'!B:B"), "") -> 36.916667 | O86: =XLOOKUP($A86, INDIRECT("'"&O$1&"'!A:A"), INDIRECT("'"&O$1&"'!B:B"), "") -> 3.9166667
A87: =EQ!A45 -> 6dd7cb5359f54edb9eb0becd33d19118d3e93e266ef7644cf7b9ad2b9ed1262d | B87: {=XLOOKUP(A87, Notes!A:A, Notes!B:B, "")} -> 66.53 | C87: =IFERROR(IMAGE(VLOOKUP(A87,DriveImages!A:C,3,FALSE),4,240,520),"") | D87: =IF($A87="","",IF(AND(N($G87)<=Params!$D$2,N($H87)<=Params!$E$2),"Peu actif",IF(AND(N($I87)>=Params!$F$4,N($E87)<=Params!$B$2,N($F87)<=Params!$C$2),"Efficace",IF(AND(N($F87)>=Params!$C$4,OR(N($I87)<=Params!$F$3,N($E87)>=Params!$B$4)),"Bloqué",IF(AND(OR(N($G87)>=Params!$D$4,N($H87)>=Params!$E$4),N($I87)<=Params!$F$3),"Persévérant",IF(AND(N($J87)>=Params!$G$4,OR(N($G87)<=Params!$D$3,N($H87)<=Params!$E$3)),"Sporadique","Intermédiaire")))))) -> Bloqué | E87: {=XLOOKUP(A87, EQ!A:A, EQ!B:B, "")} -> 0.71428571 | F87: {=XLOOKUP(A87, RED!A:A, RED!B:B, "")} -> 0.63061224 | G87: =XLOOKUP(A87, INDIRECT("'"&G$1&"'!A:A"), INDIRECT("'"&G$1&"'!B:B"), "") -> 24 | H87: =XLOOKUP($A87, INDIRECT("'"&H$1&"'!A:A"), INDIRECT("'"&H$1&"'!B:B"), "") -> 3 | I87: =XLOOKUP($A87, INDIRECT("'"&I$1&"'!A:A"), INDIRECT("'"&I$1&"'!B:B"), "") -> 0.29166667 | J87: =XLOOKUP($A87, INDIRECT("'"&J$1&"'!A:A"), INDIRECT("'"&J$1&"'!B:B"), "") -> 0.086956522 | K87: =XLOOKUP($A87, INDIRECT("'"&K$1&"'!A:A"), INDIRECT("'"&K$1&"'!B:B"), "") -> 0.25465838 | L87: =XLOOKUP($A87, INDIRECT("'"&L$1&"'!A:A"), INDIRECT("'"&L$1&"'!B:B"), "") -> 17.783333 | M87: =XLOOKUP($A87, INDIRECT("'"&M$1&"'!A:A"), INDIRECT("'"&M$1&"'!B:B"), "") -> 33.733333 | N87: =XLOOKUP($A87, INDIRECT("'"&N$1&"'!A:A"), INDIRECT("'"&N$1&"'!B:B"), "") -> 7.05 | O87: =XLOOKUP($A87, INDIRECT("'"&O$1&"'!A:A"), INDIRECT("'"&O$1&"'!B:B"), "") -> 7.3833333
A88: =EQ!A107 -> f8dac969c272aabb2ba0adebac1b711f0f174a8288053069be5391c65bb027c3 | B88: {=XLOOKUP(A88, Notes!A:A, Notes!B:B, "")} -> 46.94 | C88: =IFERROR(IMAGE(VLOOKUP(A88,DriveImages!A:C,3,FALSE),4,240,520),"") | D88: =IF($A88="","",IF(AND(N($G88)<=Params!$D$2,N($H88)<=Params!$E$2),"Peu actif",IF(AND(N($I88)>=Params!$F$4,N($E88)<=Params!$B$2,N($F88)<=Params!$C$2),"Efficace",IF(AND(N($F88)>=Params!$C$4,OR(N($I88)<=Params!$F$3,N($E88)>=Params!$B$4)),"Bloqué",IF(AND(OR(N($G88)>=Params!$D$4,N($H88)>=Params!$E$4),N($I88)<=Params!$F$3),"Persévérant",IF(AND(N($J88)>=Params!$G$4,OR(N($G88)<=Params!$D$3,N($H88)<=Params!$E$3)),"Sporadique","Intermédiaire")))))) -> Bloqué | E88: {=XLOOKUP(A88, EQ!A:A, EQ!B:B, "")} -> 0.66666667 | F88: {=XLOOKUP(A88, RED!A:A, RED!B:B, "")} -> 0.54497354 | G88: =XLOOKUP(A88, INDIRECT("'"&G$1&"'!A:A"), INDIRECT("'"&G$1&"'!B:B"), "") -> 23 | H88: =XLOOKUP($A88, INDIRECT("'"&H$1&"'!A:A"), INDIRECT("'"&H$1&"'!B:B"), "") -> 2 | I88: =XLOOKUP($A88, INDIRECT("'"&I$1&"'!A:A"), INDIRECT("'"&I$1&"'!B:B"), "") -> 0.30434783 | J88: =XLOOKUP($A88, INDIRECT("'"&J$1&"'!A:A"), INDIRECT("'"&J$1&"'!B:B"), "") -> 0.045454545 | K88: =XLOOKUP($A88, INDIRECT("'"&K$1&"'!A:A"), INDIRECT("'"&K$1&"'!B:B"), "") -> 0.26984878 | L88: =XLOOKUP($A88, INDIRECT("'"&L$1&"'!A:A"), INDIRECT("'"&L$1&"'!B:B"), "") -> 18.166667 | M88: =XLOOKUP($A88, INDIRECT("'"&M$1&"'!A:A"), INDIRECT("'"&M$1&"'!B:B"), "") -> 33.616667 | N88: =XLOOKUP($A88, INDIRECT("'"&N$1&"'!A:A"), INDIRECT("'"&N$1&"'!B:B"), "") -> 6.7833333 | O88: =XLOOKUP($A88, INDIRECT("'"&O$1&"'!A:A"), INDIRECT("'"&O$1&"'!B:B"), "") -> 21.033333
A89: =EQ!A28 -> 453482ae02a485dd6eda2426eae4181835e1451a36229f550d4efb9d8a7a9470 | B89: {=XLOOKUP(A89, Notes!A:A, Notes!B:B, "")} -> 40.5 | C89: =IFERROR(IMAGE(VLOOKUP(A89,DriveImages!A:C,3,FALSE),4,240,520),"") | D89: =IF($A89="","",IF(AND(N($G89)<=Params!$D$2,N($H89)<=Params!$E$2),"Peu actif",IF(AND(N($I89)>=Params!$F$4,N($E89)<=Params!$B$2,N($F89)<=Params!$C$2),"Efficace",IF(AND(N($F89)>=Params!$C$4,OR(N($I89)<=Params!$F$3,N($E89)>=Params!$B$4)),"Bloqué",IF(AND(OR(N($G89)>=Params!$D$4,N($H89)>=Params!$E$4),N($I89)<=Params!$F$3),"Persévérant",IF(AND(N($J89)>=Params!$G$4,OR(N($G89)<=Params!$D$3,N($H89)<=Params!$E$3)),"Sporadique","Intermédiaire")))))) -> Intermédiaire | E89: {=XLOOKUP(A89, EQ!A:A, EQ!B:B, "")} -> 0.2 | F89: {=XLOOKUP(A89, RED!A:A, RED!B:B, "")} -> 0.1 | G89: =XLOOKUP(A89, INDIRECT("'"&G$1&"'!A:A"), INDIRECT("'"&G$1&"'!B:B"), "") -> 6 | H89: =XLOOKUP($A89, INDIRECT("'"&H$1&"'!A:A"), INDIRECT("'"&H$1&"'!B:B"), "") -> 1 | I89: =XLOOKUP($A89, INDIRECT("'"&I$1&"'!A:A"), INDIRECT("'"&I$1&"'!B:B"), "") -> 0.66666667 | J89: =XLOOKUP($A89, INDIRECT("'"&J$1&"'!A:A"), INDIRECT("'"&J$1&"'!B:B"), "") -> 0 | K89: =XLOOKUP($A89, INDIRECT("'"&K$1&"'!A:A"), INDIRECT("'"&K$1&"'!B:B"), "") -> 0.42 | L89: =XLOOKUP($A89, INDIRECT("'"&L$1&"'!A:A"), INDIRECT("'"&L$1&"'!B:B"), "") -> 18.383333 | M89: =XLOOKUP($A89, INDIRECT("'"&M$1&"'!A:A"), INDIRECT("'"&M$1&"'!B:B"), "") -> 3.1 | N89: =XLOOKUP($A89, INDIRECT("'"&N$1&"'!A:A"), INDIRECT("'"&N$1&"'!B:B"), "") -> 37.083333 | O89: =XLOOKUP($A89, INDIRECT("'"&O$1&"'!A:A"), INDIRECT("'"&O$1&"'!B:B"), "") -> 3.1
A90: =EQ!A15 -> 275839578ec60b5084d5e18fccb01310e9f1b78293cad00bec043945e0f3e629 | B90: {=XLOOKUP(A90, Notes!A:A, Notes!B:B, "")} -> 70.3 | C90: =IFERROR(IMAGE(VLOOKUP(A90,DriveImages!A:C,3,FALSE),4,240,520),"") | D90: =IF($A90="","",IF(AND(N($G90)<=Params!$D$2,N($H90)<=Params!$E$2),"Peu actif",IF(AND(N($I90)>=Params!$F$4,N($E90)<=Params!$B$2,N($F90)<=Params!$C$2),"Efficace",IF(AND(N($F90)>=Params!$C$4,OR(N($I90)<=Params!$F$3,N($E90)>=Params!$B$4)),"Bloqué",IF(AND(OR(N($G90)>=Params!$D$4,N($H90)>=Params!$E$4),N($I90)<=Params!$F$3),"Persévérant",IF(AND(N($J90)>=Params!$G$4,OR(N($G90)<=Params!$D$3,N($H90)<=Params!$E$3)),"Sporadique","Intermédiaire")))))) -> Efficace | E90: {=XLOOKUP(A90, EQ!A:A, EQ!B:B, "")} -> 0 | F90: {=XLOOKUP(A90, RED!A:A, RED!B:B, "")} -> 0 | G90: =XLOOKUP(A90, INDIRECT("'"&G$1&"'!A:A"), INDIRECT("'"&G$1&"'!B:B"), "") -> 14 | H90: =XLOOKUP($A90, INDIRECT("'"&H$1&"'!A:A"), INDIRECT("'"&H$1&"'!B:B"), "") -> 3 | I90: =XLOOKUP($A90, INDIRECT("'"&I$1&"'!A:A"), INDIRECT("'"&I$1&"'!B:B"), "") -> 0.85714286 | J90: =XLOOKUP($A90, INDIRECT("'"&J$1&"'!A:A"), INDIRECT("'"&J$1&"'!B:B"), "") -> 0.15384615 | K90: =XLOOKUP($A90, INDIRECT("'"&K$1&"'!A:A"), INDIRECT("'"&K$1&"'!B:B"), "") -> 0.83724307 | L90: =XLOOKUP($A90, INDIRECT("'"&L$1&"'!A:A"), INDIRECT("'"&L$1&"'!B:B"), "") -> 18.683333 | M90: =XLOOKUP($A90, INDIRECT("'"&M$1&"'!A:A"), INDIRECT("'"&M$1&"'!B:B"), "") -> 31.55 | N90: =XLOOKUP($A90, INDIRECT("'"&N$1&"'!A:A"), INDIRECT("'"&N$1&"'!B:B"), "") -> 8.3333333 | O90: =XLOOKUP($A90, INDIRECT("'"&O$1&"'!A:A"), INDIRECT("'"&O$1&"'!B:B"), "") -> 0.38333333
A91: =EQ!A48 -> 73da0df025bd69a83446ff2c9628a7f2f1ff34bff9e343059e17e4d31a6218d3 | B91: {=XLOOKUP(A91, Notes!A:A, Notes!B:B, "")} -> 66.73 | C91: =IFERROR(IMAGE(VLOOKUP(A91,DriveImages!A:C,3,FALSE),4,240,520),"") | D91: =IF($A91="","",IF(AND(N($G91)<=Params!$D$2,N($H91)<=Params!$E$2),"Peu actif",IF(AND(N($I91)>=Params!$F$4,N($E91)<=Params!$B$2,N($F91)<=Params!$C$2),"Efficace",IF(AND(N($F91)>=Params!$C$4,OR(N($I91)<=Params!$F$3,N($E91)>=Params!$B$4)),"Bloqué",IF(AND(OR(N($G91)>=Params!$D$4,N($H91)>=Params!$E$4),N($I91)<=Params!$F$3),"Persévérant",IF(AND(N($J91)>=Params!$G$4,OR(N($G91)<=Params!$D$3,N($H91)<=Params!$E$3)),"Sporadique","Intermédiaire")))))) -> Bloqué | E91: {=XLOOKUP(A91, EQ!A:A, EQ!B:B, "")} -> 1 | F91: {=XLOOKUP(A91, RED!A:A, RED!B:B, "")} -> 0.92307692 | G91: =XLOOKUP(A91, INDIRECT("'"&G$1&"'!A:A"), INDIRECT("'"&G$1&"'!B:B"), "") -> 13 | H91: =XLOOKUP($A91, INDIRECT("'"&H$1&"'!A:A"), INDIRECT("'"&H$1&"'!B:B"), "") -> 2 | I91: =XLOOKUP($A91, INDIRECT("'"&I$1&"'!A:A"), INDIRECT("'"&I$1&"'!B:B"), "") -> 0 | J91: =XLOOKUP($A91, INDIRECT("'"&J$1&"'!A:A"), INDIRECT("'"&J$1&"'!B:B"), "") -> 0.083333333 | K91: =XLOOKUP($A91, INDIRECT("'"&K$1&"'!A:A"), INDIRECT("'"&K$1&"'!B:B"), "") -> 0 | L91: =XLOOKUP($A91, INDIRECT("'"&L$1&"'!A:A"), INDIRECT("'"&L$1&"'!B:B"), "") -> 18.75 | M91: =XLOOKUP($A91, INDIRECT("'"&M$1&"'!A:A"), INDIRECT("'"&M$1&"'!B:B"), "") -> 23.416667 | N91: =XLOOKUP($A91, INDIRECT("'"&N$1&"'!A:A"), INDIRECT("'"&N$1&"'!B:B"), "") -> 16.4 | O91: =XLOOKUP($A91, INDIRECT("'"&O$1&"'!A:A"), INDIRECT("'"&O$1&"'!B:B"), "") -> 60
A92: =EQ!A27 -> 438f91a3a02080977006d5b4ee2c29f6e0d0b58e848dc92712f3982a1449f481 | B92: {=XLOOKUP(A92, Notes!A:A, Notes!B:B, "")} -> 60.42 | C92: =IFERROR(IMAGE(VLOOKUP(A92,DriveImages!A:C,3,FALSE),4,240,520),"") | D92: =IF($A92="","",IF(AND(N($G92)<=Params!$D$2,N($H92)<=Params!$E$2),"Peu actif",IF(AND(N($I92)>=Params!$F$4,N($E92)<=Params!$B$2,N($F92)<=Params!$C$2),"Efficace",IF(AND(N($F92)>=Params!$C$4,OR(N($I92)<=Params!$F$3,N($E92)>=Params!$B$4)),"Bloqué",IF(AND(OR(N($G92)>=Params!$D$4,N($H92)>=Params!$E$4),N($I92)<=Params!$F$3),"Persévérant",IF(AND(N($J92)>=Params!$G$4,OR(N($G92)<=Params!$D$3,N($H92)<=Params!$E$3)),"Sporadique","Intermédiaire")))))) -> Intermédiaire | E92: {=XLOOKUP(A92, EQ!A:A, EQ!B:B, "")} -> 0 | F92: {=XLOOKUP(A92, RED!A:A, RED!B:B, "")} -> 0 | G92: =XLOOKUP(A92, INDIRECT("'"&G$1&"'!A:A"), INDIRECT("'"&G$1&"'!B:B"), "") -> 6 | H92: =XLOOKUP($A92, INDIRECT("'"&H$1&"'!A:A"), INDIRECT("'"&H$1&"'!B:B"), "") -> 1 | I92: =XLOOKUP($A92, INDIRECT("'"&I$1&"'!A:A"), INDIRECT("'"&I$1&"'!B:B"), "") -> 0.66666667 | J92: =XLOOKUP($A92, INDIRECT("'"&J$1&"'!A:A"), INDIRECT("'"&J$1&"'!B:B"), "") -> 0 | K92: =XLOOKUP($A92, INDIRECT("'"&K$1&"'!A:A"), INDIRECT("'"&K$1&"'!B:B"), "") -> 0.41666667 | L92: =XLOOKUP($A92, INDIRECT("'"&L$1&"'!A:A"), INDIRECT("'"&L$1&"'!B:B"), "") -> 19 | M92: =XLOOKUP($A92, INDIRECT("'"&M$1&"'!A:A"), INDIRECT("'"&M$1&"'!B:B"), "") -> 8.3833333 | N92: =XLOOKUP($A92, INDIRECT("'"&N$1&"'!A:A"), INDIRECT("'"&N$1&"'!B:B"), "") -> 31.183333 | O92: =XLOOKUP($A92, INDIRECT("'"&O$1&"'!A:A"), INDIRECT("'"&O$1&"'!B:B"), "") -> 4.05
A93: =EQ!A75 -> b2739ffce4a91e9880373035f1a135a3772577ebe8a9e985482de17ccedccefd | B93: {=XLOOKUP(A93, Notes!A:A, Notes!B:B, "")} -> 76.53 | C93: =IFERROR(IMAGE(VLOOKUP(A93,DriveImages!A:C,3,FALSE),4,240,520),"") | D93: =IF($A93="","",IF(AND(N($G93)<=Params!$D$2,N($H93)<=Params!$E$2),"Peu actif",IF(AND(N($I93)>=Params!$F$4,N($E93)<=Params!$B$2,N($F93)<=Params!$C$2),"Efficace",IF(AND(N($F93)>=Params!$C$4,OR(N($I93)<=Params!$F$3,N($E93)>=Params!$B$4)),"Bloqué",IF(AND(OR(N($G93)>=Params!$D$4,N($H93)>=Params!$E$4),N($I93)<=Params!$F$3),"Persévérant",IF(AND(N($J93)>=Params!$G$4,OR(N($G93)<=Params!$D$3,N($H93)<=Params!$E$3)),"Sporadique","Intermédiaire")))))) -> Persévérant | E93: {=XLOOKUP(A93, EQ!A:A, EQ!B:B, "")} -> 0.42857143 | F93: {=XLOOKUP(A93, RED!A:A, RED!B:B, "")} -> 0.21428571 | G93: =XLOOKUP(A93, INDIRECT("'"&G$1&"'!A:A"), INDIRECT("'"&G$1&"'!B:B"), "") -> 12 | H93: =XLOOKUP($A93, INDIRECT("'"&H$1&"'!A:A"), INDIRECT("'"&H$1&"'!B:B"), "") -> 4 | I93: =XLOOKUP($A93, INDIRECT("'"&I$1&"'!A:A"), INDIRECT("'"&I$1&"'!B:B"), "") -> 0.5 | J93: =XLOOKUP($A93, INDIRECT("'"&J$1&"'!A:A"), INDIRECT("'"&J$1&"'!B:B"), "") -> 0.27272727 | K93: =XLOOKUP($A93, INDIRECT("'"&K$1&"'!A:A"), INDIRECT("'"&K$1&"'!B:B"), "") -> 0.44543642 | L93: =XLOOKUP($A93, INDIRECT("'"&L$1&"'!A:A"), INDIRECT("'"&L$1&"'!B:B"), "") -> 19.266667 | M93: =XLOOKUP($A93, INDIRECT("'"&M$1&"'!A:A"), INDIRECT("'"&M$1&"'!B:B"), "") -> 32.283333 | N93: =XLOOKUP($A93, INDIRECT("'"&N$1&"'!A:A"), INDIRECT("'"&N$1&"'!B:B"), "") -> 7.0166667 | O93: =XLOOKUP($A93, INDIRECT("'"&O$1&"'!A:A"), INDIRECT("'"&O$1&"'!B:B"), "") -> 0
A94: =EQ!A18 -> 322817f4854f2f71b85db9d2e7c04e4a44c91ea866c689f277a658abc7d22b12 | B94: {=XLOOKUP(A94, Notes!A:A, Notes!B:B, "")} -> 35.44 | C94: =IFERROR(IMAGE(VLOOKUP(A94,DriveImages!A:C,3,FALSE),4,240,520),"") | D94: =IF($A94="","",IF(AND(N($G94)<=Params!$D$2,N($H94)<=Params!$E$2),"Peu actif",IF(AND(N($I94)>=Params!$F$4,N($E94)<=Params!$B$2,N($F94)<=Params!$C$2),"Efficace",IF(AND(N($F94)>=Params!$C$4,OR(N($I94)<=Params!$F$3,N($E94)>=Params!$B$4)),"Bloqué",IF(AND(OR(N($G94)>=Params!$D$4,N($H94)>=Params!$E$4),N($I94)<=Params!$F$3),"Persévérant",IF(AND(N($J94)>=Params!$G$4,OR(N($G94)<=Params!$D$3,N($H94)<=Params!$E$3)),"Sporadique","Intermédiaire")))))) -> Efficace | E94: {=XLOOKUP(A94, EQ!A:A, EQ!B:B, "")} -> 0 | F94: {=XLOOKUP(A94, RED!A:A, RED!B:B, "")} -> 0 | G94: =XLOOKUP($A94, INDIRECT("'"&G$1&"'!A:A"), INDIRECT("'"&G$1&"'!B:B"), "") -> 17 | H94: =XLOOKUP($A94, INDIRECT("'"&H$1&"'!A:A"), INDIRECT("'"&H$1&"'!B:B"), "") -> 3 | I94: =XLOOKUP($A94, INDIRECT("'"&I$1&"'!A:A"), INDIRECT("'"&I$1&"'!B:B"), "") -> 0.94117647 | J94: =XLOOKUP($A94, INDIRECT("'"&J$1&"'!A:A"), INDIRECT("'"&J$1&"'!B:B"), "") -> 0.125 | K94: =XLOOKUP($A94, INDIRECT("'"&K$1&"'!A:A"), INDIRECT("'"&K$1&"'!B:B"), "") -> 0.67851659 | L94: =XLOOKUP($A94, INDIRECT("'"&L$1&"'!A:A"), INDIRECT("'"&L$1&"'!B:B"), "") -> 20.716667 | M94: =XLOOKUP($A94, INDIRECT("'"&M$1&"'!A:A"), INDIRECT("'"&M$1&"'!B:B"), "") -> 20.35 | N94: =XLOOKUP($A94, INDIRECT("'"&N$1&"'!A:A"), INDIRECT("'"&N$1&"'!B:B"), "") -> 17.5 | O94: =XLOOKUP($A94, INDIRECT("'"&O$1&"'!A:A"), INDIRECT("'"&O$1&"'!B:B"), "") -> 3.85
A95: =EQ!A60 -> 8dd7d47134248a03ffb88fe97e5ab8501d976a5d539ff01c30727b79ede1424f | B95: {=XLOOKUP(A95, Notes!A:A, Notes!B:B, "")} -> 30.75 | C95: =IFERROR(IMAGE(VLOOKUP(A95,DriveImages!A:C,3,FALSE),4,240,520),"") | D95: =IF($A95="","",IF(AND(N($G95)<=Params!$D$2,N($H95)<=Params!$E$2),"Peu actif",IF(AND(N($I95)>=Params!$F$4,N($E95)<=Params!$B$2,N($F95)<=Params!$C$2),"Efficace",IF(AND(N($F95)>=Params!$C$4,OR(N($I95)<=Params!$F$3,N($E95)>=Params!$B$4)),"Bloqué",IF(AND(OR(N($G95)>=Params!$D$4,N($H95)>=Params!$E$4),N($I95)<=Params!$F$3),"Persévérant",IF(AND(N($J95)>=Params!$G$4,OR(N($G95)<=Params!$D$3,N($H95)<=Params!$E$3)),"Sporadique","Intermédiaire")))))) -> Bloqué | E95: {=XLOOKUP(A95, EQ!A:A, EQ!B:B, "")} -> 0.75 | F95: {=XLOOKUP(A95, RED!A:A, RED!B:B, "")} -> 0.64444444 | G95: =XLOOKUP(A95, INDIRECT("'"&G$1&"'!A:A"), INDIRECT("'"&G$1&"'!B:B"), "") -> 18 | H95: =XLOOKUP($A95, INDIRECT("'"&H$1&"'!A:A"), INDIRECT("'"&H$1&"'!B:B"), "") -> 3 | I95: =XLOOKUP($A95, INDIRECT("'"&I$1&"'!A:A"), INDIRECT("'"&I$1&"'!B:B"), "") -> 0.22222222 | J95: =XLOOKUP($A95, INDIRECT("'"&J$1&"'!A:A"), INDIRECT("'"&J$1&"'!B:B"), "") -> 0.11764706 | K95: =XLOOKUP($A95, INDIRECT("'"&K$1&"'!A:A"), INDIRECT("'"&K$1&"'!B:B"), "") -> 0.18357489 | L95: =XLOOKUP($A95, INDIRECT("'"&L$1&"'!A:A"), INDIRECT("'"&L$1&"'!B:B"), "") -> 21.6 | M95: =XLOOKUP($A95, INDIRECT("'"&M$1&"'!A:A"), INDIRECT("'"&M$1&"'!B:B"), "") -> 30.433333 | N95: =XLOOKUP($A95, INDIRECT("'"&N$1&"'!A:A"), INDIRECT("'"&N$1&"'!B:B"), "") -> 6.5333333 | O95: =XLOOKUP($A95, INDIRECT("'"&O$1&"'!A:A"), INDIRECT("'"&O$1&"'!B:B"), "") -> 60
A96: =EQ!A25 -> 40c1d250c97702986524dae1c4014dbac4abddab4fbfd395737f4e2fe64a247d | B96: {=XLOOKUP(A96, Notes!A:A, Notes!B:B, "")} -> 88.53 | C96: =IFERROR(IMAGE(VLOOKUP(A96,DriveImages!A:C,3,FALSE),4,240,520),"") | D96: =IF($A96="","",IF(AND(N($G96)<=Params!$D$2,N($H96)<=Params!$E$2),"Peu actif",IF(AND(N($I96)>=Params!$F$4,N($E96)<=Params!$B$2,N($F96)<=Params!$C$2),"Efficace",IF(AND(N($F96)>=Params!$C$4,OR(N($I96)<=Params!$F$3,N($E96)>=Params!$B$4)),"Bloqué",IF(AND(OR(N($G96)>=Params!$D$4,N($H96)>=Params!$E$4),N($I96)<=Params!$F$3),"Persévérant",IF(AND(N($J96)>=Params!$G$4,OR(N($G96)<=Params!$D$3,N($H96)<=Params!$E$3)),"Sporadique","Intermédiaire")))))) -> Intermédiaire | E96: {=XLOOKUP(A96, EQ!A:A, EQ!B:B, "")} -> 0.2 | F96: {=XLOOKUP(A96, RED!A:A, RED!B:B, "")} -> 0.1375 | G96: =XLOOKUP(A96, INDIRECT("'"&G$1&"'!A:A"), INDIRECT("'"&G$1&"'!B:B"), "") -> 30 | H96: =XLOOKUP($A96, INDIRECT("'"&H$1&"'!A:A"), INDIRECT("'"&H$1&"'!B:B"), "") -> 2 | I96: =XLOOKUP($A96, INDIRECT("'"&I$1&"'!A:A"), INDIRECT("'"&I$1&"'!B:B"), "") -> 0.63333333 | J96: =XLOOKUP($A96, INDIRECT("'"&J$1&"'!A:A"), INDIRECT("'"&J$1&"'!B:B"), "") -> 0.034482759 | K96: =XLOOKUP($A96, INDIRECT("'"&K$1&"'!A:A"), INDIRECT("'"&K$1&"'!B:B"), "") -> 0.561137 | L96: =XLOOKUP($A96, INDIRECT("'"&L$1&"'!A:A"), INDIRECT("'"&L$1&"'!B:B"), "") -> 21.7 | M96: =XLOOKUP($A96, INDIRECT("'"&M$1&"'!A:A"), INDIRECT("'"&M$1&"'!B:B"), "") -> 36.866667 | N96: =XLOOKUP($A96, INDIRECT("'"&N$1&"'!A:A"), INDIRECT("'"&N$1&"'!B:B"), "") -> 0 | O96: =XLOOKUP($A96, INDIRECT("'"&O$1&"'!A:A"), INDIRECT("'"&O$1&"'!B:B"), "") -> 2.5166667
A97: =EQ!A92 -> d46637522853433efdf1806e2e5336c312d5ba0ff0a32b80468e96b8abf11c04 | B97: {=XLOOKUP(A97, Notes!A:A, Notes!B:B, "")} -> 23.25 | C97: =IFERROR(IMAGE(VLOOKUP(A97,DriveImages!A:C,3,FALSE),4,240,520),"") | D97: =IF($A97="","",IF(AND(N($G97)<=Params!$D$2,N($H97)<=Params!$E$2),"Peu actif",IF(AND(N($I97)>=Params!$F$4,N($E97)<=Params!$B$2,N($F97)<=Params!$C$2),"Efficace",IF(AND(N($F97)>=Params!$C$4,OR(N($I97)<=Params!$F$3,N($E97)>=Params!$B$4)),"Bloqué",IF(AND(OR(N($G97)>=Params!$D$4,N($H97)>=Params!$E$4),N($I97)<=Params!$F$3),"Persévérant",IF(AND(N($J97)>=Params!$G$4,OR(N($G97)<=Params!$D$3,N($H97)<=Params!$E$3)),"Sporadique","Intermédiaire")))))) -> Bloqué | E97: {=XLOOKUP(A97, EQ!A:A, EQ!B:B, "")} -> 0.64705882 | F97: {=XLOOKUP(A97, RED!A:A, RED!B:B, "")} -> 0.59313725 | G97: =XLOOKUP(A97, INDIRECT("'"&G$1&"'!A:A"), INDIRECT("'"&G$1&"'!B:B"), "") -> 22 | H97: =XLOOKUP($A97, INDIRECT("'"&H$1&"'!A:A"), INDIRECT("'"&H$1&"'!B:B"), "") -> 4 | I97: =XLOOKUP($A97, INDIRECT("'"&I$1&"'!A:A"), INDIRECT("'"&I$1&"'!B:B"), "") -> 0.40909091 | J97: =XLOOKUP($A97, INDIRECT("'"&J$1&"'!A:A"), INDIRECT("'"&J$1&"'!B:B"), "") -> 0.14285714 | K97: =XLOOKUP($A97, INDIRECT("'"&K$1&"'!A:A"), INDIRECT("'"&K$1&"'!B:B"), "") -> 0.344389 | L97: =XLOOKUP($A97, INDIRECT("'"&L$1&"'!A:A"), INDIRECT("'"&L$1&"'!B:B"), "") -> 22.383333 | M97: =XLOOKUP($A97, INDIRECT("'"&M$1&"'!A:A"), INDIRECT("'"&M$1&"'!B:B"), "") -> 29.316667 | N97: =XLOOKUP($A97, INDIRECT("'"&N$1&"'!A:A"), INDIRECT("'"&N$1&"'!B:B"), "") -> 6.8666667 | O97: =XLOOKUP($A97, INDIRECT("'"&O$1&"'!A:A"), INDIRECT("'"&O$1&"'!B:B"), "") -> 11
A98: =EQ!A77 -> bb0c30cc3cd79a7b954b6a58338b43ab5c258562b868a12e26fa432eed432da9 | B98: {=XLOOKUP(A98, Notes!A:A, Notes!B:B, "")} -> 36.31 | C98: =IFERROR(IMAGE(VLOOKUP(A98,DriveImages!A:C,3,FALSE),4,240,520),"") | D98: =IF($A98="","",IF(AND(N($G98)<=Params!$D$2,N($H98)<=Params!$E$2),"Peu actif",IF(AND(N($I98)>=Params!$F$4,N($E98)<=Params!$B$2,N($F98)<=Params!$C$2),"Efficace",IF(AND(N($F98)>=Params!$C$4,OR(N($I98)<=Params!$F$3,N($E98)>=Params!$B$4)),"Bloqué",IF(AND(OR(N($G98)>=Params!$D$4,N($H98)>=Params!$E$4),N($I98)<=Params!$F$3),"Persévérant",IF(AND(N($J98)>=Params!$G$4,OR(N($G98)<=Params!$D$3,N($H98)<=Params!$E$3)),"Sporadique","Intermédiaire")))))) -> Peu actif | E98: {=XLOOKUP(A98, EQ!A:A, EQ!B:B, "")} -> 0.66666667 | F98: {=XLOOKUP(A98, RED!A:A, RED!B:B, "")} -> 0.44444444 | G98: =XLOOKUP(A98, INDIRECT("'"&G$1&"'!A:A"), INDIRECT("'"&G$1&"'!B:B"), "") -> 4 | H98: =XLOOKUP($A98, INDIRECT("'"&H$1&"'!A:A"), INDIRECT("'"&H$1&"'!B:B"), "") -> 1 | I98: =XLOOKUP($A98, INDIRECT("'"&I$1&"'!A:A"), INDIRECT("'"&I$1&"'!B:B"), "") -> 0.25 | J98: =XLOOKUP($A98, INDIRECT("'"&J$1&"'!A:A"), INDIRECT("'"&J$1&"'!B:B"), "") -> 0 | K98: =XLOOKUP($A98, INDIRECT("'"&K$1&"'!A:A"), INDIRECT("'"&K$1&"'!B:B"), "") -> 0.19565225 | L98: =XLOOKUP($A98, INDIRECT("'"&L$1&"'!A:A"), INDIRECT("'"&L$1&"'!B:B"), "") -> 23.35 | M98: =XLOOKUP($A98, INDIRECT("'"&M$1&"'!A:A"), INDIRECT("'"&M$1&"'!B:B"), "") -> 4.1833333 | N98: =XLOOKUP($A98, INDIRECT("'"&N$1&"'!A:A"), INDIRECT("'"&N$1&"'!B:B"), "") -> 31.033333 | O98: =XLOOKUP($A98, INDIRECT("'"&O$1&"'!A:A"), INDIRECT("'"&O$1&"'!B:B"), "") -> 60
A99: =EQ!A109 -> fcc829e7dd1db87335c46064982f06853c8a5c39399202b284952458b04f0d5d | B99: {=XLOOKUP(A99, Notes!A:A, Notes!B:B, "")} -> 53.91 | C99: =IFERROR(IMAGE(VLOOKUP(A99,DriveImages!A:C,3,FALSE),4,240,520),"") | D99: =IF($A99="","",IF(AND(N($G99)<=Params!$D$2,N($H99)<=Params!$E$2),"Peu actif",IF(AND(N($I99)>=Params!$F$4,N($E99)<=Params!$B$2,N($F99)<=Params!$C$2),"Efficace",IF(AND(N($F99)>=Params!$C$4,OR(N($I99)<=Params!$F$3,N($E99)>=Params!$B$4)),"Bloqué",IF(AND(OR(N($G99)>=Params!$D$4,N($H99)>=Params!$E$4),N($I99)<=Params!$F$3),"Persévérant",IF(AND(N($J99)>=Params!$G$4,OR(N($G99)<=Params!$D$3,N($H99)<=Params!$E$3)),"Sporadique","Intermédiaire")))))) -> Intermédiaire | E99: {=XLOOKUP(A99, EQ!A:A, EQ!B:B, "")} -> 0.27272727 | F99: {=XLOOKUP(A99, RED!A:A, RED!B:B, "")} -> 0.16666667 | G99: =XLOOKUP(A99, INDIRECT("'"&G$1&"'!A:A"), INDIRECT("'"&G$1&"'!B:B"), "") -> 13 | H99: =XLOOKUP($A99, INDIRECT("'"&H$1&"'!A:A"), INDIRECT("'"&H$1&"'!B:B"), "") -> 3 | I99: =XLOOKUP($A99, INDIRECT("'"&I$1&"'!A:A"), INDIRECT("'"&I$1&"'!B:B"), "") -> 0.61538462 | J99: =XLOOKUP($A99, INDIRECT("'"&J$1&"'!A:A"), INDIRECT("'"&J$1&"'!B:B"), "") -> 0.16666667 | K99: =XLOOKUP($A99, INDIRECT("'"&K$1&"'!A:A"), INDIRECT("'"&K$1&"'!B:B"), "") -> 0.46703292 | L99: =XLOOKUP($A99, INDIRECT("'"&L$1&"'!A:A"), INDIRECT("'"&L$1&"'!B:B"), "") -> 23.6 | M99: =XLOOKUP($A99, INDIRECT("'"&M$1&"'!A:A"), INDIRECT("'"&M$1&"'!B:B"), "") -> 22.666667 | N99: =XLOOKUP($A99, INDIRECT("'"&N$1&"'!A:A"), INDIRECT("'"&N$1&"'!B:B"), "") -> 12.3 | O99: =XLOOKUP($A99, INDIRECT("'"&O$1&"'!A:A"), INDIRECT("'"&O$1&"'!B:B"), "") -> 1.4
A100: =EQ!A46 -> 7018f9f84b61c5801779302689a34fef5b2e9d95f52479d9ef486efda2e55c21 | B100: {=XLOOKUP(A100, Notes!A:A, Notes!B:B, "")} -> 59 | C100: =IFERROR(IMAGE(VLOOKUP(A100,DriveImages!A:C,3,FALSE),4,240,520),"") | D100: =IF($A100="","",IF(AND(N($G100)<=Params!$D$2,N($H100)<=Params!$E$2),"Peu actif",IF(AND(N($I100)>=Params!$F$4,N($E100)<=Params!$B$2,N($F100)<=Params!$C$2),"Efficace",IF(AND(N($F100)>=Params!$C$4,OR(N($I100)<=Params!$F$3,N($E100)>=Params!$B$4)),"Bloqué",IF(AND(OR(N($G100)>=Params!$D$4,N($H100)>=Params!$E$4),N($I100)<=Params!$F$3),"Persévérant",IF(AND(N($J100)>=Params!$G$4,OR(N($G100)<=Params!$D$3,N($H100)<=Params!$E$3)),"Sporadique","Intermédiaire")))))) -> Bloqué | E100: {=XLOOKUP(A100, EQ!A:A, EQ!B:B, "")} -> 0.875 | F100: {=XLOOKUP(A100, RED!A:A, RED!B:B, "")} -> 0.765625 | G100: =XLOOKUP(A100, INDIRECT("'"&G$1&"'!A:A"), INDIRECT("'"&G$1&"'!B:B"), "") -> 9 | H100: =XLOOKUP($A100, INDIRECT("'"&H$1&"'!A:A"), INDIRECT("'"&H$1&"'!B:B"), "") -> 1 | I100: =XLOOKUP($A100, INDIRECT("'"&I$1&"'!A:A"), INDIRECT("'"&I$1&"'!B:B"), "") -> 0.11111111 | J100: =XLOOKUP($A100, INDIRECT("'"&J$1&"'!A:A"), INDIRECT("'"&J$1&"'!B:B"), "") -> 0 | K100: =XLOOKUP($A100, INDIRECT("'"&K$1&"'!A:A"), INDIRECT("'"&K$1&"'!B:B"), "") -> 0.11111111 | L100: =XLOOKUP($A100, INDIRECT("'"&L$1&"'!A:A"), INDIRECT("'"&L$1&"'!B:B"), "") -> 27.716667 | M100: =XLOOKUP($A100, INDIRECT("'"&M$1&"'!A:A"), INDIRECT("'"&M$1&"'!B:B"), "") -> 4.1333333 | N100: =XLOOKUP($A100, INDIRECT("'"&N$1&"'!A:A"), INDIRECT("'"&N$1&"'!B:B"), "") -> 26.716667 | O100: =XLOOKUP($A100, INDIRECT("'"&O$1&"'!A:A"), INDIRECT("'"&O$1&"'!B:B"), "") -> 4.1333333
...

Sheet Graphes
A1: Nb_dec | B1: ='Récap'!E1 -> EQ | C1: ='Récap'!F1 -> RED | D1: ='Récap'!G1 -> Comp_Count | E1: ='Récap'!H1 -> Sess_Count | F1: ='Récap'!I1 -> Comp_FP_Ratio | G1: ='Récap'!J1 -> Frac_Long | H1: ='Récap'!K1 -> Mean_Test
A2: 1 | B2: {=IF(INDIRECT("'"&B$1&"'!B2:B")="",,ROUND(INDIRECT("'"&B$1&"'!B2:B"),$A$2))} -> 0 | C2: {=IF(INDIRECT("'"&C$1&"'!B2:B")="",,ROUND(INDIRECT("'"&C$1&"'!B2:B"),$A$2))} -> 0 | D2: {=IF(INDIRECT("'"&D$1&"'!B2:B")="",,ROUND(INDIRECT("'"&D$1&"'!B2:B"),$A$2))} -> 4 | E2: {=IF(INDIRECT("'"&E$1&"'!B2:B")="",,ROUND(INDIRECT("'"&E$1&"'!B2:B"),$A$2))} -> 1 | F2: {=IF(INDIRECT("'"&F$1&"'!B2:B")="",,ROUND(INDIRECT("'"&F$1&"'!B2:B"),$A$2))} -> 1 | G2: {=IF(INDIRECT("'"&G$1&"'!B2:B")="",,ROUND(INDIRECT("'"&G$1&"'!B2:B"),$A$2))} -> 0 | H2: {=IF(INDIRECT("'"&H$1&"'!B2:B")="",,ROUND(INDIRECT("'"&H$1&"'!B2:B"),$A$2))} -> 1
B3: 0.8 | C3: 0.6 | D3: 1 | E3: 1 | F3: 0 | G3: 0 | H3: 0
B4: 0 | C4: 0 | D4: 5 | E4: 1 | F4: 0.2 | G4: 0.1 | H4: 0.2
B5: 0.1 | C5: 0.1 | D5: 29 | E5: 4 | F5: 0.9 | G5: 0 | H5: 0.9
B6: 0 | C6: 0 | D6: 16 | E6: 1 | F6: 0.8 | G6: 0.3 | H6: 0.7
B7: 0 | C7: 0 | D7: 4 | E7: 2 | F7: 0.8 | G7: 0 | H7: 0.4
B8: 0 | C8: 0 | D8: 15 | E8: 1 | F8: 0.9 | G8: 0 | H8: 0.8
B9: 0.5 | C9: 0.4 | D9: 18 | E9: 1 | F9: 0.8 | G9: 0.1 | H9: 0.7
B10: 0.7 | C10: 0.6 | D10: 17 | E10: 2 | F10: 0.4 | G10: 0 | H10: 0.3
B11: 0.3 | C11: 0.2 | D11: 59 | E11: 2 | F11: 0.2 | G11: 0 | H11: 0.1
B12: 0.1 | C12: 0.1 | D12: 10 | E12: 1 | F12: 0.6 | G12: 0 | H12: 0.5
B13: 0.3 | C13: 0.2 | D13: 1 | E13: 1 | F13: 0 | G13: 0.3 | H13: 0
B14: 0.5 | C14: 0.5 | D14: 2 | E14: 1 | F14: 1 | G14: 0.1 | H14: 0.9
... B111: 0.8 | C111: 0.7 | D111: 24 | E111: 3 | F111: 0.6 | G111: 0 | H111: 0.4
D112: 12 | E112: 1 | F112: 0.4 | G112: 0 | H112: 0.4
D113: 14 | E113: 2 | F113: 0.2 | G113: 0 | H113: 0.2
D114: 31 | E114: 4 | F114: 0.1 | G114: 0.3 | H114: 0
D115: 9 | E115: 3 | F115: 0.6 | G115: 0.1 | H115: 0.5
D116: 12 | E116: 3 | F116: 0.9 | G116: 0.2 | H116: 0.6
D117: 2 | E117: 1 | F117: 0.5 | G117: 0 | H117: 0.4
D118: 4 | E118: 1 | F118: 0.3 | G118: 0 | H118: 0.3
D119: 3 | E119: 1 | F119: 0 | G119: 0.1 | H119: 0
D120: 19 | E120: 1 | F120: 0.8 | G120: 0.2 | H120: 0.8
D121: 6 | E121: 1 | F121: 0 | G121: 0.1 | H121: 0
D122: 33 | E122: 2 | F122: 0.7 | G122: 0 | H122: 0.6
D123: 4 | E123: 2 | F123: 0.8 | H123: 0.7
D124: 1 | E124: 1 | F124: 1 | H124: 0.8
D125: 14 | E125: 2 | F125: 0.6 | H125: 0.6
D126: 15 | E126: 4 | F126: 0 | H126: 0
D127: 29 | E127: 1 | F127: 0.3 | H127: 0.3
D128: 23 | E128: 2 | F128: 0.3 | H128: 0.3
D129: 17 | E129: 2 | F129: 0.4 | H129: 0.3
D130: 13 | E130: 3 | F130: 0.6 | H130: 0.5
D131: 11 | E131: 2 | F131: 0 | H131: 0
D132: 7 | E132: 1 | F132: 0.1 | H132: 0.1

Sheet ACP
A1: Variable | B1: PC1 | C1: PC2 | D1: PC3 | E1: PC4 | F1: PC5 | G1: PC6 | H1: PC7 | I1: PC8 | J1: PC9 | K1: PC10 | L1: PC11 | O1: SubjectID | P1: PC1 | Q1: PC2 | R1: PC3 | S1: PC4
A2: EQ | B2: -0.431646 | C2: 0.174252 | D2: 0.00148 | E2: -0.050494 | F2: -0.164903 | G2: -0.131597 | H2: 0.385515 | I2: 0.116152 | J2: 0.06393 | K2: 0.75502 | L2: 0 | O2: 351cff49ce968bd6bb542470c3004131a5042932b5f2cb0e7ea8492770b77485 | P2: -0.029882 | Q2: -1.982014 | R2: 1.210295 | S2: -2.212087
A3: RED | B3: -0.418496 | C3: 0.216821 | D3: 0.002425 | E3: -0.032074 | F3: -0.112501 | G3: -0.184111 | H3: 0.432013 | I3: 0.145511 | J3: 0.367822 | K3: -0.622222 | L3: 0 | O3: cef23c3f251969f778435219b38afa60f2e41b3927e82fa6d43de8c59f93f883 | P3: 1.151113 | Q3: 1.454242 | R3: -1.900993 | S3: -1.349655
A4: Comp_Count | B4: 0.082779 | C4: 0.444647 | D4: -0.490926 | E4: -0.053727 | F4: -0.035843 | G4: -0.129826 | H4: -0.392391 | I4: 0.61574 | J4: 0.000997 | K4: 0.017163 | L4: 0 | O4: c547e37e3c5d2add9a3cb5fdeecfbc779e0ee9d6a7dbb489c799cc94e7b9abd2 | P4: -2.248513 | Q4: -1.304011 | R4: -0.739482 | S4: -1.853006
A5: Sess_Count | B5: 0.18883 | C5: 0.407677 | D5: 0.418443 | E5: -0.111267 | F5: -0.09165 | G5: 0.713427 | H5: 0.165667 | I5: 0.255162 | J5: -0.024414 | K5: -0.011842 | L5: 0 | O5: 098d08de95d38eeec0842ad11e1e98d03c5afff456588f8ec0e9b2842aae39a3 | P5: 1.531386 | Q5: -2.084637 | R5: 1.660024 | S5: -1.81904
A6: Comp_FP_Ratio | B6: 0.434421 | C6: -0.155364 | D6: -0.034428 | E6: 0.060512 | F6: 0.222347 | G6: -0.000336 | H6: 0.108922 | I6: 0.107134 | J6: 0.819359 | K6: 0.195359 | L6: 0 | O6: b2c90b16a2864cf16993f00192cdb13ee656ac6cd53f745acd473a25224cd05d | P6: 3.702931 | Q6: 2.969059 | R6: 1.396435 | S6: -1.202351
A7: Frac_Long | B7: 0.173484 | C7: 0.11256 | D7: 0.713375 | E7: -0.080913 | F7: -0.167749 | G7: -0.572602 | H7: -0.230509 | I7: 0.179161 | J7: 0.013295 | K7: 0.018964 | L7: 0 | O7: 6a91389bf293538f8bfd1747ffc38730176f9e72e8ed7004fabc8cd25e69df6b | P7: 2.277389 | Q7: -0.960374 | R7: -0.413496 | S7: -1.143036
A8: Mean_Test | B8: 0.412434 | C8: -0.158855 | D8: -0.082383 | E8: 0.012706 | F8: 0.224807 | G8: -0.225496 | H8: 0.617598 | I8: 0.35591 | J8: -0.430922 | K8: -0.050352 | L8: 0 | O8: 93a7aef5296e288f3a39f8c1c0dcb8935c9657f5c87378408e5d1910444e7c70 | P8: 0.700981 | Q8: 2.495844 | R8: 0.499739 | S8: -1.241783
A9: First_Compile | B9: -0.086295 | C9: -0.053273 | D9: 0.098109 | E9: 0.8805 | F9: -0.088904 | G9: 0.059937 | H9: -0.032719 | I9: 0.19172 | J9: -0.022245 | K9: 0.001778 | L9: 0.393685 | O9: 76b0bf253c0d17b6f275cc641729eda42ebed851893da32c132515023ab1e4e1 | P9: 0.50463 | Q9: -1.069919 | R9: -0.139931 | S9: -1.506933
A10: Compile_Span | B10: 0.230461 | C10: 0.504486 | D10: -0.102032 | E10: -0.104626 | F10: 0.112286 | G10: -0.159216 | H10: 0.11138 | I10: -0.442293 | J10: -0.014829 | K10: 0.017728 | L10: 0.651539 | O10: 9323ada035535298a0de65f40698a45122446c861947978f1be17123ecf09a53 | P10: -3.965077 | Q10: 0.385972 | R10: 1.582412 | S10: -1.87757
A11: Last_Compile | B11: -0.179164 | C11: -0.474535 | D11: 0.042953 | E11: -0.429431 | F11: -0.058844 | G11: 0.123583 | H11: -0.092044 | I11: 0.327996 | J11: 0.028404 | K11: -0.018891 | L11: 0.648466 | O11: bd41cbdc04707f80b319802470a1871b99d36766f9d020cc0f9a569a4d1bb54b | P11: -0.567984 | Q11: -3.149106 | R11: -0.569493 | S11: -1.686598
A12: Time_To_Score1 | B12: -0.338312 | C12: 0.118924 | D12: 0.212442 | E12: 0.012105 | F12: 0.893519 | G12: 0.00393 | H12: -0.122286 | I12: 0.104318 | J12: -0.035811 | K12: 0.024794 | L12: 0 | O12: 5c075290e921279538ad0cbf9786e8855bd2c7f97a066c94d059d313cb34273b | P12: 1.84121 | Q12: 2.054863 | R12: 0.101545 | S12: -1.035701
O13: d9381190f981d16a88149206249465bb181ce58d6359562dea944f4d477363e3 | P13: -0.221382 | Q13: -2.085942 | R13: -1.03283 | S13: -1.417526
O14: 48f565383f47c6752893810686bd0c5f07fef08e34bc22a3f398d3b8c8db7c43 | P14: -0.647055 | Q14: 2.361884 | R14: -1.440333 | S14: -0.85024
O15: ca1b7797566e850c3e583a2fbda610a51d5504ca9b0d611a0a3e2770c912d52d | P15: -0.111591 | Q15: -0.862331 | R15: -0.544669 | S15: -1.35983
A16: Variable | B16: EQ | C16: RED | D16: Comp_Count | E16: Sess_Count | F16: Comp_FP_Ratio | G16: Frac_Long | H16: Mean_Test | I16: First_Compile | J16: Compile_Span | K16: Last_Compile | L16: Time_To_Score1 | O16: bee686e3fcc9f3886386d09a5bbd6f4779d852c8bb282b0b6185be70704d9207 | P16: 1.946246 | Q16: -2.237572 | R16: -1.153326 | S16: -0.798264
A17: EQ | B17: 1 | C17: 0.9846 | D17: 0.0329 | E17: -0.1759 | F17: -0.9481 | G17: -0.2731 | H17: -0.86 | I17: 0.1004 | J17: -0.2231 | K17: 0.1632 | L17: 0.6577 | O17: 950ed53de307960251af3e387e595945da87494d2d2edf58b103f58f4ccfef78 | P17: 2.301094 | Q17: -1.15956 | R17: 1.892204 | S17: -1.225014
A18: RED | B18: 0.9846 | C18: 1 | D18: 0.0865 | E18: -0.1274 | F18: -0.9236 | G18: -0.2496 | H18: -0.8426 | I18: 0.1063 | J18: -0.1511 | K18: 0.0873 | L18: 0.6711 | O18: 7ce2ef889fd3931ddf910c65e58e6b626f658d713486152c54f9f8a0e6f37375 | P18: 2.986146 | Q18: 0.942034 | R18: -0.682161 | S18: -0.548307
A19: Comp_Count | B19: 0.0329 | C19: 0.0865 | D19: 1 | E19: 0.2682 | F19: 0.0003 | G19: -0.2377 | H19: 0.0162 | I19: -0.2009 | J19: 0.7181 | K19: -0.5996 | L19: -0.1322 | O19: 109c6e9ad83923fec425f5948621a620bad8efb25d507dbead8bcfa627bc55e6 | P19: 2.107626 | Q19: -0.925317 | R19: -1.687524 | S19: -0.522484
A20: Sess_Count | B20: -0.1759 | C20: -0.1274 | D20: 0.2682 | E20: 1 | F20: 0.1795 | G20: 0.6298 | H20: 0.128 | I20: -0.1741 | J20: 0.6631 | K20: -0.5606 | L20: -0.078 | O20: e3d00c0bcfea6e4a68c5c4842d0bedac5e761cfa5be62ec60aae839f44a7f555 | P20: 2.640926 | Q20: -0.148695 | R20: 0.553482 | S20: -0.770313
A21: Comp_FP_Ratio | B21: -0.9481 | C21: -0.9236 | D21: 0.0003 | E21: 0.1795 | F21: 1 | G21: 0.2434 | H21: 0.9281 | I21: -0.0993 | J21: 0.2571 | K21: -0.198 | L21: -0.6516 | O21: 091dc109aa58c7a670f4b61bc23df548fec73c05c7582dfb7c51f3a925d3618f | P21: 3.548654 | Q21: 1.543694 | R21: -0.572005 | S21: -0.622997
A22: Frac_Long | B22: -0.2731 | C22: -0.2496 | D22: -0.2377 | E22: 0.6298 | F22: 0.2434 | G22: 1 | H22: 0.1916 | I22: -0.0656 | J22: 0.2375 | K22: -0.1988 | L22: -0.0826 | O22: 7854ad4022596904b137ebbb044e0bbbd2f590b0dac7f5a46d9991f3c049d647 | P22: -3.404155 | Q22: 2.60182 | R22: 0.926241 | S22: -1.122122
A23: Mean_Test | B23: -0.86 | C23: -0.8426 | D23: 0.0162 | E23: 0.128 | F23: 0.9281 | G23: 0.1916 | H23: 1 | I23: -0.1449 | J23: 0.2437 | K23: -0.1569 | L23: -0.6386 | O23: 95e604186e18386f749a6d26e0868477c65803267b7c4d7bf606f77b8bbe1da4 | P23: -0.099535 | Q23: 2.23189 | R23: -0.348952 | S23: -0.639835
A24: First_Compile | B24: 0.1004 | C24: 0.1063 | D24: -0.2009 | E24: -0.1741 | F24: -0.0993 | G24: -0.0656 | H24: -0.1449 | I24: 1 | J24: -0.3099 | K24: -0.2957 | L24: 0.1286 | O24: fcf731e2be9a1377e7aed9c84be49e59ff2b3595fd86235d37d58011462b8fcf | P24: -4.01079 | Q24: 1.079353 | R24: 0.718838 | S24: -1.102074
A25: Compile_Span | B25: -0.2231 | C25: -0.1511 | D25: 0.7181 | E25: 0.6631 | F25: 0.2571 | G25: 0.2375 | H25: 0.2437 | I25: -0.3099 | J25: 1 | K25: -0.8166 | L25: -0.1972 | O25: d981675479ab443031cba32f40c3dca9e031547c59346a4c0ea7c624c054d936 | P25: -1.835452 | Q25: -0.026726 | R25: -0.166718 | S25: -1.097605
A26: Last_Compile | B26: 0.1632 | C26: 0.0873 | D26: -0.5996 | E26: -0.5606 | F26: -0.198 | G26: -0.1988 | H26: -0.1569 | I26: -0.2957 | J26: -0.8166 | K26: 1 | L26: 0.1201 | O26: ad1624c5c3a02a3a3b3dcb044b912998b64ca2e7cd54abe79476f86a41a3234b | P26: 3.141278 | Q26: 0.513822 | R26: 1.565513 | S26: -0.353916
A27: Time_To_Score1 | B27: 0.6577 | C27: 0.6711 | D27: -0.1322 | E27: -0.078 | F27: -0.6516 | G27: -0.0826 | H27: -0.6386 | I27: 0.1286 | J27: -0.1972 | K27: 0.1201 | L27: 1 | O27: 8c496c831c776415f7491e6de8457bb88c62eefeff270c8e0dbec39b78b9413d | P27: 1.865396 | Q27: -0.660069 | R27: 1.019838 | S27: -0.812616
O28: 5e8589d4cd67c4b88f84e378d72875ccd07de5c9e20cc666bbf217de9d3567b4 | P28: 2.756978 | Q28: 0.594851 | R28: -0.563821 | S28: -0.24717
O29: 5d60fc4768a0d01e3d533d2d5353bdffb58877bc2971bc7053a54071fa4c2f49 | P29: 1.230347 | Q29: 1.598237 | R29: -0.564467 | S29: -0.292127
O30: 8630de5bd303be8b63ba99b787f0f5ed4422765c8917b234cb8a2af6b762ca1d | P30: -1.567259 | Q30: 1.935188 | R30: 1.460019 | S30: -0.486791
O31: 88faa9b4e525ea83f6efab60ae88469da5222f0b0f52c16c3af4e4763baa1daf | P31: 0.365509 | Q31: -2.156261 | R31: -1.101039 | S31: -0.566365
O32: fa7805c1d46ef49851de43750a665a993eef750b560159967106d3b96821759c | P32: -0.576031 | Q32: 0.303547 | R32: -0.375609 | S32: -0.41138
O33: 080e819b7f2ec7fdf5df10abc0092a6ae39db49584244ea555a9ce18c8d57c53 | P33: -2.518893 | Q33: -1.805329 | R33: -0.432883 | S33: -0.839493
O34: effa5fafd71a87510e477792561dc4c6a0d7a624d93f5ee78db77ac7c2a41d63 | P34: 1.753039 | Q34: 1.234937 | R34: -1.802715 | S34: -0.004998
O35: eefcecf5c7183df8d369a35df238dd9fd990564264dcadc7bafacbafbef888ac | P35: -4.796565 | Q35: -0.885267 | R35: 0.179311 | S35: -0.918648
O36: 23d73ca299f02110f10fe0b18902fd2ea5ad124d3a061f110083353b3899c369 | P36: 1.210777 | Q36: 0.881161 | R36: -0.046536 | S36: -0.228605
O37: 753b3dfbf00b265816877af61db67c39ee3fae2b4e0a7b8f387b5163ff85b1bc | P37: 2.691724 | Q37: 1.108066 | R37: 2.268241 | S37: -0.242646
O38: bd7739509fa70c858197ea24926c2c696b797f60240eac8fe389b1d67ce663be | P38: -3.784413 | Q38: -1.331487 | R38: 0.101952 | S38: -0.804481
O39: cf13a4b65841c7dceb8412708517c5be0cdedb328ac511655c4a95ee813d548b | P39: -1.231558 | Q39: -2.563275 | R39: -0.522477 | S39: -0.700737
... O110: 4225b96eae6636e51ed4b87746263b9e5d0e927d67326324fbf1544230fa6fb8 | P110: -0.826086 | Q110: -1.580212 | R110: 0.189385 | S110: 3.43616

Sheet ACP_Norm_Red
A1: SubjectID | B1: ='Récap'!E1 -> EQ | C1: ='Récap'!F1 -> RED | D1: ='Récap'!G1 -> Comp_Count | E1: ='Récap'!H1 -> Sess_Count | F1: ='Récap'!I1 -> Comp_FP_Ratio | G1: ='Récap'!J1 -> Frac_Long | H1: ='Récap'!K1 -> Mean_Test | I1: ='Récap'!L1 -> First_Compile | ... L1: ='Récap'!O1 -> Time_To_Score1
A2: ='Récap'!A2 -> 13b34a353ac9ea6554f0bfc998b55f394ed800dfc03b32dc37d311d2551a5749 | B2: =(XLOOKUP($A2, INDIRECT("'"&B$1&"'!A:A"), INDIRECT("'"&B$1&"'!B:B"), "")-AVERAGE(INDIRECT("'"&B$1&"'!B2:B")))/STDEV(INDIRECT("'"&B$1&"'!B2:B")) -> 0.99553989 | C2: =(XLOOKUP($A2, INDIRECT("'"&C$1&"'!A:A"), INDIRECT("'"&C$1&"'!B:B"), "")-AVERAGE(INDIRECT("'"&C$1&"'!B2:B")))/STDEV(INDIRECT("'"&C$1&"'!B2:B")) -> 1.1053762 | D2: =(XLOOKUP($A2, INDIRECT("'"&D$1&"'!A:A"), INDIRECT("'"&D$1&"'!B:B"), "")-AVERAGE(INDIRECT("'"&D$1&"'!B2:B")))/STDEV(INDIRECT("'"&D$1&"'!B2:B")) -> 4.3527428 | E2: =(XLOOKUP($A2, INDIRECT("'"&E$1&"'!A:A"), INDIRECT("'"&E$1&"'!B:B"), "")-AVERAGE(INDIRECT("'"&E$1&"'!B2:B")))/STDEV(INDIRECT("'"&E$1&"'!B2:B")) -> 0.014214414 | F2: =(XLOOKUP($A2, INDIRECT("'"&F$1&"'!A:A"), INDIRECT("'"&F$1&"'!B:B"), "")-AVERAGE(INDIRECT("'"&F$1&"'!B2:B")))/STDEV(INDIRECT("'"&F$1&"'!B2:B")) -> -1.0578297 | G2: =(XLOOKUP($A2, INDIRECT("'"&G$1&"'!A:A"), INDIRECT("'"&G$1&"'!B:B"), "")-AVERAGE(INDIRECT("'"&G$1&"'!B2:B")))/STDEV(INDIRECT("'"&G$1&"'!B2:B")) -> -0.67321472 | H2: =(XLOOKUP($A2, INDIRECT("'"&H$1&"'!A:A"), INDIRECT("'"&H$1&"'!B:B"), "")-AVERAGE(INDIRECT("'"&H$1&"'!B2:B")))/STDEV(INDIRECT("'"&H$1&"'!B2:B")) -> -0.9780988
A3: ='Récap'!A3 -> 351cff49ce968bd6bb542470c3004131a5042932b5f2cb0e7ea8492770b77485 | B3: =(XLOOKUP(A3, INDIRECT("'"&B$1&"'!A:A"), INDIRECT("'"&B$1&"'!B:B"), "")-AVERAGE(INDIRECT("'"&B$1&"'!B2:B")))/STDEV(INDIRECT("'"&B$1&"'!B2:B")) -> -0.20072219 | C3: =(XLOOKUP($A3, INDIRECT("'"&C$1&"'!A:A"), INDIRECT("'"&C$1&"'!B:B"), "")-AVERAGE(INDIRECT("'"&C$1&"'!B2:B")))/STDEV(INDIRECT("'"&C$1&"'!B2:B")) -> -0.49762262 | D3: =(XLOOKUP($A3, INDIRECT("'"&D$1&"'!A:A"), INDIRECT("'"&D$1&"'!B:B"), "")-AVERAGE(INDIRECT("'"&D$1&"'!B2:B")))/STDEV(INDIRECT("'"&D$1&"'!B2:B")) -> -0.72833024 | E3: =(XLOOKUP($A3, INDIRECT("'"&E$1&"'!A:A"), INDIRECT("'"&E$1&"'!B:B"), "")-AVERAGE(INDIRECT("'"&E$1&"'!B2:B")))/STDEV(INDIRECT("'"&E$1&"'!B2:B")) -> 0.014214414 | F3: =(XLOOKUP($A3, INDIRECT("'"&F$1&"'!A:A"), INDIRECT("'"&F$1&"'!B:B"), "")-AVERAGE(INDIRECT("'"&F$1&"'!B2:B")))/STDEV(INDIRECT("'"&F$1&"'!B2:B")) -> -0.31304293 | G3: =(XLOOKUP($A3, INDIRECT("'"&G$1&"'!A:A"), INDIRECT("'"&G$1&"'!B:B"), "")-AVERAGE(INDIRECT("'"&G$1&"'!B2:B")))/STDEV(INDIRECT("'"&G$1&"'!B2:B")) -> 1.2355535 | H3: =(XLOOKUP($A3, INDIRECT("'"&H$1&"'!A:A"), INDIRECT("'"&H$1&"'!B:B"), "")-AVERAGE(INDIRECT("'"&H$1&"'!B2:B")))/STDEV(INDIRECT("'"&H$1&"'!B2:B")) -> -0.031882357
A4: ='Récap'!A4 -> cef23c3f251969f778435219b38afa60f2e41b3927e82fa6d43de8c59f93f883 | B4: =(XLOOKUP(A4, INDIRECT("'"&B$1&"'!A:A"), INDIRECT("'"&B$1&"'!B:B"), "")-AVERAGE(INDIRECT("'"&B$1&"'!B2:B")))/STDEV(INDIRECT("'"&B$1&"'!B2:B")) -> -0.28988458 | C4: =(XLOOKUP($A4, INDIRECT("'"&C$1&"'!A:A"), INDIRECT("'"&C$1&"'!B:B"), "")-AVERAGE(INDIRECT("'"&C$1&"'!B2:B")))/STDEV(INDIRECT("'"&C$1&"'!B2:B")) -> -0.31774722 | D4: =(XLOOKUP($A4, INDIRECT("'"&D$1&"'!A:A"), INDIRECT("'"&D$1&"'!B:B"), "")-AVERAGE(INDIRECT("'"&D$1&"'!B2:B")))/STDEV(INDIRECT("'"&D$1&"'!B2:B")) -> 2.1885821 | E4: =(XLOOKUP($A4, INDIRECT("'"&E$1&"'!A:A"), INDIRECT("'"&E$1&"'!B:B"), "")-AVERAGE(INDIRECT("'"&E$1&"'!B2:B")))/STDEV(INDIRECT("'"&E$1&"'!B2:B")) -> 0.014214414 | F4: =(XLOOKUP($A4, INDIRECT("'"&F$1&"'!A:A"), INDIRECT("'"&F$1&"'!B:B"), "")-AVERAGE(INDIRECT("'"&F$1&"'!B2:B")))/STDEV(INDIRECT("'"&F$1&"'!B2:B")) -> 0.36906976 | G4: =(XLOOKUP($A4, INDIRECT("'"&G$1&"'!A:A"), INDIRECT("'"&G$1&"'!B:B"), "")-AVERAGE(INDIRECT("'"&G$1&"'!B2:B")))/STDEV(INDIRECT("'"&G$1&"'!B2:B")) -> -0.58030113 | H4: =(XLOOKUP($A4, INDIRECT("'"&H$1&"'!A:A"), INDIRECT("'"&H$1&"'!B:B"), "")-AVERAGE(INDIRECT("'"&H$1&"'!B2:B")))/STDEV(INDIRECT("'"&H$1&"'!B2:B")) -> 0.32415684
A5: ='Récap'!A5 -> c547e37e3c5d2add9a3cb5fdeecfbc779e0ee9d6a7dbb489c799cc94e7b9abd2 | B5: =(XLOOKUP(A5, INDIRECT("'"&B$1&"'!A:A"), INDIRECT("'"&B$1&"'!B:B"), "")-AVERAGE(INDIRECT("'"&B$1&"'!B2:B")))/STDEV(INDIRECT("'"&B$1&"'!B2:B")) -> 0.8246453 | C5: =(XLOOKUP($A5, INDIRECT("'"&C$1&"'!A:A"), INDIRECT("'"&C$1&"'!B:B"), "")-AVERAGE(INDIRECT("'"&C$1&"'!B2:B")))/STDEV(INDIRECT("'"&C$1&"'!B2:B")) -> 0.69754965 | D5: =(XLOOKUP($A5, INDIRECT("'"&D$1&"'!A:A"), INDIRECT("'"&D$1&"'!B:B"), "")-AVERAGE(INDIRECT("'"&D$1&"'!B2:B")))/STDEV(INDIRECT("'"&D$1&"'!B2:B")) -> -0.25786051 | E5: =(XLOOKUP($A5, INDIRECT("'"&E$1&"'!A:A"), INDIRECT("'"&E$1&"'!B:B"), "")-AVERAGE(INDIRECT("'"&E$1&"'!B2:B")))/STDEV(INDIRECT("'"&E$1&"'!B2:B")) -> -0.91682969 | F5: =(XLOOKUP($A5, INDIRECT("'"&F$1&"'!A:A"), INDIRECT("'"&F$1&"'!B:B"), "")-AVERAGE(INDIRECT("'"&F$1&"'!B2:B")))/STDEV(INDIRECT("'"&F$1&"'!B2:B")) -> -0.95925494 | G5: =(XLOOKUP($A5, INDIRECT("'"&G$1&"'!A:A"), INDIRECT("'"&G$1&"'!B:B"), "")-AVERAGE(INDIRECT("'"&G$1&"'!B2:B")))/STDEV(INDIRECT("'"&G$1&"'!B2:B")) -> -0.81460495 | H5: =(XLOOKUP($A5, INDIRECT("'"&H$1&"'!A:A"), INDIRECT("'"&H$1&"'!B:B"), "")-AVERAGE(INDIRECT("'"&H$1&"'!B2:B")))/STDEV(INDIRECT("'"&H$1&"'!B2:B")) -> -0.86205228
A6: ='Récap'!A6 -> 098d08de95d38eeec0842ad11e1e98d03c5afff456588f8ec0e9b2842aae39a3 | B6: =(XLOOKUP(A6, INDIRECT("'"&B$1&"'!A:A"), INDIRECT("'"&B$1&"'!B:B"), "")-AVERAGE(INDIRECT("'"&B$1&"'!B2:B")))/STDEV(INDIRECT("'"&B$1&"'!B2:B")) -> -1.2260897 | C6: =(XLOOKUP($A6, INDIRECT("'"&C$1&"'!A:A"), INDIRECT("'"&C$1&"'!B:B"), "")-AVERAGE(INDIRECT("'"&C$1&"'!B2:B")))/STDEV(INDIRECT("'"&C$1&"'!B2:B")) -> -1.0886419 | D6: =(XLOOKUP($A6, INDIRECT("'"&D$1&"'!A:A"), INDIRECT("'"&D$1&"'!B:B"), "")-AVERAGE(INDIRECT("'"&D$1&"'!B2:B")))/STDEV(INDIRECT("'"&D$1&"'!B2:B")) -> -0.82242418 | E6: =(XLOOKUP($A6, INDIRECT("'"&E$1&"'!A:A"), INDIRECT("'"&E$1&"'!B:B"), "")-AVERAGE(INDIRECT("'"&E$1&"'!B2:B")))/STDEV(INDIRECT("'"&E$1&"'!B2:B")) -> 0.014214414 | F6: =(XLOOKUP($A6, INDIRECT("'"&F$1&"'!A:A"), INDIRECT("'"&F$1&"'!B:B"), "")-AVERAGE(INDIRECT("'"&F$1&"'!B2:B")))/STDEV(INDIRECT("'"&F$1&"'!B2:B")) -> 0.8178281 | G6: =(XLOOKUP($A6, INDIRECT("'"&G$1&"'!A:A"), INDIRECT("'"&G$1&"'!B:B"), "")-AVERAGE(INDIRECT("'"&G$1&"'!B2:B")))/STDEV(INDIRECT("'"&G$1&"'!B2:B")) -> 1.9189396 | H6: =(XLOOKUP($A6, INDIRECT("'"&H$1&"'!A:A"), INDIRECT("'"&H$1&"'!B:B"), "")-AVERAGE(INDIRECT("'"&H$1&"'!B2:B")))/STDEV(INDIRECT("'"&H$1&"'!B2:B")) -> 0.077077458
A7: ='Récap'!A7 -> b2c90b16a2864cf16993f00192cdb13ee656ac6cd53f745acd473a25224cd05d | B7: =(XLOOKUP(A7, INDIRECT("'"&B$1&"'!A:A"), INDIRECT("'"&B$1&"'!B:B"), "")-AVERAGE(INDIRECT("'"&B$1&"'!B2:B")))/STDEV(INDIRECT("'"&B$1&"'!B2:B")) -> -0.98946641 | C7: =(XLOOKUP($A7, INDIRECT("'"&C$1&"'!A:A"), INDIRECT("'"&C$1&"'!B:B"), "")-AVERAGE(INDIRECT("'"&C$1&"'!B2:B")))/STDEV(INDIRECT("'"&C$1&"'!B2:B")) -> -0.95225283 | D7: =(XLOOKUP($A7, INDIRECT("'"&D$1&"'!A:A"), INDIRECT("'"&D$1&"'!B:B"), "")-AVERAGE(INDIRECT("'"&D$1&"'!B2:B")))/STDEV(INDIRECT("'"&D$1&"'!B2:B")) -> 0.77717289 | E7: =(XLOOKUP($A7, INDIRECT("'"&E$1&"'!A:A"), INDIRECT("'"&E$1&"'!B:B"), "")-AVERAGE(INDIRECT("'"&E$1&"'!B2:B")))/STDEV(INDIRECT("'"&E$1&"'!B2:B")) -> 3.7383908 | F7: =(XLOOKUP($A7, INDIRECT("'"&F$1&"'!A:A"), INDIRECT("'"&F$1&"'!B:B"), "")-AVERAGE(INDIRECT("'"&F$1&"'!B2:B")))/STDEV(INDIRECT("'"&F$1&"'!B2:B")) -> 0.8562931 | G7: =(XLOOKUP($A7, INDIRECT("'"&G$1&"'!A:A"), INDIRECT("'"&G$1&"'!B:B"), "")-AVERAGE(INDIRECT("'"&G$1&"'!B2:B")))/STDEV(INDIRECT("'"&G$1&"'!B2:B")) -> 1.2355535 | H7: =(XLOOKUP($A7, INDIRECT("'"&H$1&"'!A:A"), INDIRECT("'"&H$1&"'!B:B"), "")-AVERAGE(INDIRECT("'"&H$1&"'!B2:B")))/STDEV(INDIRECT("'"&H$1&"'!B2:B")) -> 0.8600563
A8: ='Récap'!A8 -> 6a91389bf293538f8bfd1747ffc38730176f9e72e8ed7004fabc8cd25e69df6b | B8: =(XLOOKUP(A8, INDIRECT("'"&B$1&"'!A:A"), INDIRECT("'"&B$1&"'!B:B"), "")-AVERAGE(INDIRECT("'"&B$1&"'!B2:B")))/STDEV(INDIRECT("'"&B$1&"'!B2:B")) -> -1.2260897 | C8: =(XLOOKUP($A8, INDIRECT("'"&C$1&"'!A:A"), INDIRECT("'"&C$1&"'!B:B"), "")-AVERAGE(INDIRECT("'"&C$1&"'!B2:B")))/STDEV(INDIRECT("'"&C$1&"'!B2:B")) -> -1.0886419 | D8: =(XLOOKUP($A8, INDIRECT("'"&D$1&"'!A:A"), INDIRECT("'"&D$1&"'!B:B"), "")-AVERAGE(INDIRECT("'"&D$1&"'!B2:B")))/STDEV(INDIRECT("'"&D$1&"'!B2:B")) -> -0.069672616 | E8: =(XLOOKUP($A8, INDIRECT("'"&E$1&"'!A:A"), INDIRECT("'"&E$1&"'!B:B"), "")-AVERAGE(INDIRECT("'"&E$1&"'!B2:B")))/STDEV(INDIRECT("'"&E$1&"'!B2:B")) -> 0.014214414 | F8: =(XLOOKUP($A8, INDIRECT("'"&F$1&"'!A:A"), INDIRECT("'"&F$1&"'!B:B"), "")-AVERAGE(INDIRECT("'"&F$1&"'!B2:B")))/STDEV(INDIRECT("'"&F$1&"'!B2:B")) -> 1.6255931 | G8: =(XLOOKUP($A8, INDIRECT("'"&G$1&"'!A:A"), INDIRECT("'"&G$1&"'!B:B"), "")-AVERAGE(INDIRECT("'"&G$1&"'!B2:B")))/STDEV(INDIRECT("'"&G$1&"'!B2:B")) -> -0.069092799 | H8: =(XLOOKUP($A8, INDIRECT("'"&H$1&"'!A:A"), INDIRECT("'"&H$1&"'!B:B"), "")-AVERAGE(INDIRECT("'"&H$1&"'!B2:B")))/STDEV(INDIRECT("'"&H$1&"'!B2:B")) -> 0.45678607
A9: ='Récap'!A9 -> 93a7aef5296e288f3a39f8c1c0dcb8935c9657f5c87378408e5d1910444e7c70 | B9: =(XLOOKUP(A9, INDIRECT("'"&B$1&"'!A:A"), INDIRECT("'"&B$1&"'!B:B"), "")-AVERAGE(INDIRECT("'"&B$1&"'!B2:B")))/STDEV(INDIRECT("'"&B$1&"'!B2:B")) -> 0.56830343 | C9: =(XLOOKUP($A9, INDIRECT("'"&C$1&"'!A:A"), INDIRECT("'"&C$1&"'!B:B"), "")-AVERAGE(INDIRECT("'"&C$1&"'!B2:B")))/STDEV(INDIRECT("'"&C$1&"'!B2:B")) -> 0.72135462 | D9: =(XLOOKUP($A9, INDIRECT("'"&D$1&"'!A:A"), INDIRECT("'"&D$1&"'!B:B"), "")-AVERAGE(INDIRECT("'"&D$1&"'!B2:B")))/STDEV(INDIRECT("'"&D$1&"'!B2:B")) -> 0.68307895 | E9: =(XLOOKUP($A9, INDIRECT("'"&E$1&"'!A:A"), INDIRECT("'"&E$1&"'!B:B"), "")-AVERAGE(INDIRECT("'"&E$1&"'!B2:B")))/STDEV(INDIRECT("'"&E$1&"'!B2:B")) -> 1.8763026 | F9: =(XLOOKUP($A9, INDIRECT("'"&F$1&"'!A:A"), INDIRECT("'"&F$1&"'!B:B"), "")-AVERAGE(INDIRECT("'"&F$1&"'!B2:B")))/STDEV(INDIRECT("'"&F$1&"'!B2:B")) -> 0.17161608 | G9: =(XLOOKUP($A9, INDIRECT("'"&G$1&"'!A:A"), INDIRECT("'"&G$1&"'!B:B"), "")-AVERAGE(INDIRECT("'"&G$1&"'!B2:B")))/STDEV(INDIRECT("'"&G$1&"'!B2:B")) -> 0.48023194 | H9: =(XLOOKUP($A9, INDIRECT("'"&H$1&"'!A:A"), INDIRECT("'"&H$1&"'!B:B"), "")-AVERAGE(INDIRECT("'"&H$1&"'!B2:B")))/STDEV(INDIRECT("'"&H$1&"'!B2:B")) -> 0.45238355
A10: ='Récap'!A10 -> 76b0bf253c0d17b6f275cc641729eda42ebed851893da32c132515023ab1e4e1 | B10: =(XLOOKUP(A10, INDIRECT("'"&B$1&"'!A:A"), INDIRECT("'"&B$1&"'!B:B"), "")-AVERAGE(INDIRECT("'"&B$1&"'!B2:B")))/STDEV(INDIRECT("'"&B$1&"'!B2:B")) -> -0.20072219 | C10: =(XLOOKUP($A10, INDIRECT("'"&C$1&"'!A:A"), INDIRECT("'"&C$1&"'!B:B"), "")-AVERAGE(INDIRECT("'"&C$1&"'!B2:B")))/STDEV(INDIRECT("'"&C$1&"'!B2:B")) -> -0.30061621 | D10: =(XLOOKUP($A10, INDIRECT("'"&D$1&"'!A:A"), INDIRECT("'"&D$1&"'!B:B"), "")-AVERAGE(INDIRECT("'"&D$1&"'!B2:B")))/STDEV(INDIRECT("'"&D$1&"'!B2:B")) -> -0.16376656 | E10: =(XLOOKUP($A10, INDIRECT("'"&E$1&"'!A:A"), INDIRECT("'"&E$1&"'!B:B"), "")-AVERAGE(INDIRECT("'"&E$1&"'!B2:B")))/STDEV(INDIRECT("'"&E$1&"'!B2:B")) -> 0.014214414 | F10: =(XLOOKUP($A10, INDIRECT("'"&F$1&"'!A:A"), INDIRECT("'"&F$1&"'!B:B"), "")-AVERAGE(INDIRECT("'"&F$1&"'!B2:B")))/STDEV(INDIRECT("'"&F$1&"'!B2:B")) -> 0.15692945 | G10: =(XLOOKUP($A10, INDIRECT("'"&G$1&"'!A:A"), INDIRECT("'"&G$1&"'!B:B"), "")-AVERAGE(INDIRECT("'"&G$1&"'!B2:B")))/STDEV(INDIRECT("'"&G$1&"'!B2:B")) -> 0.0054584162 | H10: =(XLOOKUP($A10, INDIRECT("'"&H$1&"'!A:A"), INDIRECT("'"&H$1&"'!B:B"), "")-AVERAGE(INDIRECT("'"&H$1&"'!B2:B")))/STDEV(INDIRECT("'"&H$1&"'!B2:B")) -> 0.455135
A11: ='Récap'!A11 -> 9323ada035535298a0de65f40698a45122446c861947978f1be17123ecf09a53 | B11: =(XLOOKUP(A11, INDIRECT("'"&B$1&"'!A:A"), INDIRECT("'"&B$1&"'!B:B"), "")-AVERAGE(INDIRECT("'"&B$1&"'!B2:B")))/STDEV(INDIRECT("'"&B$1&"'!B2:B")) -> 1.8500128 | C11: =(XLOOKUP($A11, INDIRECT("'"&C$1&"'!A:A"), INDIRECT("'"&C$1&"'!B:B"), "")-AVERAGE(INDIRECT("'"&C$1&"'!B2:B")))/STDEV(INDIRECT("'"&C$1&"'!B2:B")) -> 1.8664544 | D11: =(XLOOKUP($A11, INDIRECT("'"&D$1&"'!A:A"), INDIRECT("'"&D$1&"'!B:B"), "")-AVERAGE(INDIRECT("'"&D$1&"'!B2:B")))/STDEV(INDIRECT("'"&D$1&"'!B2:B")) -> -0.63423629 | E11: =(XLOOKUP($A11, INDIRECT("'"&E$1&"'!A:A"), INDIRECT("'"&E$1&"'!B:B"), "")-AVERAGE(INDIRECT("'"&E$1&"'!B2:B")))/STDEV(INDIRECT("'"&E$1&"'!B2:B")) -> 0.014214414 | F11: =(XLOOKUP($A11, INDIRECT("'"&F$1&"'!A:A"), INDIRECT("'"&F$1&"'!B:B"), "")-AVERAGE(INDIRECT("'"&F$1&"'!B2:B")))/STDEV(INDIRECT("'"&F$1&"'!B2:B")) -> -1.605467 | G11: =(XLOOKUP($A11, INDIRECT("'"&G$1&"'!A:A"), INDIRECT("'"&G$1&"'!B:B"), "")-AVERAGE(INDIRECT("'"&G$1&"'!B2:B")))/STDEV(INDIRECT("'"&G$1&"'!B2:B")) -> 0.82552178 | H11: =(XLOOKUP($A11, INDIRECT("'"&H$1&"'!A:A"), INDIRECT("'"&H$1&"'!B:B"), "")-AVERAGE(INDIRECT("'"&H$1&"'!B2:B")))/STDEV(INDIRECT("'"&H$1&"'!B2:B")) -> -1.4846799
A12: ='Récap'!A12 -> bd41cbdc04707f80b319802470a1871b99d36766f9d020cc0f9a569a4d1bb54b | B12: =(XLOOKUP(A12, INDIRECT("'"&B$1&"'!A:A"), INDIRECT("'"&B$1&"'!B:B"), "")-AVERAGE(INDIRECT("'"&B$1&"'!B2:B")))/STDEV(INDIRECT("'"&B$1&"'!B2:B")) -> -0.20072219 | C12: =(XLOOKUP($A12, INDIRECT("'"&C$1&"'!A:A"), INDIRECT("'"&C$1&"'!B:B"), "")-AVERAGE(INDIRECT("'"&C$1&"'!B2:B")))/STDEV(INDIRECT("'"&C$1&"'!B2:B")) -> -0.49762262 | D12: =(XLOOKUP($A12, INDIRECT("'"&D$1&"'!A:A"), INDIRECT("'"&D$1&"'!B:B"), "")-AVERAGE(INDIRECT("'"&D$1&"'!B2:B")))/STDEV(INDIRECT("'"&D$1&"'!B2:B")) -> -0.82242418 | E12: =(XLOOKUP($A12, INDIRECT("'"&E$1&"'!A:A"), INDIRECT("'"&E$1&"'!B:B"), "")-AVERAGE(INDIRECT("'"&E$1&"'!B2:B")))/STDEV(INDIRECT("'"&E$1&"'!B2:B")) -> -0.91682969 | F12: =(XLOOKUP($A12, INDIRECT("'"&F$1&"'!A:A"), INDIRECT("'"&F$1&"'!B:B"), "")-AVERAGE(INDIRECT("'"&F$1&"'!B2:B")))/STDEV(INDIRECT("'"&F$1&"'!B2:B")) -> 0.01006308 | G12: =(XLOOKUP($A12, INDIRECT("'"&G$1&"'!A:A"), INDIRECT("'"&G$1&"'!B:B"), "")-AVERAGE(INDIRECT("'"&G$1&"'!B2:B")))/STDEV(INDIRECT("'"&G$1&"'!B2:B")) -> -0.81460495 | H12: =(XLOOKUP($A12, INDIRECT("'"&H$1&"'!A:A"), INDIRECT("'"&H$1&"'!B:B"), "")-AVERAGE(INDIRECT("'"&H$1&"'!B2:B")))/STDEV(INDIRECT("'"&H$1&"'!B2:B")) -> 0.12177913
A13: ='Récap'!A13 -> 5c075290e921279538ad0cbf9786e8855bd2c7f97a066c94d059d313cb34273b | B13: =(XLOOKUP(A13, INDIRECT("'"&B$1&"'!A:A"), INDIRECT("'"&B$1&"'!B:B"), "")-AVERAGE(INDIRECT("'"&B$1&"'!B2:B")))/STDEV(INDIRECT("'"&B$1&"'!B2:B")) -> -0.64932047 | C13: =(XLOOKUP($A13, INDIRECT("'"&C$1&"'!A:A"), INDIRECT("'"&C$1&"'!B:B"), "")-AVERAGE(INDIRECT("'"&C$1&"'!B2:B")))/STDEV(INDIRECT("'"&C$1&"'!B2:B")) -> -0.58996939 | D13: =(XLOOKUP($A13, INDIRECT("'"&D$1&"'!A:A"), INDIRECT("'"&D$1&"'!B:B"), "")-AVERAGE(INDIRECT("'"&D$1&"'!B2:B")))/STDEV(INDIRECT("'"&D$1&"'!B2:B")) -> 0.96536079 | E13: =(XLOOKUP($A13, INDIRECT("'"&E$1&"'!A:A"), INDIRECT("'"&E$1&"'!B:B"), "")-AVERAGE(INDIRECT("'"&E$1&"'!B2:B")))/STDEV(INDIRECT("'"&E$1&"'!B2:B")) -> 1.8763026 | F13: =(XLOOKUP($A13, INDIRECT("'"&F$1&"'!A:A"), INDIRECT("'"&F$1&"'!B:B"), "")-AVERAGE(INDIRECT("'"&F$1&"'!B2:B")))/STDEV(INDIRECT("'"&F$1&"'!B2:B")) -> 0.22078439 | G13: =(XLOOKUP($A13, INDIRECT("'"&G$1&"'!A:A"), INDIRECT("'"&G$1&"'!B:B"), "")-AVERAGE(INDIRECT("'"&G$1&"'!B2:B")))/STDEV(INDIRECT("'"&G$1&"'!B2:B")) -> 0.30366328 | H13: =(XLOOKUP($A13, INDIRECT("'"&H$1&"'!A:A"), INDIRECT("'"&H$1&"'!B:B"), "")-AVERAGE(INDIRECT("'"&H$1&"'!B2:B")))/STDEV(INDIRECT("'"&H$1&"'!B2:B")) -> -0.013054246
A14: ='Récap'!A14 -> d9381190f981d16a88149206249465bb181ce58d6359562dea944f4d477363e3 | B14: =(XLOOKUP(A14, INDIRECT("'"&B$1&"'!A:A"), INDIRECT("'"&B$1&"'!B:B"), "")-AVERAGE(INDIRECT("'"&B$1&"'!B2:B")))/STDEV(INDIRECT("'"&B$1&"'!B2:B")) -> -0.45706406 | C14: =(XLOOKUP($A14, INDIRECT("'"&C$1&"'!A:A"), INDIRECT("'"&C$1&"'!B:B"), "")-AVERAGE(INDIRECT("'"&C$1&"'!B2:B")))/STDEV(INDIRECT("'"&C$1&"'!B2:B")) -> -0.64537744 | D14: =(XLOOKUP($A14, INDIRECT("'"&D$1&"'!A:A"), INDIRECT("'"&D$1&"'!B:B"), "")-AVERAGE(INDIRECT("'"&D$1&"'!B2:B")))/STDEV(INDIRECT("'"&D$1&"'!B2:B")) -> -0.069672616 | E14: =(XLOOKUP($A14, INDIRECT("'"&E$1&"'!A:A"), INDIRECT("'"&E$1&"'!B:B"), "")-AVERAGE(INDIRECT("'"&E$1&"'!B2:B")))/STDEV(INDIRECT("'"&E$1&"'!B2:B")) -> -0.91682969 | F14: =(XLOOKUP($A14, INDIRECT("'"&F$1&"'!A:A"), INDIRECT("'"&F$1&"'!B:B"), "")-AVERAGE(INDIRECT("'"&F$1&"'!B2:B")))/STDEV(INDIRECT("'"&F$1&"'!B2:B")) -> -0.25919193 | G14: =(XLOOKUP($A14, INDIRECT("'"&G$1&"'!A:A"), INDIRECT("'"&G$1&"'!B:B"), "")-AVERAGE(INDIRECT("'"&G$1&"'!B2:B")))/STDEV(INDIRECT("'"&G$1&"'!B2:B")) -> -0.81460495 | H14: =(XLOOKUP($A14, INDIRECT("'"&H$1&"'!A:A"), INDIRECT("'"&H$1&"'!B:B"), "")-AVERAGE(INDIRECT("'"&H$1&"'!B2:B")))/STDEV(INDIRECT("'"&H$1&"'!B2:B")) -> -0.019775723
... A111: ='Récap'!A111 -> 4225b96eae6636e51ed4b87746263b9e5d0e927d67326324fbf1544230fa6fb8 | B111: =(XLOOKUP(A111, INDIRECT("'"&B$1&"'!A:A"), INDIRECT("'"&B$1&"'!B:B"), "")-AVERAGE(INDIRECT("'"&B$1&"'!B2:B")))/STDEV(INDIRECT("'"&B$1&"'!B2:B")) -> -0.61086919 | C111: =(XLOOKUP($A111, INDIRECT("'"&C$1&"'!A:A"), INDIRECT("'"&C$1&"'!B:B"), "")-AVERAGE(INDIRECT("'"&C$1&"'!B2:B")))/STDEV(INDIRECT("'"&C$1&"'!B2:B")) -> -0.73403033 | D111: =(XLOOKUP($A111, INDIRECT("'"&D$1&"'!A:A"), INDIRECT("'"&D$1&"'!B:B"), "")-AVERAGE(INDIRECT("'"&D$1&"'!B2:B")))/STDEV(INDIRECT("'"&D$1&"'!B2:B")) -> -0.63423629 | E111: =(XLOOKUP($A111, INDIRECT("'"&E$1&"'!A:A"), INDIRECT("'"&E$1&"'!B:B"), "")-AVERAGE(INDIRECT("'"&E$1&"'!B2:B")))/STDEV(INDIRECT("'"&E$1&"'!B2:B")) -> -0.91682969 | F111: =(XLOOKUP($A111, INDIRECT("'"&F$1&"'!A:A"), INDIRECT("'"&F$1&"'!B:B"), "")-AVERAGE(INDIRECT("'"&F$1&"'!B2:B")))/STDEV(INDIRECT("'"&F$1&"'!B2:B")) -> 0.54857309 | G111: =(XLOOKUP($A111, INDIRECT("'"&G$1&"'!A:A"), INDIRECT("'"&G$1&"'!B:B"), "")-AVERAGE(INDIRECT("'"&G$1&"'!B2:B")))/STDEV(INDIRECT("'"&G$1&"'!B2:B")) -> -0.81460495 | H111: =(XLOOKUP($A111, INDIRECT("'"&H$1&"'!A:A"), INDIRECT("'"&H$1&"'!B:B"), "")-AVERAGE(INDIRECT("'"&H$1&"'!B2:B")))/STDEV(INDIRECT("'"&H$1&"'!B2:B")) -> -0.081408843
A112: ='Récap'!A112
A113: ='Récap'!A113
A114: ='Récap'!A114

Sheet ACP_Mat_Correl
B1: ='Récap'!E1 -> EQ | C1: ='Récap'!F1 -> RED | D1: ='Récap'!G1 -> Comp_Count | E1: ='Récap'!H1 -> Sess_Count | F1: ='Récap'!I1 -> Comp_FP_Ratio | G1: ='Récap'!J1 -> Frac_Long | H1: ='Récap'!K1 -> Mean_Test | I1: ='Récap'!L1 -> First_Compile | ... K1: ='Récap'!N1 -> Last_Compile
A2: ='Récap'!E$1 -> EQ | B2: =CORREL(ACP_Norm_Red!$B$2:$B1000,ACP_Norm_Red!B$2:B1000) -> 1 | C2: =CORREL(ACP_Norm_Red!$B$2:$B1000,ACP_Norm_Red!C2:C1000) -> 0.98462377 | D2: =CORREL(ACP_Norm_Red!$B$2:$B1000,ACP_Norm_Red!D2:D1000) -> 0.032925771 | E2: =CORREL(ACP_Norm_Red!$B$2:$B1000,ACP_Norm_Red!E2:E1000) -> -0.1758801 | F2: =CORREL(ACP_Norm_Red!$B$2:$B1000,ACP_Norm_Red!F2:F1000) -> -0.94814562 | G2: =CORREL(ACP_Norm_Red!$B$2:$B1000,ACP_Norm_Red!G2:G1000) -> -0.27314743 | H2: =CORREL(ACP_Norm_Red!$B$2:$B1000,ACP_Norm_Red!H2:H1000) -> -0.85996838
A3: ='Récap'!F$1 -> RED | B3: =CORREL(ACP_Norm_Red!$C$2:$C1000,ACP_Norm_Red!B$2:B1000) -> 0.98462377 | C3: =CORREL(ACP_Norm_Red!$C$2:$C1000,ACP_Norm_Red!C$2:C1000) -> 1 | D3: =CORREL(ACP_Norm_Red!$C$2:$C1000,ACP_Norm_Red!D$2:D1000) -> 0.086537533 | E3: =CORREL(ACP_Norm_Red!$C$2:$C1000,ACP_Norm_Red!E$2:E1000) -> -0.12735943 | F3: =CORREL(ACP_Norm_Red!$C$2:$C1000,ACP_Norm_Red!F$2:F1000) -> -0.92359714 | G3: =CORREL(ACP_Norm_Red!$C$2:$C1000,ACP_Norm_Red!G$2:G1000) -> -0.24956346 | H3: =CORREL(ACP_Norm_Red!$C$2:$C1000,ACP_Norm_Red!H$2:H1000) -> -0.84255032
A4: ='Récap'!G$1 -> Comp_Count | B4: =CORREL(ACP_Norm_Red!$D$2:$D1000,ACP_Norm_Red!B$2:B1000) -> 0.032925771 | C4: =CORREL(ACP_Norm_Red!$D$2:$D1000,ACP_Norm_Red!C$2:C1000) -> 0.086537533 | D4: =CORREL(ACP_Norm_Red!$D$2:$D1000,ACP_Norm_Red!D$2:D1000) -> 1 | E4: =CORREL(ACP_Norm_Red!$D$2:$D1000,ACP_Norm_Red!E$2:E1000) -> 0.26815036 | F4: =CORREL(ACP_Norm_Red!$D$2:$D1000,ACP_Norm_Red!F$2:F1000) -> 0.00034381596 | G4: =CORREL(ACP_Norm_Red!$D$2:$D1000,ACP_Norm_Red!G$2:G1000) -> -0.23774167 | H4: =CORREL(ACP_Norm_Red!$D$2:$D1000,ACP_Norm_Red!H$2:H1000) -> 0.016218931
A5: ='Récap'!H$1 -> Sess_Count | B5: =CORREL(ACP_Norm_Red!$E$2:$E1000,ACP_Norm_Red!B$2:B1000) -> -0.1758801 | C5: =CORREL(ACP_Norm_Red!$E$2:$E1000,ACP_Norm_Red!C$2:C1000) -> -0.12735943 | D5: =CORREL(ACP_Norm_Red!$E$2:$E1000,ACP_Norm_Red!D$2:D1000) -> 0.26815036 | E5: =CORREL(ACP_Norm_Red!$E$2:$E1000,ACP_Norm_Red!E$2:E1000) -> 1 | F5: =CORREL(ACP_Norm_Red!$E$2:$E1000,ACP_Norm_Red!F$2:F1000) -> 0.17951501 | G5: =CORREL(ACP_Norm_Red!$E$2:$E1000,ACP_Norm_Red!G$2:G1000) -> 0.62982273 | H5: =CORREL(ACP_Norm_Red!$E$2:$E1000,ACP_Norm_Red!H$2:H1000) -> 0.12797798
A6: ='Récap'!I$1 -> Comp_FP_Ratio | B6: =CORREL(ACP_Norm_Red!$F$2:$F1000,ACP_Norm_Red!B$2:B1000) -> -0.94814562 | C6: =CORREL(ACP_Norm_Red!$F$2:$F1000,ACP_Norm_Red!C$2:C1000) -> -0.92359714 | D6: =CORREL(ACP_Norm_Red!$F$2:$F1000,ACP_Norm_Red!D$2:D1000) -> 0.00034381596 | E6: =CORREL(ACP_Norm_Red!$F$2:$F1000,ACP_Norm_Red!E$2:E1000) -> 0.17951501 | F6: =CORREL(ACP_Norm_Red!$F$2:$F1000,ACP_Norm_Red!F$2:F1000) -> 1 | G6: =CORREL(ACP_Norm_Red!$F$2:$F1000,ACP_Norm_Red!G$2:G1000) -> 0.24343022 | H6: =CORREL(ACP_Norm_Red!$F$2:$F1000,ACP_Norm_Red!H$2:H1000) -> 0.92809166
A7: ='Récap'!J$1 -> Frac_Long | B7: =CORREL(ACP_Norm_Red!$G$2:$G1000,ACP_Norm_Red!B$2:B1000) -> -0.27314743 | C7: =CORREL(ACP_Norm_Red!$G$2:$G1000,ACP_Norm_Red!C$2:C1000) -> -0.24956346 | D7: =CORREL(ACP_Norm_Red!$G$2:$G1000,ACP_Norm_Red!D$2:D1000) -> -0.23774167 | E7: =CORREL(ACP_Norm_Red!$G$2:$G1000,ACP_Norm_Red!E$2:E1000) -> 0.62982273 | F7: =CORREL(ACP_Norm_Red!$G$2:$G1000,ACP_Norm_Red!F$2:F1000) -> 0.24343022 | G7: =CORREL(ACP_Norm_Red!$G$2:$G1000,ACP_Norm_Red!G$2:G1000) -> 1 | H7: =CORREL(ACP_Norm_Red!$G$2:$G1000,ACP_Norm_Red!H$2:H1000) -> 0.19162981
A8: ='Récap'!K1 -> Mean_Test | B8: =CORREL(ACP_Norm_Red!$H$2:$H1000,ACP_Norm_Red!B$2:B1000) -> -0.85996838 | C8: =CORREL(ACP_Norm_Red!$H$2:$H1000,ACP_Norm_Red!C$2:C1000) -> -0.84255032 | D8: =CORREL(ACP_Norm_Red!$H$2:$H1000,ACP_Norm_Red!D$2:D1000) -> 0.016218931 | E8: =CORREL(ACP_Norm_Red!$H$2:$H1000,ACP_Norm_Red!E$2:E1000) -> 0.12797798 | F8: =CORREL(ACP_Norm_Red!$H$2:$H1000,ACP_Norm_Red!F$2:F1000) -> 0.92809166 | G8: =CORREL(ACP_Norm_Red!$H$2:$H1000,ACP_Norm_Red!G$2:G1000) -> 0.19162981 | H8: =CORREL(ACP_Norm_Red!$H$2:$H1000,ACP_Norm_Red!H$2:H1000) -> 1

Sheet ACP_Results
L1: SubjectID | M1: PC1 | N1: PC2 | O1: PC3 | R1: Haut PC1 | S1: Haut PC2
A2: POIDS | B2: PC1 | C2: PC2 | D2: PC3 | E2: PC4 | F2: PC5 | G2: PC6 | H2: PC7 | L2: ='Récap'!A22 -> 091dc109aa58c7a670f4b61bc23df548fec73c05c7582dfb7c51f3a925d3618f | M2: {=(XLOOKUP(L2, ACP_Norm_Red!A:A, ACP_Norm_Red!B:B, "")*$B$3) + (XLOOKUP(L2, ACP_Norm_Red!A:A, ACP_Norm_Red!C:C, "")*$B$4) + (XLOOKUP(L2, ACP_Norm_Red!A:A, ACP_Norm_Red!D:D, "")*$B$5) + (XLOOKUP(L2, ACP_Norm_Red!A:A, ACP_Norm_Red!E:E, "")*$B$6) + (XLOOKUP(L2, ACP_Norm_Red!A:A, ACP_Norm_Red!F:F, "")*$B$7) + (XLOOKUP(L2, ACP_Norm_Red!A:A, ACP_Norm_Red!G:G, "")*$B$8) + (XLOOKUP(L2, ACP_Norm_Red!A:A, ACP_Norm_Red!H:H, "")*$B$9)} -> 2.7014278 | N2: {=(XLOOKUP(L2, ACP_Norm_Red!A:A, ACP_Norm_Red!B:B, "")*$C$3) + (XLOOKUP(L2, ACP_Norm_Red!A:A, ACP_Norm_Red!C:C, "")*$C$4) + (XLOOKUP(L2, ACP_Norm_Red!A:A, ACP_Norm_Red!D:D, "")*$C$5) + (XLOOKUP(L2, ACP_Norm_Red!A:A, ACP_Norm_Red!E:E, "")*$C$6) + (XLOOKUP(L2, ACP_Norm_Red!A:A, ACP_Norm_Red!F:F, "")*$C$7) + (XLOOKUP(L2, ACP_Norm_Red!A:A, ACP_Norm_Red!G:G, "")*$C$8) + (XLOOKUP(L2, ACP_Norm_Red!A:A, ACP_Norm_Red!H:H, "")*$C$9)} -> 0.96109801 | O2: {=(XLOOKUP(L2, ACP_Norm_Red!A:A, ACP_Norm_Red!B:B, "")*$D$3) + (XLOOKUP(L2, ACP_Norm_Red!A:A, ACP_Norm_Red!C:C, "")*$D$4) + (XLOOKUP(L2, ACP_Norm_Red!A:A, ACP_Norm_Red!D:D, "")*$D$5) + (XLOOKUP(L2, ACP_Norm_Red!A:A, ACP_Norm_Red!E:E, "")*$D$6) + (XLOOKUP(L2, ACP_Norm_Red!A:A, ACP_Norm_Red!F:F, "")*$D$7) + (XLOOKUP(L2, ACP_Norm_Red!A:A, ACP_Norm_Red!G:G, "")*$D$8) + (XLOOKUP(L2, ACP_Norm_Red!A:A, ACP_Norm_Red!H:H, "")*$D$9)} -> -1.9426151 | R2: 69ea8e8a316c3f982db0286a71ca33c251b858994e27bb848e628967df9d15f9 | S2: b2c90b16a2864cf16993f00192cdb13ee656ac6cd53f745acd473a25224cd05d
A3: EQ | B3: -0.49406 | C3: 0.094458 | D3: 0.014908 | E3: -0.03481 | F3: -0.40434 | G3: 0.029071 | H3: 0.762374 | L3: ='Récap'!A3 -> 351cff49ce968bd6bb542470c3004131a5042932b5f2cb0e7ea8492770b77485 | M3: {=(XLOOKUP(L3, ACP_Norm_Red!A:A, ACP_Norm_Red!B:B, "")*$B$3) + (XLOOKUP(L3, ACP_Norm_Red!A:A, ACP_Norm_Red!C:C, "")*$B$4) + (XLOOKUP(L3, ACP_Norm_Red!A:A, ACP_Norm_Red!D:D, "")*$B$5) + (XLOOKUP(L3, ACP_Norm_Red!A:A, ACP_Norm_Red!E:E, "")*$B$6) + (XLOOKUP(L3, ACP_Norm_Red!A:A, ACP_Norm_Red!F:F, "")*$B$7) + (XLOOKUP(L3, ACP_Norm_Red!A:A, ACP_Norm_Red!G:G, "")*$B$8) + (XLOOKUP(L3, ACP_Norm_Red!A:A, ACP_Norm_Red!H:H, "")*$B$9)} -> 0.42860845 | N3: {=(XLOOKUP(L3, ACP_Norm_Red!A:A, ACP_Norm_Red!B:B, "")*$C$3) + (XLOOKUP(L3, ACP_Norm_Red!A:A, ACP_Norm_Red!C:C, "")*$C$4) + (XLOOKUP(L3, ACP_Norm_Red!A:A, ACP_Norm_Red!D:D, "")*$C$5) + (XLOOKUP(L3, ACP_Norm_Red!A:A, ACP_Norm_Red!E:E, "")*$C$6) + (XLOOKUP(L3, ACP_Norm_Red!A:A, ACP_Norm_Red!F:F, "")*$C$7) + (XLOOKUP(L3, ACP_Norm_Red!A:A, ACP_Norm_Red!G:G, "")*$C$8) + (XLOOKUP(L3, ACP_Norm_Red!A:A, ACP_Norm_Red!H:H, "")*$C$9)} -> 0.67601026 | O3: {=(XLOOKUP(L3, ACP_Norm_Red!A:A, ACP_Norm_Red!B:B, "")*$D$3) + (XLOOKUP(L3, ACP_Norm_Red!A:A, ACP_Norm_Red!C:C, "")*$D$4) + (XLOOKUP(L3, ACP_Norm_Red!A:A, ACP_Norm_Red!D:D, "")*$D$5) + (XLOOKUP(L3, ACP_Norm_Red!A:A, ACP_Norm_Red!E:E, "")*$D$6) + (XLOOKUP(L3, ACP_Norm_Red!A:A, ACP_Norm_Red!F:F, "")*$D$7) + (XLOOKUP(L3, ACP_Norm_Red!A:A, ACP_Norm_Red!G:G, "")*$D$8) + (XLOOKUP(L3, ACP_Norm_Red!A:A, ACP_Norm_Red!H:H, "")*$D$9)} -> 1.1360572 | R3: 3d85bc081b5cbae4e23792cd67c1c0fd9af811e86418a20d777c3fbe812ba910 | S3: 69ea8e8a316c3f982db0286a71ca33c251b858994e27bb848e628967df9d15f9
A4: RED | B4: -0.48613 | C4: 0.128786 | D4: -0.03111 | E4: -0.06877 | F4: -0.48147 | G4: 0.381398 | H4: -0.60342 | L4: ='Récap'!A18 -> 950ed53de307960251af3e387e595945da87494d2d2edf58b103f58f4ccfef78 | M4: {=(XLOOKUP(L4, ACP_Norm_Red!A:A, ACP_Norm_Red!B:B, "")*$B$3) + (XLOOKUP(L4, ACP_Norm_Red!A:A, ACP_Norm_Red!C:C, "")*$B$4) + (XLOOKUP(L4, ACP_Norm_Red!A:A, ACP_Norm_Red!D:D, "")*$B$5) + (XLOOKUP(L4, ACP_Norm_Red!A:A, ACP_Norm_Red!E:E, "")*$B$6) + (XLOOKUP(L4, ACP_Norm_Red!A:A, ACP_Norm_Red!F:F, "")*$B$7) + (XLOOKUP(L4, ACP_Norm_Red!A:A, ACP_Norm_Red!G:G, "")*$B$8) + (XLOOKUP(L4, ACP_Norm_Red!A:A, ACP_Norm_Red!H:H, "")*$B$9)} -> 2.642159 | N4: {=(XLOOKUP(L4, ACP_Norm_Red!A:A, ACP_Norm_Red!B:B, "")*$C$3) + (XLOOKUP(L4, ACP_Norm_Red!A:A, ACP_Norm_Red!C:C, "")*$C$4) + (XLOOKUP(L4, ACP_Norm_Red!A:A, ACP_Norm_Red!D:D, "")*$C$5) + (XLOOKUP(L4, ACP_Norm_Red!A:A, ACP_Norm_Red!E:E, "")*$C$6) + (XLOOKUP(L4, ACP_Norm_Red!A:A, ACP_Norm_Red!F:F, "")*$C$7) + (XLOOKUP(L4, ACP_Norm_Red!A:A, ACP_Norm_Red!G:G, "")*$C$8) + (XLOOKUP(L4, ACP_Norm_Red!A:A, ACP_Norm_Red!H:H, "")*$C$9)} -> 1.3517283 | O4: {=(XLOOKUP(L4, ACP_Norm_Red!A:A, ACP_Norm_Red!B:B, "")*$D$3) + (XLOOKUP(L4, ACP_Norm_Red!A:A, ACP_Norm_Red!C:C, "")*$D$4) + (XLOOKUP(L4, ACP_Norm_Red!A:A, ACP_Norm_Red!D:D, "")*$D$5) + (XLOOKUP(L4, ACP_Norm_Red!A:A, ACP_Norm_Red!E:E, "")*$D$6) + (XLOOKUP(L4, ACP_Norm_Red!A:A, ACP_Norm_Red!F:F, "")*$D$7) + (XLOOKUP(L4, ACP_Norm_Red!A:A, ACP_Norm_Red!G:G, "")*$D$8) + (XLOOKUP(L4, ACP_Norm_Red!A:A, ACP_Norm_Red!H:H, "")*$D$9)} -> 0.86333278 | R4: 091dc109aa58c7a670f4b61bc23df548fec73c05c7582dfb7c51f3a925d3618f | S4: 22d436278c2d2678362e2b3102b5bfa9227eecad30f599801b730e0cc7acd1c6
A5: Comp_Count | B5: -0.0202 | C5: 0.1078 | D5: -0.90256 | E5: -0.39937 | F5: 0.112154 | G5: -0.01402 | H5: 0.032985 | L5: ='Récap'!A106 -> 78cb6709ef3e4aa9ec5148bce49e841e9a6257b64dff512fdffde18f1e1fcd14 | M5: {=(XLOOKUP(L5, ACP_Norm_Red!A:A, ACP_Norm_Red!B:B, "")*$B$3) + (XLOOKUP(L5, ACP_Norm_Red!A:A, ACP_Norm_Red!C:C, "")*$B$4) + (XLOOKUP(L5, ACP_Norm_Red!A:A, ACP_Norm_Red!D:D, "")*$B$5) + (XLOOKUP(L5, ACP_Norm_Red!A:A, ACP_Norm_Red!E:E, "")*$B$6) + (XLOOKUP(L5, ACP_Norm_Red!A:A, ACP_Norm_Red!F:F, "")*$B$7) + (XLOOKUP(L5, ACP_Norm_Red!A:A, ACP_Norm_Red!G:G, "")*$B$8) + (XLOOKUP(L5, ACP_Norm_Red!A:A, ACP_Norm_Red!H:H, "")*$B$9)} -> -2.3536476 | N5: {=(XLOOKUP(L5, ACP_Norm_Red!A:A, ACP_Norm_Red!B:B, "")*$C$3) + (XLOOKUP(L5, ACP_Norm_Red!A:A, ACP_Norm_Red!C:C, "")*$C$4) + (XLOOKUP(L5, ACP_Norm_Red!A:A, ACP_Norm_Red!D:D, "")*$C$5) + (XLOOKUP(L5, ACP_Norm_Red!A:A, ACP_Norm_Red!E:E, "")*$C$6) + (XLOOKUP(L5, ACP_Norm_Red!A:A, ACP_Norm_Red!F:F, "")*$C$7) + (XLOOKUP(L5, ACP_Norm_Red!A:A, ACP_Norm_Red!G:G, "")*$C$8) + (XLOOKUP(L5, ACP_Norm_Red!A:A, ACP_Norm_Red!H:H, "")*$C$9)} -> -0.67835239 | O5: {=(XLOOKUP(L5, ACP_Norm_Red!A:A, ACP_Norm_Red!B:B, "")*$D$3) + (XLOOKUP(L5, ACP_Norm_Red!A:A, ACP_Norm_Red!C:C, "")*$D$4) + (XLOOKUP(L5, ACP_Norm_Red!A:A, ACP_Norm_Red!D:D, "")*$D$5) + (XLOOKUP(L5, ACP_Norm_Red!A:A, ACP_Norm_Red!E:E, "")*$D$6) + (XLOOKUP(L5, ACP_Norm_Red!A:A, ACP_Norm_Red!F:F, "")*$D$7) + (XLOOKUP(L5, ACP_Norm_Red!A:A, ACP_Norm_Red!G:G, "")*$D$8) + (XLOOKUP(L5, ACP_Norm_Red!A:A, ACP_Norm_Red!H:H, "")*$D$9)} -> -0.12100211 | R5: 275839578ec60b5084d5e18fccb01310e9f1b78293cad00bec043945e0f3e629 | S5: f837bce807410ac6f8b52fcee81a1ffaa2d7f77755861f2e6f2b482bff0f6fe9
